country,year,iso_code,population,gdp,fossil_share_energy,coal_share_energy,renewables_share_energy,low_carbon_share_energy,energy_per_capita,energy_per_gdp,co2,co2_per_capita,coal_co2,gas_co2,oil_co2,share_global_co2,temperature_change_from_co2
Algeria,1990,DZA,25375815.0,117843179781.0,99.881,2.433,0.119,0.119,12412.359,2.673,75.892,2.991,2.942,38.908,23.204,0.334,0.001
Algeria,1991,DZA,25987937.0,121105141795.0,99.739,2.534,0.261,0.261,12009.229,2.577,77.976,3.0,2.689,38.428,26.066,0.336,0.001
Algeria,1992,DZA,26628570.0,127982696018.0,99.827,2.935,0.173,0.173,12025.688,2.502,79.284,2.977,2.378,31.932,28.678,0.352,0.001
Algeria,1993,DZA,27277042.0,130275774703.0,99.671,2.569,0.329,0.329,10924.754,2.287,81.306,2.981,1.924,36.098,27.993,0.357,0.001
Algeria,1994,DZA,27887277.0,134279859768.0,99.847,2.388,0.153,0.153,10826.482,2.248,87.848,3.15,2.286,37.386,30.45,0.382,0.001
Algeria,1995,DZA,28470194.0,145054664533.0,99.829,2.303,0.171,0.171,10999.042,2.159,95.906,3.369,1.935,47.222,27.081,0.408,0.001
Algeria,1996,DZA,29033045.0,156579113896.0,99.879,1.096,0.121,0.121,10674.896,1.979,99.56,3.429,1.407,50.567,27.407,0.411,0.001
Algeria,1997,DZA,29579299.0,164644463404.0,99.93,1.999,0.07,0.07,10069.873,1.809,87.517,2.959,1.381,39.007,30.019,0.359,0.001
Algeria,1998,DZA,30054135.0,179962887740.0,99.806,2.067,0.194,0.194,10259.786,1.713,105.74,3.518,2.11,54.641,33.09,0.435,0.001
Algeria,1999,DZA,30474360.0,193179776879.0,99.819,2.192,0.181,0.181,10219.548,1.612,90.613,2.973,2.173,50.92,22.188,0.365,0.001
Algeria,2000,DZA,30903894.0,208554150552.0,99.95,1.881,0.05,0.05,9705.756,1.438,84.552,2.736,1.96,38.534,26.828,0.331,0.001
Algeria,2001,DZA,31331226.0,223420294027.0,99.939,2.095,0.061,0.061,9920.229,1.391,86.019,2.745,2.096,41.029,28.458,0.335,0.001
Algeria,2002,DZA,31750832.0,245360923720.0,99.951,2.655,0.049,0.049,10139.907,1.312,89.658,2.824,2.609,44.653,29.495,0.341,0.001
Algeria,2003,DZA,32175813.0,273568638765.0,99.786,2.092,0.214,0.214,10471.285,1.232,94.078,2.924,2.788,44.027,31.943,0.34,0.001
Algeria,2004,DZA,32628286.0,296773569597.0,99.806,2.404,0.194,0.194,10720.079,1.179,90.853,2.784,1.924,41.209,32.818,0.318,0.001
Algeria,2005,DZA,33109258.0,326854481030.0,99.592,1.887,0.408,0.408,11062.512,1.121,109.564,3.309,2.363,61.211,31.052,0.37,0.001
Algeria,2006,DZA,33623505.0,345705309468.0,99.847,2.705,0.153,0.153,11278.422,1.097,103.798,3.087,2.7,49.306,35.233,0.339,0.001
Algeria,2007,DZA,34189420.0,371665260161.0,99.85,2.203,0.15,0.15,11688.989,1.075,107.549,3.146,3.012,51.076,38.322,0.341,0.001
Algeria,2008,DZA,34816963.0,395658515586.0,99.824,2.079,0.176,0.176,12165.246,1.071,108.596,3.119,3.008,51.551,37.363,0.339,0.001
Algeria,2009,DZA,35490442.0,418247711085.0,99.8,1.259,0.2,0.2,12647.33,1.073,116.328,3.278,1.594,54.894,44.891,0.369,0.002
Algeria,2010,DZA,36188237.0,450705801593.0,99.892,0.821,0.108,0.108,12130.873,0.974,117.847,3.257,1.216,53.368,45.365,0.354,0.002
Algeria,2011,DZA,36903374.0,482028679734.0,99.779,0.689,0.221,0.221,12586.607,0.964,124.715,3.38,1.121,56.721,46.92,0.362,0.002
Algeria,2012,DZA,37646165.0,498417638719.0,99.789,0.669,0.211,0.211,13485.354,1.019,135.593,3.602,1.107,64.116,48.541,0.388,0.002
Algeria,2013,DZA,38414176.0,512373332647.0,99.939,0.342,0.061,0.061,13978.61,1.048,141.534,3.684,0.777,65.45,52.018,0.401,0.002
Algeria,2014,DZA,39205035.0,531843509827.0,99.89,0.356,0.11,0.11,14937.195,1.101,152.435,3.888,0.579,73.833,53.582,0.43,0.002
Algeria,2015,DZA,40019528.0,551521739825.0,99.909,0.25,0.091,0.091,15430.422,1.12,160.322,4.006,0.535,78.769,55.59,0.453,0.002
Algeria,2016,DZA,40850719.0,569170418715.0,99.863,0.092,0.137,0.137,15103.672,1.084,158.308,3.875,0.0,78.679,54.628,0.447,0.002
Algeria,2017,DZA,41689302.0,577138830559.0,99.768,0.339,0.232,0.232,14962.943,1.081,165.252,3.964,0.923,82.354,55.324,0.459,0.002
Algeria,2018,DZA,42505033.0,584064441740.0,99.729,0.869,0.271,0.271,15753.894,1.146,174.461,4.104,1.546,88.889,56.231,0.475,0.002
Algeria,2019,DZA,43294551.0,589905104177.0,99.723,0.692,0.277,0.277,16037.789,1.177,182.425,4.214,1.275,91.998,59.637,0.492,0.002
Algeria,2020,DZA,44042094.0,559819958223.0,99.717,0.235,0.283,0.283,14733.604,1.159,171.139,3.886,0.575,87.026,54.13,0.487,0.002
Algeria,2021,DZA,44761099.0,578853830170.0,99.762,0.439,0.238,0.238,15808.98,1.222,182.036,4.067,1.176,96.259,57.343,0.494,0.002
Algeria,2022,DZA,45477391.0,595820067103.0,99.772,0.296,0.228,0.228,16145.337,1.232,192.779,4.239,0.758,101.379,61.61,0.514,0.002
Argentina,1990,ARG,32755907.0,338751144000.0,86.305,2.405,9.729,13.695,15680.393,1.516,112.188,3.425,3.14,43.213,59.188,0.494,0.005
Argentina,1991,ARG,33230293.0,376057930424.0,87.28,2.079,8.57,12.72,15722.361,1.389,117.727,3.543,2.939,47.284,61.233,0.507,0.005
Argentina,1992,ARG,33693532.0,416679827242.0,86.826,2.187,9.64,13.174,16630.447,1.345,121.514,3.606,3.107,48.303,63.633,0.54,0.006
Argentina,1993,ARG,34152719.0,444780261628.0,84.698,1.406,11.552,15.302,16948.301,1.301,118.021,3.456,2.528,40.807,67.152,0.519,0.006
Argentina,1994,ARG,34613492.0,472926751991.0,83.661,1.166,12.563,16.339,17657.168,1.292,118.507,3.424,3.561,42.677,67.203,0.516,0.006
Argentina,1995,ARG,35070016.0,461601030169.0,85.032,1.185,11.83,14.968,17982.643,1.366,125.415,3.576,3.741,53.194,62.834,0.533,0.006
Argentina,1996,ARG,35513795.0,489406483416.0,87.189,1.186,9.646,12.811,18559.109,1.347,131.446,3.701,3.114,57.542,65.921,0.542,0.006
Argentina,1997,ARG,35947790.0,531526379817.0,84.886,0.924,11.781,15.114,18609.811,1.259,136.617,3.8,2.807,61.504,66.868,0.56,0.006
Argentina,1998,ARG,36372862.0,554567078807.0,86.215,1.195,10.78,13.785,19087.227,1.252,139.505,3.835,3.155,61.614,69.576,0.574,0.006
Argentina,1999,ARG,36794687.0,538270560194.0,88.579,1.41,8.606,11.421,19175.273,1.311,148.345,4.032,2.788,67.619,72.723,0.597,0.006
Argentina,2000,ARG,37213986.0,536480965694.0,85.985,1.076,11.557,14.015,18907.803,1.312,143.355,3.852,2.36,69.438,67.434,0.562,0.006
Argentina,2001,ARG,37624817.0,514867255248.0,82.098,0.905,15.036,17.902,18268.281,1.335,135.004,3.588,2.008,64.807,64.334,0.525,0.006
Argentina,2002,ARG,38029345.0,460558541367.0,82.217,0.704,15.335,17.783,17306.4,1.429,124.93,3.285,1.579,62.618,57.495,0.476,0.006
Argentina,2003,ARG,38424283.0,503104157615.0,83.435,0.801,13.613,16.565,18341.469,1.401,134.421,3.498,2.48,69.068,59.355,0.486,0.006
Argentina,2004,ARG,38815915.0,550306327169.0,85.674,1.277,11.465,14.326,19351.779,1.365,157.235,4.051,2.532,82.913,67.813,0.55,0.007
Argentina,2005,ARG,39216786.0,601050418142.0,85.629,1.388,12.032,14.371,20306.785,1.325,161.728,4.124,3.668,81.967,71.8,0.546,0.007
Argentina,2006,ARG,39622113.0,652296814311.0,84.832,1.197,12.678,15.168,21100.816,1.282,174.342,4.4,3.968,83.867,81.911,0.57,0.007
Argentina,2007,ARG,40016767.0,714725198062.0,87.741,1.663,10.024,12.259,21717.797,1.216,173.764,4.342,3.759,87.178,77.952,0.552,0.007
Argentina,2008,ARG,40424151.0,747157417513.0,87.894,2.006,9.872,12.106,21746.203,1.177,187.596,4.641,3.975,90.12,88.658,0.585,0.007
Argentina,2009,ARG,40854832.0,705920838368.0,86.267,1.137,11.193,13.733,20858.098,1.207,178.378,4.366,3.305,87.993,82.38,0.566,0.007
Argentina,2010,ARG,41288694.0,785785170150.0,86.765,1.538,11.092,13.235,21368.264,1.123,186.121,4.508,4.082,86.928,90.145,0.559,0.008
Argentina,2011,ARG,41730655.0,837742673804.0,87.749,1.621,10.412,12.251,21743.625,1.083,189.884,4.55,4.825,92.586,86.906,0.551,0.008
Argentina,2012,ARG,42161718.0,829147409948.0,88.541,1.456,9.701,11.459,22393.107,1.139,191.715,4.547,5.078,95.383,85.589,0.548,0.008
Argentina,2013,ARG,42582453.0,849088398588.0,88.284,1.489,10.134,11.716,23705.746,1.189,189.525,4.451,4.84,91.338,87.487,0.537,0.008
Argentina,2014,ARG,43024071.0,827750786191.0,88.183,1.61,10.396,11.817,23080.285,1.2,188.539,4.382,5.536,92.844,84.292,0.532,0.008
Argentina,2015,ARG,43477011.0,850356641236.0,87.95,1.575,10.275,12.05,23230.486,1.188,191.809,4.412,5.467,93.535,86.954,0.542,0.008
Argentina,2016,ARG,43900312.0,832669278245.0,88.332,1.219,9.586,11.668,22909.215,1.208,190.02,4.328,4.192,96.301,84.554,0.537,0.008
Argentina,2017,ARG,44288898.0,856142153676.0,88.019,1.263,10.445,11.981,22511.016,1.165,187.068,4.224,4.28,96.444,80.857,0.52,0.008
Argentina,2018,ARG,44654876.0,833736983405.0,87.432,1.399,10.824,12.568,22081.684,1.183,182.483,4.087,4.356,96.125,76.109,0.497,0.008
Argentina,2019,ARG,44973469.0,817053926667.0,86.311,0.883,11.417,13.689,20582.312,1.133,180.428,4.012,2.143,95.606,76.609,0.487,0.009
Argentina,2020,ARG,45191960.0,735814250460.0,85.285,1.167,11.833,14.715,19117.824,1.174,164.613,3.643,3.224,89.085,66.675,0.468,0.009
Argentina,2021,ARG,45312282.0,812324184006.0,86.394,1.491,10.947,13.606,20925.615,1.167,190.197,4.197,4.51,93.073,85.441,0.516,0.009
Argentina,2022,ARG,45407904.0,854914363923.0,86.146,1.497,12.01,13.854,22049.938,1.171,183.768,4.047,4.731,89.62,81.967,0.49,0.009
Australia,1990,AUS,17126304.0,464136588000.0,95.863,42.384,4.137,4.137,61372.223,2.265,278.061,16.236,141.877,34.455,88.851,1.223,0.008
Australia,1991,AUS,17353191.0,461302112920.0,95.606,43.538,4.394,4.394,60158.379,2.263,279.437,16.103,146.083,32.786,88.251,1.204,0.008
Australia,1992,AUS,17549286.0,478633731062.0,95.611,43.116,4.389,4.389,60425.266,2.216,284.433,16.208,150.049,33.97,87.923,1.263,0.008
Australia,1993,AUS,17722905.0,501524767329.0,95.593,42.432,4.407,4.407,61188.77,2.162,288.78,16.294,150.096,35.67,90.392,1.269,0.008
Australia,1994,AUS,17897433.0,527993237904.0,95.804,41.712,4.196,4.196,62888.992,2.132,293.613,16.405,151.376,37.032,91.928,1.278,0.008
Australia,1995,AUS,18095340.0,549038744439.0,95.998,42.049,4.002,4.002,63789.848,2.102,304.962,16.853,155.735,39.847,96.148,1.297,0.009
Australia,1996,AUS,18305305.0,574765618472.0,96.0,42.521,4.0,4.0,64906.695,2.067,311.851,17.036,160.388,39.781,98.723,1.287,0.009
Australia,1997,AUS,18504911.0,601472798853.0,96.086,43.6,3.914,3.914,65781.891,2.024,320.243,17.306,167.683,41.09,98.41,1.314,0.009
Australia,1998,AUS,18701710.0,634847053105.0,96.187,44.481,3.813,3.813,66642.594,1.963,334.038,17.861,177.614,43.506,99.17,1.375,0.009
Australia,1999,AUS,18909980.0,664520698611.0,96.214,45.386,3.786,3.786,68606.484,1.952,343.876,18.185,183.231,45.564,100.839,1.384,0.009
Australia,2000,AUS,19132472.0,692059312020.0,96.235,45.435,3.765,3.765,68222.211,1.886,349.898,18.288,185.797,46.61,102.678,1.372,0.01
Australia,2001,AUS,19365438.0,713890072308.0,96.345,44.626,3.655,3.655,67924.375,1.843,357.668,18.469,190.082,49.326,103.202,1.392,0.01
Australia,2002,AUS,19595356.0,747065694937.0,96.289,44.736,3.711,3.711,68472.609,1.796,362.425,18.495,191.147,50.589,105.481,1.38,0.01
Australia,2003,AUS,19819449.0,774450991263.0,96.203,45.37,3.797,3.797,68662.977,1.757,370.784,18.708,195.386,49.912,110.951,1.341,0.01
Australia,2004,AUS,20046679.0,809792445090.0,96.171,45.805,3.829,3.829,70058.688,1.734,382.005,19.056,202.225,51.455,114.086,1.335,0.011
Australia,2005,AUS,20294490.0,840092380696.0,95.905,45.356,4.095,4.095,69494.242,1.679,385.082,18.975,200.715,53.322,116.654,1.301,0.011
Australia,2006,AUS,20590566.0,866678665246.0,95.976,44.664,4.024,4.024,71432.609,1.697,391.373,19.007,204.401,54.849,117.407,1.279,0.011
Australia,2007,AUS,20954545.0,911250727265.0,96.214,43.228,3.786,3.786,71877.82,1.653,398.896,19.036,203.559,61.006,118.853,1.266,0.011
Australia,2008,AUS,21370595.0,937889628737.0,96.501,44.301,3.499,3.499,71675.375,1.633,404.279,18.918,204.688,61.744,122.482,1.261,0.011
Australia,2009,AUS,21783014.0,963129933389.0,96.278,43.471,3.722,3.722,69299.156,1.567,406.977,18.683,206.066,63.087,122.362,1.291,0.012
Australia,2010,AUS,22141583.0,993853968687.0,95.912,40.35,4.088,4.088,68144.984,1.518,405.026,18.293,200.635,64.246,124.506,1.216,0.012
Australia,2011,AUS,22479779.0,1024000293343.0,94.608,38.106,5.392,5.392,69333.531,1.522,403.874,17.966,192.232,66.46,129.836,1.171,0.012
Australia,2012,AUS,22852648.0,1062662906305.0,94.6,36.206,5.4,5.4,67218.164,1.446,405.005,17.722,189.244,67.7,132.478,1.159,0.012
Australia,2013,AUS,23236271.0,1086068056518.0,93.827,33.952,6.173,6.173,66946.461,1.432,397.85,17.122,176.436,69.98,135.764,1.128,0.013
Australia,2014,AUS,23595599.0,1113888062929.0,94.337,33.424,5.663,5.663,66387.727,1.406,392.61,16.639,168.219,70.907,137.132,1.107,0.013
Australia,2015,AUS,23947997.0,1139303344945.0,94.045,33.856,5.955,5.955,66879.32,1.406,400.589,16.727,174.222,71.665,136.869,1.131,0.013
Australia,2016,AUS,24329963.0,1169967279612.0,93.215,33.746,6.785,6.785,66045.68,1.373,409.666,16.838,179.594,74.093,136.761,1.157,0.013
Australia,2017,AUS,24731044.0,1197832839959.0,93.627,32.676,6.373,6.373,64778.02,1.337,413.408,16.716,176.951,75.477,139.221,1.149,0.013
Australia,2018,AUS,25119700.0,1231576952488.0,92.152,31.444,7.848,7.848,64726.418,1.32,414.781,16.512,169.336,78.346,143.397,1.129,0.014
Australia,2019,AUS,25482714.0,1255505542015.0,91.593,29.097,8.407,8.407,65938.531,1.338,414.925,16.283,164.888,80.305,142.693,1.119,0.014
Australia,2020,AUS,25743787.0,1232259790388.0,89.708,29.709,10.292,10.292,61584.258,1.287,398.547,15.481,156.622,83.378,134.777,1.134,0.014
Australia,2021,AUS,25956417.0,1296705194119.0,87.717,28.679,12.283,12.283,61230.445,1.226,388.472,14.966,151.821,80.198,134.179,1.054,0.014
Australia,2022,AUS,26200987.0,1344251444393.0,86.753,25.994,13.247,13.247,63386.535,1.235,384.078,14.659,146.0,80.249,133.833,1.023,0.014
Austria,1990,AUT,7679627.0,207979127656.0,72.236,14.52,27.764,27.764,43468.785,1.605,62.191,8.098,18.139,11.836,28.9,0.274,0.002
Austria,1991,AUT,7757140.0,215992683383.0,73.472,14.54,26.528,26.528,45042.395,1.618,65.79,8.481,18.7,12.502,31.407,0.284,0.002
Austria,1992,AUT,7842715.0,221400873854.0,70.172,11.488,29.828,29.828,43963.363,1.557,60.291,7.688,14.385,12.518,30.152,0.268,0.002
Austria,1993,AUT,7907492.0,223462931302.0,69.282,10.11,30.718,30.718,44570.805,1.577,60.711,7.678,13.275,13.023,31.266,0.267,0.002
Austria,1994,AUT,7938157.0,229749328956.0,69.972,10.339,30.028,30.028,44016.273,1.521,61.08,7.694,13.459,13.658,30.716,0.266,0.002
Austria,1995,AUT,7950322.0,236824462430.0,69.86,11.177,30.14,30.14,46244.852,1.552,64.063,8.058,15.425,14.901,30.854,0.272,0.002
Austria,1996,AUT,7960917.0,243480734505.0,72.926,10.965,27.074,27.074,47192.613,1.543,67.41,8.468,15.069,15.797,33.776,0.278,0.002
Austria,1997,AUT,7969804.0,249847313444.0,71.736,11.489,28.264,28.264,47751.309,1.523,67.305,8.445,16.157,15.301,32.849,0.276,0.002
Austria,1998,AUT,7978465.0,259776337669.0,71.468,9.891,28.532,28.532,48787.238,1.498,66.937,8.39,13.707,15.717,34.654,0.276,0.002
Austria,1999,AUT,7993894.0,270186173474.0,69.332,9.778,30.668,30.668,49137.969,1.454,65.668,8.215,13.876,16.102,32.805,0.264,0.002
Austria,2000,AUT,8012929.0,280410163017.0,68.732,10.958,31.268,31.268,49316.637,1.409,66.204,8.262,15.751,15.264,32.179,0.26,0.002
Austria,2001,AUT,8042233.0,285335695766.0,70.589,10.987,29.411,29.411,50557.285,1.425,70.191,8.728,16.562,16.156,34.424,0.273,0.002
Austria,2002,AUT,8081640.0,291231427735.0,71.077,11.159,28.923,28.923,50339.801,1.397,71.988,8.908,16.736,16.069,36.067,0.274,0.002
Austria,2003,AUT,8122604.0,294489280951.0,75.879,11.837,24.121,24.121,50193.703,1.384,77.412,9.53,17.941,17.267,39.089,0.28,0.002
Austria,2004,AUT,8173496.0,303692479841.0,73.881,11.2,26.119,26.119,51686.262,1.391,77.716,9.508,17.766,17.662,39.122,0.272,0.002
Austria,2005,AUT,8229204.0,311441138652.0,73.683,11.01,26.317,26.317,52416.992,1.385,79.095,9.612,17.862,18.701,39.395,0.267,0.002
Austria,2006,AUT,8269901.0,323236897651.0,73.01,11.134,26.99,26.99,51495.746,1.318,76.796,9.286,17.866,17.498,38.117,0.251,0.002
Austria,2007,AUT,8296948.0,336303973991.0,70.906,10.901,29.094,29.094,50628.93,1.249,74.092,8.93,17.456,16.496,36.602,0.235,0.002
Austria,2008,AUT,8323250.0,342892519161.0,70.423,10.668,29.577,29.577,51008.945,1.238,73.466,8.827,17.028,17.436,35.457,0.229,0.002
Austria,2009,AUT,8345073.0,331119036991.0,67.452,8.318,32.548,32.548,49103.516,1.238,67.302,8.065,12.83,17.036,34.408,0.214,0.002
Austria,2010,AUT,8365087.0,338832243101.0,69.887,9.496,30.113,30.113,50394.973,1.244,72.0,8.607,15.497,18.778,34.785,0.216,0.002
Austria,2011,AUT,8393272.0,349713455451.0,70.842,10.376,29.158,29.158,47165.023,1.132,69.892,8.327,15.818,17.73,33.269,0.203,0.002
Austria,2012,AUT,8431599.0,352093108730.0,65.502,9.257,34.498,34.498,49148.723,1.177,67.26,7.977,14.686,16.945,32.627,0.192,0.002
Austria,2013,AUT,8481411.0,352182904722.0,65.976,9.465,34.024,34.024,48441.508,1.167,67.759,7.989,14.959,16.332,33.45,0.192,0.002
Austria,2014,AUT,8547812.0,354511819035.0,64.983,9.048,35.017,35.017,46197.699,1.114,64.159,7.506,13.801,14.947,32.413,0.181,0.002
Austria,2015,AUT,8644037.0,358108266932.0,66.948,9.765,33.052,33.052,45856.262,1.107,66.358,7.677,14.371,15.966,32.995,0.187,0.002
Austria,2016,AUT,8737920.0,365232738553.0,65.974,8.824,34.026,34.026,46881.992,1.122,67.219,7.693,13.334,16.737,34.108,0.19,0.002
Austria,2017,AUT,8798779.0,373481694490.0,66.787,8.923,33.213,33.213,47457.57,1.118,69.601,7.91,14.023,17.975,34.546,0.193,0.002
Austria,2018,AUT,8841653.0,382540042762.0,66.861,8.052,33.139,33.139,46190.699,1.068,66.567,7.529,12.294,17.019,34.087,0.181,0.002
Austria,2019,AUT,8880876.0,388344674039.0,65.811,8.09,34.189,34.189,48188.984,1.102,67.951,7.651,13.005,17.791,34.088,0.183,0.002
Austria,2020,AUT,8921402.0,363281092036.0,63.12,7.409,36.88,36.88,44852.156,1.101,62.18,6.97,11.371,16.959,30.779,0.177,0.003
Austria,2021,AUT,8967053.0,379835198584.0,65.362,7.567,34.638,34.638,45314.195,1.07,65.751,7.333,12.408,17.923,32.17,0.178,0.003
Austria,2022,AUT,9064678.0,398815419150.0,64.866,7.704,35.134,35.134,42122.105,0.957,61.454,6.78,11.663,15.968,30.702,0.164,0.003
Azerbaijan,1990,AZE,7231084.0,53235601363.0,98.23,0.398,1.77,1.77,36032.113,4.894,51.345,7.101,0.343,27.841,22.493,0.226,0.001
Azerbaijan,1991,AZE,7314317.0,53426621017.0,98.046,0.312,1.954,1.954,34227.562,4.686,50.074,6.846,0.251,26.636,22.543,0.216,0.001
Azerbaijan,1992,AZE,7405781.0,41795295334.0,97.733,0.065,2.267,2.267,28949.521,5.13,56.174,7.585,0.066,22.6,31.225,0.249,0.001
Azerbaijan,1993,AZE,7504119.0,32486438953.0,96.368,0.019,3.632,3.632,24783.752,5.725,48.406,6.451,0.011,17.283,30.818,0.213,0.001
Azerbaijan,1994,AZE,7608894.0,26372096369.0,97.019,0.027,2.981,2.981,22455.918,6.479,41.945,5.513,0.004,16.671,25.032,0.183,0.001
Azerbaijan,1995,AZE,7719283.0,23188276303.0,97.305,0.022,2.695,2.695,20811.258,6.928,33.309,4.315,0.015,13.308,19.885,0.142,0.001
Azerbaijan,1996,AZE,7830981.0,24026379639.0,96.752,0.027,3.248,3.248,16823.014,5.483,31.242,3.99,0.015,11.737,19.37,0.129,0.001
Azerbaijan,1997,AZE,7936220.0,26436933201.0,96.221,0.028,3.779,3.779,15896.062,4.772,29.843,3.76,0.015,11.062,18.551,0.122,0.001
Azerbaijan,1998,AZE,8025808.0,28328460213.0,95.709,0.0,4.291,4.291,15779.74,4.471,31.785,3.96,0.004,10.599,20.948,0.131,0.001
Azerbaijan,1999,AZE,8100472.0,31898574736.0,96.682,0.0,3.318,3.318,15598.277,3.961,28.822,3.558,0.0,11.688,16.777,0.116,0.001
Azerbaijan,2000,AZE,8174784.0,34255707098.0,96.767,0.0,3.233,3.233,16153.973,3.855,29.765,3.641,0.0,11.421,17.965,0.117,0.001
Azerbaijan,2001,AZE,8251776.0,36862177017.0,97.17,0.027,2.83,2.83,15418.192,3.451,28.415,3.444,0.0,16.576,11.278,0.111,0.001
Azerbaijan,2002,AZE,8326141.0,40295217200.0,95.581,0.019,4.419,4.419,15086.057,3.117,28.57,3.431,0.0,16.622,11.287,0.109,0.001
Azerbaijan,2003,AZE,8400528.0,44994637993.0,95.037,0.026,4.963,4.963,16193.649,3.023,30.488,3.629,0.0,17.054,12.697,0.11,0.001
Azerbaijan,2004,AZE,8489874.0,50107477354.0,95.134,0.007,4.866,4.866,18127.234,3.071,32.253,3.799,0.0,18.622,12.731,0.113,0.001
Azerbaijan,2005,AZE,8597248.0,64019175136.0,95.136,0.023,4.864,4.864,19405.906,2.606,34.194,3.977,0.0,18.533,14.638,0.116,0.001
Azerbaijan,2006,AZE,8711380.0,87026407066.0,95.886,0.023,4.114,4.114,18836.461,1.886,34.522,3.963,0.0,20.465,12.977,0.113,0.001
Azerbaijan,2007,AZE,8828313.0,109944254894.0,95.827,0.039,4.173,4.173,17112.117,1.374,30.037,3.402,0.022,17.578,11.456,0.095,0.001
Azerbaijan,2008,AZE,8942637.0,123130002462.0,96.094,0.03,3.906,3.906,16903.684,1.228,33.037,3.694,0.015,20.738,10.607,0.103,0.001
Azerbaijan,2009,AZE,9046336.0,136020226283.0,95.327,0.038,4.673,4.673,14389.062,0.957,29.103,3.217,0.015,18.789,9.241,0.092,0.001
Azerbaijan,2010,AZE,9146852.0,144296577620.0,92.979,0.038,7.021,7.021,14041.92,0.89,27.549,3.012,0.022,17.968,8.695,0.083,0.001
Azerbaijan,2011,AZE,9256156.0,145980469968.0,95.229,0.029,4.771,4.771,15745.113,0.998,30.21,3.264,0.018,19.023,10.267,0.088,0.001
Azerbaijan,2012,AZE,9376179.0,149196415149.0,96.867,0.029,3.133,3.133,16007.676,1.006,32.77,3.495,0.015,19.831,11.639,0.094,0.001
Azerbaijan,2013,AZE,9504417.0,157913964589.0,97.388,0.025,2.612,2.612,16225.271,0.977,33.559,3.531,0.011,19.936,12.069,0.095,0.001
Azerbaijan,2014,AZE,9631136.0,162332395164.0,97.712,0.015,2.288,2.288,16326.349,0.969,34.345,3.566,0.007,21.2,11.63,0.097,0.001
Azerbaijan,2015,AZE,9752859.0,164036906588.0,97.404,0.02,2.596,2.596,17618.029,1.047,34.683,3.556,0.011,21.933,11.534,0.098,0.001
Azerbaijan,2016,AZE,9868434.0,159010796104.0,96.855,0.008,3.145,3.145,17246.135,1.07,34.727,3.519,0.004,21.51,12.136,0.098,0.001
Azerbaijan,2017,AZE,9968510.0,159255674569.0,97.132,0.007,2.868,2.868,16748.137,1.048,34.698,3.481,0.004,20.894,12.587,0.096,0.001
Azerbaijan,2018,AZE,10039782.0,161644514845.0,97.183,0.005,2.817,2.817,17546.863,1.09,34.576,3.444,0.004,21.282,11.837,0.094,0.001
Azerbaijan,2019,AZE,10110483.0,165653307401.0,97.549,0.004,2.451,2.451,18385.926,1.122,37.753,3.734,0.004,24.122,12.112,0.102,0.001
Azerbaijan,2020,AZE,10181736.0,158697520949.0,98.21,0.002,1.79,1.79,18162.768,1.165,36.237,3.559,0.004,24.333,10.629,0.103,0.001
Azerbaijan,2021,AZE,10234372.0,167584576527.0,98.07,0.001,1.93,1.93,19302.547,1.179,38.3,3.742,0.0,25.222,11.744,0.104,0.001
Azerbaijan,2022,AZE,10295307.0,175370552026.0,97.812,0.0,2.188,2.188,20425.451,1.199,41.175,3.999,0.044,26.793,12.847,0.11,0.001
Bangladesh,1990,BGD,111633722.0,112105268328.0,96.668,4.441,3.332,3.332,661.596,0.659,14.082,0.126,1.07,7.575,5.337,0.062,0.001
Bangladesh,1991,BGD,113787112.0,117331560870.0,96.726,1.472,3.274,3.274,626.21,0.607,14.753,0.13,0.341,9.057,5.276,0.064,0.001
Bangladesh,1992,BGD,115952198.0,123425133934.0,97.149,1.266,2.851,2.851,670.195,0.63,15.391,0.133,0.322,9.607,5.386,0.068,0.001
Bangladesh,1993,BGD,118132363.0,129907345176.0,98.021,0.429,1.979,1.979,723.221,0.658,16.074,0.136,0.121,10.389,5.491,0.071,0.001
Bangladesh,1994,BGD,120343183.0,137432659561.0,97.401,0.379,2.599,2.599,753.595,0.66,17.553,0.146,0.099,11.472,5.91,0.076,0.001
Bangladesh,1995,BGD,122600372.0,145833067614.0,99.035,3.486,0.965,0.965,873.64,0.734,21.056,0.172,1.22,13.029,6.738,0.09,0.001
Bangladesh,1996,BGD,124862185.0,155028875281.0,98.168,1.826,1.832,1.832,898.61,0.724,21.507,0.172,0.678,13.498,7.178,0.089,0.001
Bangladesh,1997,BGD,127198070.0,165329622112.0,98.304,3.189,1.696,1.696,926.829,0.713,23.144,0.182,1.227,13.264,8.424,0.095,0.001
Bangladesh,1998,BGD,129622332.0,175900627375.0,98.084,0.862,1.916,1.916,968.654,0.714,23.216,0.179,0.352,14.325,8.271,0.096,0.001
Bangladesh,1999,BGD,132108065.0,187794887949.0,98.176,0.422,1.824,1.824,961.223,0.676,25.093,0.19,0.176,15.616,8.871,0.101,0.001
Bangladesh,2000,BGD,134544303.0,200824294390.0,98.375,2.818,1.625,1.625,1012.713,0.678,26.539,0.197,1.253,16.88,7.702,0.104,0.001
Bangladesh,2001,BGD,136805810.0,213164797419.0,98.169,2.616,1.831,1.831,1138.044,0.73,31.064,0.227,1.33,18.903,9.896,0.121,0.001
Bangladesh,2002,BGD,138933659.0,226285297151.0,98.546,2.722,1.454,1.454,1124.599,0.69,32.007,0.23,1.33,19.886,9.906,0.122,0.001
Bangladesh,2003,BGD,140970355.0,242325893842.0,98.647,2.463,1.353,1.353,1171.225,0.681,33.496,0.238,1.37,21.39,9.9,0.121,0.001
Bangladesh,2004,BGD,142902857.0,260372737862.0,98.767,2.32,1.233,1.233,1228.083,0.674,35.978,0.252,1.451,23.091,10.651,0.126,0.001
Bangladesh,2005,BGD,144715789.0,280264340330.0,98.877,4.391,1.123,1.123,1314.626,0.679,37.717,0.261,1.605,24.725,10.637,0.127,0.001
Bangladesh,2006,BGD,146405983.0,303255436424.0,98.949,6.165,1.051,1.051,1406.255,0.679,41.726,0.285,1.81,28.257,10.959,0.136,0.001
Bangladesh,2007,BGD,147989282.0,327072515722.0,98.963,4.891,1.037,1.037,1430.873,0.647,42.675,0.288,2.209,29.579,10.204,0.135,0.001
Bangladesh,2008,BGD,149474264.0,349461394439.0,98.776,4.891,1.224,1.224,1491.569,0.638,45.341,0.303,2.469,32.222,9.951,0.141,0.001
Bangladesh,2009,BGD,150873716.0,372693237092.0,99.487,5.551,0.513,0.513,1626.153,0.658,49.188,0.326,3.015,35.442,10.032,0.156,0.001
Bangladesh,2010,BGD,152201978.0,400087800634.0,99.166,3.457,0.834,0.834,1649.613,0.628,54.036,0.355,3.074,39.397,10.885,0.162,0.001
Bangladesh,2011,BGD,153591074.0,431418704062.0,99.005,4.758,0.995,0.995,1768.521,0.63,55.593,0.362,2.836,38.197,13.865,0.161,0.002
Bangladesh,2012,BGD,155070110.0,458456647637.0,99.154,3.614,0.846,0.846,1902.543,0.644,59.704,0.385,3.422,40.015,15.576,0.171,0.002
Bangladesh,2013,BGD,156532134.0,486135250102.0,99.187,4.817,0.813,0.813,1958.554,0.631,64.763,0.414,3.748,43.942,16.312,0.184,0.002
Bangladesh,2014,BGD,157964931.0,516793803718.0,99.314,2.937,0.686,0.686,2016.64,0.616,67.552,0.428,3.51,44.972,18.287,0.19,0.002
Bangladesh,2015,BGD,159383179.0,552104723056.0,99.207,7.958,0.793,0.793,2416.201,0.698,76.946,0.483,8.607,48.493,18.727,0.217,0.002
Bangladesh,2016,BGD,160811934.0,589932630231.0,99.26,5.96,0.74,0.74,2404.679,0.656,81.761,0.508,6.071,52.903,21.644,0.231,0.002
Bangladesh,2017,BGD,162186146.0,630957812405.0,99.143,6.236,0.857,0.857,2484.585,0.639,86.531,0.534,7.152,52.683,25.478,0.241,0.002
Bangladesh,2018,BGD,163523109.0,678912369102.0,99.292,6.642,0.708,0.708,2631.359,0.634,86.608,0.53,8.182,52.654,24.359,0.236,0.002
Bangladesh,2019,BGD,164913060.0,717214595514.0,99.36,9.964,0.64,0.64,2926.16,0.673,94.808,0.575,8.68,59.417,25.187,0.256,0.002
Bangladesh,2020,BGD,166298024.0,754358367084.0,99.347,11.448,0.653,0.653,2750.767,0.606,95.729,0.576,10.549,60.126,23.636,0.272,0.002
Bangladesh,2021,BGD,167658855.0,807308397444.0,99.329,8.595,0.671,0.671,2937.336,0.61,98.53,0.588,14.216,60.156,22.596,0.267,0.002
Bangladesh,2022,BGD,169384891.0,858143907016.0,99.307,10.821,0.693,0.693,3023.729,0.597,102.147,0.603,16.149,58.784,25.759,0.272,0.002
Belarus,1990,BLR,10186258.0,116974867000.0,99.988,5.303,0.012,0.012,45745.211,3.984,108.459,10.648,10.192,26.589,66.944,0.477,0.003
Belarus,1991,BLR,10193889.0,114005544177.0,99.989,5.049,0.011,0.011,45606.363,4.078,104.186,10.22,9.872,25.384,64.549,0.449,0.003
Belarus,1992,BLR,10217561.0,101880793628.0,99.988,4.828,0.012,0.012,39633.062,3.975,93.597,9.16,8.734,33.09,47.716,0.416,0.003
Belarus,1993,BLR,10241320.0,93050209032.0,99.984,4.969,0.016,0.016,32991.0,3.631,80.674,7.877,7.663,30.05,39.451,0.355,0.003
Belarus,1994,BLR,10230193.0,81212667307.0,99.981,4.169,0.019,0.019,27585.434,3.475,67.99,6.646,6.312,26.765,32.582,0.296,0.003
Belarus,1995,BLR,10197466.0,71373341741.0,99.978,4.416,0.022,0.022,24585.137,3.513,61.015,5.983,5.889,24.34,28.607,0.259,0.003
Belarus,1996,BLR,10164025.0,72504136402.0,99.983,5.225,0.017,0.017,25298.854,3.547,61.844,6.085,5.843,26.23,27.511,0.255,0.003
Belarus,1997,BLR,10122365.0,79868071251.0,99.978,5.443,0.022,0.022,25695.682,3.257,61.697,6.095,5.03,30.213,23.729,0.253,0.003
Belarus,1998,BLR,10080579.0,85602469015.0,99.969,4.94,0.031,0.031,25231.76,2.971,60.184,5.97,4.777,29.595,23.02,0.248,0.003
Belarus,1999,BLR,10039221.0,87455010171.0,99.979,4.711,0.021,0.021,24645.004,2.829,58.076,5.785,4.112,30.693,20.823,0.234,0.003
Belarus,2000,BLR,9991310.0,91419114455.0,99.971,4.538,0.029,0.029,25522.084,2.789,55.014,5.506,4.198,31.337,17.209,0.216,0.003
Belarus,2001,BLR,9938068.0,94624119098.0,99.967,3.351,0.033,0.033,24945.643,2.62,54.105,5.444,3.735,31.648,16.439,0.211,0.003
Belarus,2002,BLR,9873451.0,98263269227.0,99.969,3.056,0.031,0.031,25976.342,2.61,53.944,5.464,3.227,31.999,16.129,0.205,0.004
Belarus,2003,BLR,9803175.0,103937865617.0,99.97,2.898,0.03,0.03,25966.264,2.449,55.236,5.635,3.142,33.6,15.545,0.2,0.004
Belarus,2004,BLR,9735089.0,114486408721.0,99.968,2.535,0.032,0.032,29278.977,2.49,58.373,5.996,2.97,36.354,15.873,0.204,0.004
Belarus,2005,BLR,9667833.0,123858071551.0,99.965,2.809,0.035,0.035,29386.727,2.294,59.396,6.144,2.963,36.976,15.957,0.201,0.004
Belarus,2006,BLR,9608041.0,134673942572.0,99.966,2.365,0.034,0.034,31443.652,2.243,61.809,6.433,2.892,37.419,17.94,0.202,0.004
Belarus,2007,BLR,9563135.0,144615680573.0,99.953,2.742,0.047,0.047,30819.047,2.038,60.276,6.303,2.793,37.868,16.007,0.191,0.004
Belarus,2008,BLR,9529357.0,157577029170.0,99.903,2.523,0.097,0.097,31336.238,1.895,62.931,6.604,2.628,38.635,17.911,0.196,0.004
Belarus,2009,BLR,9507334.0,156010272888.0,99.807,2.54,0.193,0.193,29715.518,1.811,60.628,6.377,2.677,31.82,22.486,0.192,0.004
Belarus,2010,BLR,9490752.0,166239903113.0,99.748,2.452,0.252,0.252,32263.109,1.842,62.515,6.587,2.901,39.553,16.326,0.188,0.004
Belarus,2011,BLR,9472738.0,173120303880.0,99.756,3.0,0.244,0.244,31742.064,1.737,61.353,6.477,2.975,37.378,17.418,0.178,0.004
Belarus,2012,BLR,9463075.0,175940441074.0,99.743,2.829,0.257,0.257,34368.988,1.849,62.592,6.614,5.004,36.817,17.088,0.179,0.004
Belarus,2013,BLR,9464454.0,177632980571.0,99.695,3.319,0.305,0.305,31085.303,1.656,64.152,6.778,4.838,36.9,18.704,0.182,0.004
Belarus,2014,BLR,9472704.0,180627882895.0,99.705,3.285,0.295,0.295,31127.623,1.632,63.699,6.725,4.634,36.594,18.383,0.18,0.004
Belarus,2015,BLR,9487289.0,173709821418.0,99.654,3.227,0.346,0.346,28138.871,1.537,58.828,6.201,4.094,33.957,17.178,0.166,0.004
Belarus,2016,BLR,9499066.0,169304543676.0,99.595,3.471,0.405,0.405,28718.361,1.611,58.188,6.126,3.692,33.885,17.313,0.164,0.004
Belarus,2017,BLR,9495793.0,173606575679.0,99.274,3.526,0.726,0.726,29259.266,1.6,59.444,6.26,3.882,34.769,17.345,0.165,0.004
Belarus,2018,BLR,9480031.0,179054352755.0,99.404,4.783,0.596,0.596,32402.701,1.716,62.171,6.558,3.964,36.813,18.139,0.169,0.004
Belarus,2019,BLR,9435415.0,181643469714.0,99.277,5.011,0.723,0.723,32726.744,1.7,62.171,6.589,4.101,36.685,17.973,0.168,0.004
Belarus,2020,BLR,9350943.0,180420997693.0,98.765,3.399,0.943,1.235,30643.369,1.588,59.123,6.323,3.789,34.029,17.906,0.168,0.004
Belarus,2021,BLR,9251368.0,184521985376.0,94.335,3.169,1.106,5.665,33803.074,1.695,60.861,6.579,3.883,35.938,17.728,0.165,0.004
Belarus,2022,BLR,9173240.0,175773799265.0,95.055,3.589,1.147,4.945,33086.91,1.727,57.121,6.227,3.812,33.846,16.216,0.152,0.004
Belgium,1990,BEL,9960968.0,273278713941.0,80.555,19.981,0.265,19.445,62378.742,2.274,120.335,12.081,41.394,19.826,53.249,0.529,0.004
Belgium,1991,BEL,9998962.0,278686606016.0,81.156,18.471,0.249,18.844,64294.656,2.307,123.396,12.341,40.122,21.596,55.934,0.532,0.004
Belgium,1992,BEL,10045988.0,283358354426.0,80.822,16.568,0.283,19.178,63857.262,2.264,122.519,12.196,38.118,22.177,56.361,0.544,0.004
Belgium,1993,BEL,10084932.0,281005275818.0,81.235,15.949,0.238,18.765,62586.73,2.246,121.451,12.043,36.562,23.189,55.846,0.534,0.004
Belgium,1994,BEL,10116005.0,290433135887.0,82.674,16.294,0.265,17.326,65629.477,2.286,124.833,12.34,38.013,23.677,57.234,0.543,0.004
Belgium,1995,BEL,10137264.0,297763645458.0,82.549,15.373,0.294,17.451,66301.898,2.257,125.969,12.426,36.955,26.284,56.621,0.536,0.004
Belgium,1996,BEL,10156972.0,302924438524.0,82.84,13.85,0.234,17.16,70284.875,2.357,129.503,12.75,34.203,29.192,60.415,0.534,0.005
Belgium,1997,BEL,10181465.0,314576090803.0,81.427,12.802,0.241,18.573,70840.68,2.293,124.017,12.181,31.916,27.721,58.48,0.509,0.005
Belgium,1998,BEL,10203185.0,321240211745.0,82.189,12.488,0.305,17.811,72074.211,2.289,130.256,12.766,33.214,30.851,60.233,0.536,0.005
Belgium,1999,BEL,10226681.0,333121577520.0,80.926,11.023,0.348,19.074,71395.695,2.192,124.719,12.195,28.931,32.957,56.9,0.502,0.005
Belgium,2000,BEL,10251719.0,345706865981.0,81.513,11.979,0.418,18.487,72509.641,2.15,126.776,12.366,31.672,33.187,55.595,0.497,0.005
Belgium,2001,BEL,10287005.0,349015220419.0,82.125,11.507,0.434,17.875,71630.055,2.111,126.085,12.257,28.29,32.914,58.888,0.491,0.005
Belgium,2002,BEL,10332975.0,355705534550.0,81.772,9.914,0.465,18.228,70983.867,2.062,126.883,12.279,28.637,33.235,58.705,0.483,0.005
Belgium,2003,BEL,10376262.0,358937085300.0,82.514,9.231,0.473,17.486,73407.07,2.122,128.292,12.364,27.766,34.973,59.396,0.464,0.005
Belgium,2004,BEL,10421298.0,372499172102.0,82.582,8.552,0.589,17.418,73370.898,2.053,128.812,12.36,28.252,34.963,59.311,0.45,0.005
Belgium,2005,BEL,10478883.0,380840056202.0,82.167,7.949,0.844,17.833,72156.344,1.985,125.658,11.992,26.196,35.624,57.578,0.425,0.005
Belgium,2006,BEL,10548445.0,390874955040.0,82.31,7.821,1.178,17.69,71881.797,1.94,123.9,11.746,25.337,35.371,56.542,0.405,0.005
Belgium,2007,BEL,10625488.0,404721960651.0,81.757,7.098,1.378,18.243,71852.602,1.886,120.493,11.34,23.158,35.621,55.086,0.383,0.005
Belgium,2008,BEL,10709711.0,408290544814.0,82.721,6.9,1.718,17.279,72432.766,1.9,120.204,11.224,23.259,35.671,54.708,0.375,0.005
Belgium,2009,BEL,10812936.0,399489943721.0,80.116,4.819,2.494,19.884,66203.031,1.792,107.807,9.97,15.162,36.468,50.706,0.342,0.005
Belgium,2010,BEL,10936619.0,411261674695.0,80.474,5.727,3.125,19.526,69929.078,1.86,114.563,10.475,17.526,40.339,51.153,0.344,0.005
Belgium,2011,BEL,11038624.0,420934235947.0,78.418,5.781,3.983,21.582,64655.848,1.696,105.159,9.526,16.689,34.572,48.22,0.305,0.005
Belgium,2012,BEL,11107522.0,424045845634.0,79.766,5.673,4.996,20.234,61664.453,1.615,102.486,9.227,15.078,34.911,47.133,0.293,0.005
Belgium,2013,BEL,11160277.0,425993254852.0,79.095,5.861,5.28,20.905,62894.422,1.648,102.816,9.213,15.269,35.272,47.229,0.291,0.005
Belgium,2014,BEL,11210113.0,432717694183.0,80.816,6.128,5.938,19.184,58059.273,1.504,97.081,8.66,14.725,30.995,46.313,0.274,0.006
Belgium,2015,BEL,11275332.0,441551470878.0,83.349,5.921,6.551,16.651,58306.633,1.489,101.327,8.987,14.381,33.812,48.237,0.286,0.006
Belgium,2016,BEL,11332707.0,447144517813.0,78.229,5.221,6.264,21.771,62607.219,1.587,99.816,8.808,13.476,34.369,47.124,0.282,0.006
Belgium,2017,BEL,11376583.0,454386396677.0,78.349,5.068,6.819,21.651,62940.031,1.576,99.282,8.727,13.247,35.03,46.258,0.276,0.006
Belgium,2018,BEL,11428608.0,462533269863.0,82.726,5.049,7.262,17.274,62492.762,1.544,100.256,8.772,13.297,36.104,45.875,0.273,0.006
Belgium,2019,BEL,11490623.0,472897988852.0,77.54,4.898,7.77,22.46,64258.418,1.561,99.799,8.685,13.156,36.224,45.341,0.269,0.006
Belgium,2020,BEL,11540102.0,447544069854.0,76.64,4.225,10.457,23.36,57530.324,1.483,91.255,7.908,10.466,36.073,40.098,0.26,0.006
Belgium,2021,BEL,11570843.0,474995824355.0,73.882,4.2,9.202,26.118,63805.598,1.554,94.928,8.204,11.762,36.281,42.152,0.257,0.006
Belgium,2022,BEL,11641814.0,489678394377.0,73.922,4.655,10.436,26.078,59651.605,1.418,88.915,7.638,11.903,31.174,41.466,0.237,0.006
Brazil,1990,BRA,149143223.0,1185475140000.0,56.326,7.317,43.267,43.674,10479.675,1.318,218.658,1.466,37.095,7.484,151.775,0.962,0.03
Brazil,1991,BRA,151724253.0,1213090136106.0,56.046,8.075,43.701,43.954,10703.902,1.339,229.394,1.512,42.466,7.336,156.7,0.989,0.031
Brazil,1992,BRA,154275077.0,1221828516629.0,55.679,7.705,44.017,44.321,10708.817,1.352,233.601,1.514,41.203,7.983,163.252,1.037,0.031
Brazil,1993,BRA,156794574.0,1298220757545.0,55.71,7.58,44.217,44.29,11035.176,1.333,244.306,1.558,42.343,8.73,171.252,1.074,0.032
Brazil,1994,BRA,159265011.0,1391783970549.0,56.059,7.449,43.932,43.941,11345.266,1.298,254.002,1.595,43.664,8.985,179.165,1.106,0.033
Brazil,1995,BRA,161735079.0,1468835128486.0,56.252,7.377,43.373,43.748,11828.174,1.302,268.678,1.661,45.582,9.603,190.347,1.142,0.034
Brazil,1996,BRA,164202549.0,1520364859776.0,56.826,7.169,42.834,43.174,12366.625,1.336,289.311,1.762,46.471,10.608,206.279,1.194,0.035
Brazil,1997,BRA,166661662.0,1591956040321.0,57.433,6.813,42.148,42.567,12895.613,1.35,306.949,1.842,47.047,11.863,219.83,1.259,0.036
Brazil,1998,BRA,169159651.0,1617675773756.0,57.553,6.405,42.033,42.447,13238.571,1.384,317.359,1.876,45.591,12.411,229.578,1.306,0.037
Brazil,1999,BRA,171641544.0,1645887982219.0,57.716,6.397,41.786,42.284,13225.068,1.379,327.256,1.907,46.805,14.069,235.468,1.318,0.038
Brazil,2000,BRA,174018278.0,1739728033832.0,58.334,6.548,40.939,41.666,13586.246,1.359,340.183,1.955,50.457,18.443,239.491,1.333,0.039
Brazil,2001,BRA,176301201.0,1785513006345.0,61.071,6.596,37.181,38.929,13068.835,1.29,346.166,1.963,49.43,23.185,241.792,1.347,0.04
Brazil,2002,BRA,178503485.0,1861742323845.0,59.532,6.265,38.819,40.468,13173.609,1.263,347.765,1.948,48.689,29.293,239.219,1.324,0.041
Brazil,2003,BRA,180622688.0,1904932706436.0,57.989,6.41,40.449,42.011,13211.707,1.253,344.645,1.908,51.933,30.919,232.434,1.246,0.043
Brazil,2004,BRA,182675144.0,2038447931287.0,58.27,6.402,40.444,41.73,13703.958,1.228,361.434,1.979,53.833,38.215,239.768,1.263,0.044
Brazil,2005,BRA,184688101.0,2129214530430.0,57.674,6.023,41.27,42.326,13910.277,1.207,364.371,1.973,50.952,39.619,240.218,1.231,0.045
Brazil,2006,BRA,186653099.0,2240805319046.0,57.428,5.774,41.147,42.572,14152.363,1.179,368.871,1.976,50.835,42.053,242.251,1.206,0.046
Brazil,2007,BRA,188552311.0,2405626901513.0,56.519,5.75,42.285,43.481,14905.908,1.168,390.573,2.071,54.989,43.246,256.003,1.24,0.047
Brazil,2008,BRA,190367297.0,2559842659987.0,57.327,5.578,41.389,42.673,15424.676,1.147,412.638,2.168,55.315,51.303,267.239,1.287,0.048
Brazil,2009,BRA,192079958.0,2589568436235.0,54.653,4.522,44.157,45.347,15230.74,1.13,389.775,2.029,43.586,40.959,262.705,1.237,0.049
Brazil,2010,BRA,193701931.0,2820492538862.0,56.281,5.397,42.505,43.719,16462.07,1.131,440.269,2.273,56.688,55.049,286.08,1.321,0.049
Brazil,2011,BRA,195284736.0,2968455007203.0,56.37,5.544,42.378,43.63,16981.988,1.117,461.911,2.365,62.292,53.101,303.885,1.34,0.05
Brazil,2012,BRA,196876113.0,3025484250011.0,58.501,5.33,40.259,41.499,17312.078,1.127,497.468,2.527,61.016,63.397,327.734,1.423,0.051
Brazil,2013,BRA,198478290.0,3116394665745.0,60.442,5.586,38.407,39.558,17638.982,1.123,531.569,2.678,65.604,74.704,342.338,1.507,0.052
Brazil,2014,BRA,200085126.0,3132099937531.0,61.318,5.808,37.566,38.682,17870.57,1.142,556.526,2.781,69.037,81.285,356.751,1.569,0.053
Brazil,2015,BRA,201675534.0,3021043246476.0,60.217,5.908,38.708,39.783,17530.328,1.17,528.174,2.619,69.455,80.464,330.356,1.492,0.054
Brazil,2016,BRA,203218108.0,2922076150345.0,57.285,5.48,41.536,42.715,16983.99,1.181,491.745,2.42,63.828,69.666,312.942,1.389,0.054
Brazil,2017,BRA,204703440.0,2960731613785.0,57.551,5.733,41.294,42.449,16988.619,1.175,497.255,2.429,67.318,70.688,315.045,1.382,0.055
Brazil,2018,BRA,206107265.0,3013541086239.0,54.731,5.597,44.126,45.269,16915.357,1.157,476.601,2.312,65.837,67.418,298.889,1.297,0.056
Brazil,2019,BRA,207455459.0,3050327159562.0,53.678,5.146,45.178,46.322,17194.145,1.169,476.724,2.298,61.885,67.122,302.98,1.285,0.057
Brazil,2020,BRA,208660845.0,2950377451264.0,51.847,4.852,47.116,48.153,16401.875,1.16,447.999,2.147,55.949,59.027,285.284,1.274,0.058
Brazil,2021,BRA,209550291.0,3097565215045.0,55.294,5.619,43.673,44.706,17089.926,1.156,496.562,2.37,67.936,75.975,303.465,1.347,0.059
Brazil,2022,BRA,210306411.0,3187412907763.0,51.359,4.464,47.66,48.641,17744.193,1.171,480.058,2.283,56.112,60.086,315.339,1.279,0.06
Bulgaria,1990,BGR,8822366.0,79352520673.0,85.997,29.717,1.401,14.003,36771.109,4.088,76.638,8.687,34.721,12.111,26.355,0.337,0.001
Bulgaria,1991,BGR,8695798.0,72983249507.0,83.58,32.846,2.41,16.42,30198.242,3.598,61.521,7.075,31.777,10.184,17.356,0.265,0.001
Bulgaria,1992,BGR,8559091.0,67935669606.0,84.811,36.694,2.148,15.189,28868.836,3.637,57.356,6.701,31.436,8.892,15.096,0.255,0.001
Bulgaria,1993,BGR,8466533.0,67190225135.0,83.319,37.04,1.891,16.681,31134.502,3.923,58.389,6.896,33.042,8.15,15.219,0.257,0.001
Bulgaria,1994,BGR,8416924.0,68680754016.0,81.696,35.259,1.426,18.304,30122.635,3.692,56.383,6.699,31.375,8.113,14.595,0.245,0.001
Bulgaria,1995,BGR,8357576.0,70965735433.0,80.096,32.813,2.226,19.904,32624.234,3.842,57.917,6.93,31.308,9.987,13.675,0.246,0.002
Bulgaria,1996,BGR,8291402.0,65116237713.0,78.451,32.786,2.968,21.549,32793.77,4.176,58.46,7.051,31.466,10.187,13.911,0.241,0.002
Bulgaria,1997,BGR,8217101.0,64936506648.0,77.748,39.537,2.96,22.252,31293.846,3.96,55.806,6.791,34.011,8.234,11.252,0.229,0.002
Bulgaria,1998,BGR,8138193.0,67715867197.0,77.426,39.173,3.469,22.574,30382.707,3.651,53.114,6.526,32.115,7.157,12.103,0.219,0.002
Bulgaria,1999,BGR,8067464.0,64098092292.0,76.13,36.722,3.516,23.87,26929.967,3.389,46.371,5.748,26.598,6.215,11.927,0.187,0.002
Bulgaria,2000,BGR,8000519.0,67719765830.0,73.217,33.914,3.386,26.783,27170.389,3.21,45.499,5.687,26.375,6.767,10.515,0.178,0.002
Bulgaria,2001,BGR,7928455.0,68877651140.0,73.753,37.383,2.044,26.247,28324.223,3.26,49.02,6.183,30.061,6.288,10.825,0.191,0.002
Bulgaria,2002,BGR,7861949.0,73450036758.0,71.696,35.533,2.681,28.304,27707.934,2.966,46.141,5.869,27.82,5.601,10.815,0.176,0.002
Bulgaria,2003,BGR,7804405.0,77722336425.0,75.317,38.431,3.646,24.683,28875.049,2.899,50.491,6.47,31.191,5.822,11.535,0.183,0.002
Bulgaria,2004,BGR,7749430.0,83228668873.0,75.016,37.975,3.931,24.984,28120.139,2.618,49.537,6.392,29.943,5.827,11.565,0.173,0.002
Bulgaria,2005,BGR,7695047.0,89684785590.0,73.654,34.374,4.937,26.346,30680.197,2.632,50.6,6.576,29.489,6.573,12.14,0.171,0.002
Bulgaria,2006,BGR,7640292.0,96404598197.0,73.442,34.223,4.738,26.558,31504.156,2.497,51.837,6.785,29.993,6.731,12.58,0.169,0.002
Bulgaria,2007,BGR,7586896.0,104058200673.0,79.861,39.75,3.307,20.139,30663.352,2.236,55.669,7.338,33.366,6.877,12.404,0.177,0.002
Bulgaria,2008,BGR,7535589.0,110900337989.0,78.429,38.314,3.391,21.571,30551.521,2.076,54.026,7.169,32.489,6.725,11.78,0.169,0.002
Bulgaria,2009,BGR,7488016.0,107365071902.0,75.198,36.778,4.846,24.802,26990.662,1.882,45.75,6.11,27.274,5.05,11.297,0.145,0.002
Bulgaria,2010,BGR,7437594.0,109045208364.0,73.795,38.193,7.258,26.205,28432.732,1.939,47.816,6.429,29.294,5.386,10.912,0.144,0.002
Bulgaria,2011,BGR,7380023.0,109435363210.0,76.432,42.21,4.618,23.568,30434.416,2.052,53.12,7.198,34.481,6.151,10.107,0.154,0.002
Bulgaria,2012,BGR,7317020.0,110261509885.0,73.924,37.988,6.861,26.076,29168.732,1.936,48.277,6.598,29.412,5.753,10.627,0.138,0.002
Bulgaria,2013,BGR,7264605.0,109643527181.0,71.828,35.243,9.694,28.172,27270.346,1.807,42.583,5.862,24.997,5.612,9.557,0.121,0.002
Bulgaria,2014,BGR,7223450.0,110703533681.0,71.093,35.255,9.634,28.907,29286.607,1.911,45.169,6.253,26.579,5.602,10.562,0.127,0.002
Bulgaria,2015,BGR,7177515.0,114498611934.0,71.709,34.266,10.787,28.291,31303.371,1.962,48.127,6.705,27.678,5.94,11.488,0.136,0.002
Bulgaria,2016,BGR,7127436.0,117979077002.0,71.853,31.371,9.37,28.147,29900.988,1.806,45.344,6.362,24.155,5.945,11.886,0.128,0.002
Bulgaria,2017,BGR,7075642.0,121237951710.0,73.967,32.812,8.073,26.033,30834.584,1.8,47.446,6.706,25.792,6.053,12.162,0.132,0.002
Bulgaria,2018,BGR,7024745.0,124492855771.0,69.389,29.284,12.096,30.611,31149.057,1.758,43.503,6.193,22.113,5.797,12.372,0.118,0.002
Bulgaria,2019,BGR,6975466.0,129520075495.0,70.071,28.221,10.38,29.929,30327.924,1.633,42.195,6.049,20.806,5.266,12.901,0.114,0.002
Bulgaria,2020,BGR,6933656.0,124392792956.0,67.664,24.983,11.122,32.336,28177.615,1.571,36.571,5.274,16.204,5.31,11.944,0.104,0.002
Bulgaria,2021,BGR,6877222.0,133889804025.0,68.288,27.739,13.231,31.712,32263.266,1.657,42.365,6.16,20.423,6.258,12.742,0.115,0.002
Bulgaria,2022,BGR,6825862.0,138390156500.0,70.186,31.937,12.026,29.814,33606.043,1.658,46.932,6.876,25.068,5.018,13.385,0.125,0.002
Canada,1990,CAN,27789437.0,835996817449.0,64.928,10.695,28.252,35.072,108263.508,3.599,458.018,16.482,99.139,125.706,212.193,2.015,0.02
Canada,1991,CAN,28157154.0,820274272433.0,62.834,10.319,29.252,37.166,107284.562,3.683,449.776,15.974,104.152,125.276,199.964,1.938,0.02
Canada,1992,CAN,28500066.0,829742094636.0,63.426,10.237,29.262,36.574,108832.219,3.738,463.393,16.259,106.985,132.473,202.862,2.058,0.021
Canada,1993,CAN,28830635.0,853775990714.0,62.476,8.866,29.209,37.524,110299.57,3.725,464.072,16.096,99.618,137.022,206.16,2.04,0.021
Canada,1994,CAN,29147383.0,894851932653.0,62.101,9.055,28.705,37.899,113257.367,3.689,478.468,16.415,103.287,140.26,211.173,2.083,0.021
Canada,1995,CAN,29459138.0,921360066054.0,63.196,9.236,28.664,36.804,114799.25,3.671,491.305,16.678,104.709,147.985,213.868,2.089,0.022
Canada,1996,CAN,29767210.0,938872519434.0,62.855,9.18,29.629,37.145,116706.812,3.7,507.775,17.058,106.867,154.547,220.802,2.095,0.022
Canada,1997,CAN,30059088.0,981728042651.0,64.306,9.542,29.044,35.694,116146.086,3.556,522.019,17.366,113.731,153.155,228.749,2.141,0.022
Canada,1998,CAN,30329971.0,1022474596969.0,66.07,10.341,28.09,33.93,113457.711,3.366,529.615,17.462,119.841,149.967,231.618,2.18,0.023
Canada,1999,CAN,30599458.0,1078414980757.0,65.818,9.635,28.364,34.182,116044.836,3.293,543.859,17.774,120.136,162.468,234.589,2.19,0.023
Canada,2000,CAN,30891800.0,1137681278760.0,65.852,9.925,28.536,34.148,118073.062,3.206,566.68,18.344,129.483,173.031,237.243,2.221,0.023
Canada,2001,CAN,31213578.0,1161459919261.0,66.972,10.52,27.032,33.028,114440.516,3.076,558.981,17.908,126.847,165.269,241.282,2.176,0.024
Canada,2002,CAN,31535579.0,1199865635264.0,66.997,10.241,27.335,33.003,117118.281,3.078,564.256,17.893,124.528,171.331,242.197,2.148,0.024
Canada,2003,CAN,31836483.0,1224575760991.0,68.423,10.155,26.02,31.577,116565.047,3.03,581.19,18.255,123.577,173.956,257.913,2.102,0.024
Canada,2004,CAN,32132680.0,1265917327101.0,67.733,9.445,25.7,32.267,117265.898,2.977,576.286,17.935,116.233,169.728,263.667,2.014,0.025
Canada,2005,CAN,32440172.0,1310077836124.0,66.365,9.347,27.043,33.635,117037.102,2.898,570.396,17.583,117.261,168.709,258.105,1.927,0.025
Canada,2006,CAN,32759174.0,1348293394113.0,65.572,9.366,27.208,34.428,112017.781,2.722,566.315,17.287,114.604,168.049,256.937,1.851,0.025
Canada,2007,CAN,33092171.0,1379925831954.0,67.058,9.161,26.53,32.942,118416.227,2.84,589.956,17.828,119.204,180.415,263.617,1.873,0.026
Canada,2008,CAN,33449088.0,1397938727409.0,66.006,8.821,27.374,33.994,115754.156,2.77,574.214,17.167,113.144,180.742,255.22,1.792,0.026
Canada,2009,CAN,33826370.0,1360538049277.0,65.577,7.67,27.993,34.423,109988.281,2.735,541.13,15.997,93.714,173.864,251.479,1.717,0.026
Canada,2010,CAN,34196900.0,1406355361431.0,67.085,7.771,26.567,32.915,109967.695,2.674,554.307,16.209,96.395,177.71,257.185,1.664,0.027
Canada,2011,CAN,34555449.0,1454221365109.0,66.293,6.763,27.419,33.707,112865.477,2.682,562.832,16.288,87.382,193.459,258.636,1.632,0.027
Canada,2012,CAN,34922513.0,1479829523672.0,65.8,6.406,27.863,34.2,111724.289,2.637,561.77,16.086,82.209,196.532,258.238,1.607,0.027
Canada,2013,CAN,35293421.0,1514296485427.0,65.57,6.09,27.745,34.43,113458.836,2.644,568.59,16.11,79.921,203.564,259.85,1.612,0.028
Canada,2014,CAN,35634265.0,1557757464897.0,66.089,5.781,27.026,33.911,112508.438,2.574,564.938,15.854,77.558,210.171,252.104,1.593,0.028
Canada,2015,CAN,35962236.0,1568025782105.0,65.785,5.428,27.733,34.215,111824.336,2.565,563.003,15.655,74.336,212.68,251.971,1.59,0.028
Canada,2016,CAN,36353345.0,1583727974022.0,65.047,5.481,28.46,34.953,109289.445,2.509,553.707,15.231,74.532,209.467,247.842,1.564,0.029
Canada,2017,CAN,36808498.0,1631871440185.0,64.986,5.551,28.65,35.014,109394.164,2.467,566.66,15.395,73.963,217.102,252.357,1.575,0.029
Canada,2018,CAN,37294996.0,1677189073139.0,66.13,4.513,27.664,33.87,109464.797,2.434,575.091,15.42,62.467,230.629,258.216,1.566,0.029
Canada,2019,CAN,37782934.0,1708858221312.0,66.353,4.243,27.407,33.647,107455.625,2.376,579.007,15.325,59.811,233.909,260.942,1.561,0.029
Canada,2020,CAN,38171903.0,1622144486274.0,64.143,3.885,29.457,35.857,100465.109,2.364,524.208,13.733,49.442,224.876,225.773,1.491,0.03
Canada,2021,CAN,38454058.0,1703443269914.0,64.911,3.461,29.113,35.089,100431.008,2.267,537.479,13.977,47.059,231.229,233.624,1.458,0.03
Canada,2022,CAN,38821259.0,1761295624423.0,65.036,2.748,29.497,34.964,102122.422,2.251,547.658,14.107,39.157,240.854,242.291,1.459,0.03
Chile,1990,CHL,13437181.0,133955187000.0,81.919,19.668,18.081,18.081,11585.809,1.162,32.908,2.449,10.707,2.613,18.527,0.145,0.002
Chile,1991,CHL,13662482.0,143694660776.0,76.982,14.423,23.018,23.018,12806.18,1.218,30.892,2.261,8.628,2.198,19.113,0.133,0.002
Chile,1992,CHL,13884579.0,160277244361.0,72.813,11.261,27.187,27.187,13986.307,1.212,32.001,2.305,7.456,2.612,20.819,0.142,0.002
Chile,1993,CHL,14102276.0,170385338997.0,73.62,10.746,26.38,26.38,14552.833,1.204,34.098,2.418,7.628,2.448,22.819,0.15,0.002
Chile,1994,CHL,14316263.0,178942754051.0,75.149,12.06,24.851,24.851,15051.502,1.204,37.975,2.653,9.362,2.631,24.234,0.165,0.002
Chile,1995,CHL,14527382.0,196694148759.0,75.079,12.065,24.921,24.921,15986.057,1.181,41.563,2.861,10.314,2.616,26.835,0.177,0.002
Chile,1996,CHL,14734049.0,209865805164.0,78.45,15.761,21.55,21.55,16685.5,1.171,48.226,3.273,14.415,2.682,29.259,0.199,0.002
Chile,1997,CHL,14932436.0,222279419403.0,79.079,17.942,20.921,20.921,18822.027,1.264,55.942,3.746,18.606,4.529,31.052,0.229,0.002
Chile,1998,CHL,15127799.0,227977542773.0,82.804,16.821,17.196,17.196,18606.529,1.235,57.258,3.785,17.77,6.441,31.21,0.236,0.002
Chile,1999,CHL,15319311.0,224771940848.0,85.462,16.639,14.538,14.538,19133.707,1.304,61.408,4.009,18.518,9.032,32.155,0.247,0.002
Chile,2000,CHL,15503638.0,233340518904.0,81.144,12.296,18.856,18.856,19827.041,1.317,58.503,3.773,14.242,11.919,30.627,0.229,0.002
Chile,2001,CHL,15683852.0,239642803054.0,78.939,9.474,21.061,21.061,19978.824,1.308,52.918,3.374,9.263,13.517,28.468,0.206,0.002
Chile,2002,CHL,15857926.0,243288829547.0,78.166,9.335,21.834,21.834,20229.719,1.319,54.836,3.458,9.38,13.506,30.323,0.209,0.002
Chile,2003,CHL,16024755.0,250723122339.0,78.988,8.872,21.012,21.012,20124.473,1.286,55.1,3.438,9.244,14.737,29.587,0.199,0.002
Chile,2004,CHL,16187324.0,264146071325.0,81.446,9.609,18.554,18.554,21269.668,1.303,59.221,3.658,10.274,16.048,31.324,0.207,0.002
Chile,2005,CHL,16348780.0,278000705012.0,78.917,9.092,21.083,21.083,21856.49,1.285,61.116,3.738,10.241,15.557,33.826,0.206,0.002
Chile,2006,CHL,16509195.0,293258343549.0,78.085,10.977,21.915,21.915,22392.51,1.261,64.048,3.88,12.535,14.334,35.735,0.209,0.002
Chile,2007,CHL,16671571.0,305709457316.0,81.428,13.007,18.572,18.572,22151.396,1.208,70.469,4.227,13.003,8.764,47.223,0.224,0.002
Chile,2008,CHL,16838987.0,314032357531.0,79.353,13.927,20.647,20.647,21931.584,1.176,70.549,4.19,16.733,4.825,47.549,0.22,0.002
Chile,2009,CHL,17009730.0,306660166266.0,78.024,13.277,21.976,21.976,20833.512,1.156,65.96,3.878,13.429,6.379,44.932,0.209,0.002
Chile,2010,CHL,17181463.0,321457401232.0,81.059,14.511,18.941,18.941,21182.576,1.132,71.347,4.153,16.525,10.227,43.461,0.214,0.002
Chile,2011,CHL,17351810.0,338708860136.0,82.328,17.539,17.672,17.672,22228.908,1.139,78.071,4.499,20.848,10.45,45.628,0.226,0.002
Chile,2012,CHL,17519116.0,359556383692.0,82.024,19.576,17.976,17.976,22988.977,1.12,79.621,4.545,23.479,9.809,45.162,0.228,0.002
Chile,2013,CHL,17687006.0,371454072393.0,81.976,21.419,18.024,18.024,23393.406,1.114,81.733,4.621,25.395,9.292,45.914,0.232,0.003
Chile,2014,CHL,17864192.0,378114271615.0,80.481,21.861,19.519,19.519,22924.852,1.083,77.586,4.343,24.385,8.296,43.82,0.219,0.003
Chile,2015,CHL,18047630.0,386251266445.0,79.0,20.771,21.0,21.0,22952.033,1.072,81.778,4.531,27.191,9.112,44.353,0.231,0.003
Chile,2016,CHL,18267225.0,393022253885.0,80.659,20.089,19.341,19.341,23753.109,1.104,84.25,4.612,27.015,9.951,46.064,0.238,0.003
Chile,2017,CHL,18558868.0,398359518680.0,78.574,20.144,21.426,21.426,24265.859,1.131,84.135,4.533,27.754,9.944,45.465,0.234,0.003
Chile,2018,CHL,18893185.0,414254051745.0,76.574,18.707,23.426,23.426,24785.533,1.13,84.443,4.469,27.07,9.981,46.573,0.23,0.003
Chile,2019,CHL,19197748.0,417331966568.0,77.459,18.595,22.541,22.541,24689.287,1.136,91.977,4.791,31.017,12.051,48.022,0.248,0.003
Chile,2020,CHL,19370621.0,391686945225.0,75.126,16.751,24.874,24.874,22842.719,1.13,80.178,4.139,25.193,11.043,43.035,0.228,0.003
Chile,2021,CHL,19456323.0,437659188270.0,76.579,17.22,23.421,23.421,24509.102,1.09,83.63,4.298,24.101,12.083,46.49,0.227,0.003
Chile,2022,CHL,19553033.0,448338105532.0,73.921,13.338,26.079,26.079,25750.754,1.123,85.744,4.385,19.858,12.867,52.159,0.228,0.003
China,1990,CHN,1153582725.0,3385121670000.0,95.55,77.5,4.45,4.45,6881.387,2.345,2483.534,2.153,1976.808,29.301,330.292,10.925,0.044
China,1991,CHN,1170788533.0,3508948004345.0,95.832,77.369,4.168,4.168,7121.363,2.376,2619.143,2.237,2049.723,30.778,356.027,11.287,0.046
China,1992,CHN,1184574236.0,3755037703201.0,95.843,76.929,4.157,4.157,7406.634,2.337,2731.29,2.306,2114.612,30.239,385.794,12.128,0.047
China,1993,CHN,1197308574.0,4126169229667.0,95.47,76.035,4.483,4.53,7899.078,2.292,2914.284,2.434,2228.683,35.728,428.549,12.81,0.049
China,1994,CHN,1209003099.0,4438753488140.0,94.923,76.28,4.668,5.077,8311.651,2.264,3093.891,2.559,2380.736,41.568,423.712,13.467,0.05
China,1995,CHN,1220133929.0,4809999898743.0,94.415,74.988,5.239,5.585,8484.854,2.152,3351.197,2.747,2569.699,42.436,468.23,14.25,0.052
China,1996,CHN,1230944809.0,5127589598793.0,94.785,74.455,4.849,5.215,8861.039,2.127,3499.311,2.843,2660.288,44.47,510.622,14.44,0.054
China,1997,CHN,1241139623.0,5291338914515.0,94.577,72.471,5.057,5.423,8847.622,2.075,3512.35,2.83,2609.78,44.158,557.961,14.406,0.056
China,1998,CHN,1250847122.0,5338703042331.0,94.524,71.797,5.119,5.476,8794.493,2.061,3355.336,2.682,2444.896,50.501,559.262,13.81,0.057
China,1999,CHN,1260176650.0,5578503091801.0,94.742,71.359,4.893,5.258,9035.296,2.041,3549.949,2.817,2580.985,54.572,596.751,14.293,0.059
China,2000,CHN,1269581174.0,5952682232028.0,94.269,69.83,5.336,5.731,9294.628,1.982,3643.81,2.87,2601.591,59.796,648.685,14.283,0.061
China,2001,CHN,1278725061.0,6329737256820.0,93.36,69.53,6.251,6.64,9751.95,1.97,3724.114,2.912,2637.885,67.158,659.301,14.495,0.063
China,2002,CHN,1286866835.0,6814493895929.0,93.569,69.989,5.922,6.431,10553.145,1.993,4098.181,3.185,3018.604,53.993,653.087,15.603,0.065
China,2003,CHN,1294517323.0,7248623080792.0,94.25,71.565,5.001,5.75,12219.811,2.182,4835.251,3.735,3601.892,60.745,727.099,17.486,0.067
China,2004,CHN,1302100316.0,7830953177799.0,93.969,71.32,5.289,6.031,14214.832,2.364,5210.961,4.002,3835.193,71.521,839.096,18.214,0.069
China,2005,CHN,1310027135.0,8602939667333.0,94.08,73.52,5.239,5.92,16050.938,2.444,5881.991,4.49,4424.24,84.957,850.176,19.872,0.072
China,2006,CHN,1318054030.0,9489543138489.0,94.095,73.656,5.267,5.905,17486.639,2.429,6486.185,4.921,4905.253,103.753,898.537,21.201,0.075
China,2007,CHN,1325813576.0,10358206113742.0,93.932,73.804,5.407,6.068,18893.74,2.418,6974.663,5.261,5289.79,129.515,927.355,22.142,0.078
China,2008,CHN,1333821011.0,10799148337884.0,92.431,72.251,6.872,7.569,19508.211,2.409,7492.404,5.617,5729.368,149.674,970.121,23.377,0.082
China,2009,CHN,1342522717.0,11572544299171.0,92.76,72.489,6.56,7.24,20229.75,2.347,7881.491,5.871,6028.871,164.404,982.355,25.01,0.085
China,2010,CHN,1351561505.0,12858808500983.0,92.132,70.336,7.195,7.868,21497.809,2.26,8610.048,6.37,6569.148,199.585,1092.572,25.842,0.089
China,2011,CHN,1360250658.0,13691526496125.0,92.579,70.97,6.697,7.421,23037.326,2.289,9520.153,6.999,7309.64,245.99,1123.862,27.611,0.094
China,2012,CHN,1369520866.0,14773157494771.0,91.152,69.083,8.068,8.848,23821.602,2.208,9767.311,7.132,7464.979,277.599,1176.716,27.943,0.098
China,2013,CHN,1379008040.0,15925464549520.0,90.679,68.027,8.474,9.321,24548.49,2.126,9942.371,7.21,7493.418,320.127,1234.622,28.185,0.102
China,2014,CHN,1387951970.0,17103948867278.0,89.328,66.074,9.69,10.672,25021.807,2.03,9976.027,7.188,7425.231,370.222,1255.609,28.129,0.107
China,2015,CHN,1396134171.0,18301224436466.0,88.48,63.967,10.278,11.52,25166.627,1.92,9858.04,7.061,7266.352,380.052,1328.812,27.845,0.111
China,2016,CHN,1404052628.0,19545709173693.0,87.357,61.893,11.113,12.643,25125.633,1.805,9748.175,6.943,7071.886,421.726,1357.842,27.543,0.116
China,2017,CHN,1412354730.0,20894362082435.0,86.629,60.249,11.666,13.371,25949.135,1.754,10000.014,7.08,7163.662,486.359,1430.594,27.797,0.12
China,2018,CHN,1419008954.0,22294284747546.0,85.85,58.647,12.224,14.15,27068.061,1.723,10346.79,7.292,7316.7,575.369,1500.478,28.167,0.125
China,2019,CHN,1423520357.0,23631941251482.0,85.048,57.512,12.786,14.952,28231.928,1.701,10713.515,7.526,7522.577,630.171,1559.739,28.888,0.129
China,2020,CHN,1426106093.0,24151843898871.0,84.407,56.879,13.396,15.593,29095.936,1.718,10896.521,7.641,7679.382,676.473,1523.058,30.993,0.134
China,2021,CHN,1426437269.0,26180600167672.0,83.496,55.941,14.195,16.504,30738.947,1.675,11284.401,7.911,8004.203,765.332,1521.109,30.609,0.139
China,2022,CHN,1425179562.0,26966016991166.0,82.455,55.309,15.218,17.545,31235.707,1.651,11711.808,8.218,8468.947,773.225,1559.721,31.208,0.144
Colombia,1990,COL,32440064.0,253538201000.0,68.799,7.507,31.201,31.201,7783.004,0.996,56.857,1.753,13.828,8.372,31.111,0.25,0.009
Colombia,1991,COL,33098373.0,259415683485.0,69.369,9.194,30.631,30.631,7830.261,0.999,56.609,1.71,12.351,8.695,31.998,0.244,0.009
Colombia,1992,COL,33760571.0,270562880339.0,76.198,14.778,23.802,23.802,7953.24,0.992,61.341,1.817,13.495,8.365,35.651,0.272,0.009
Colombia,1993,COL,34441479.0,286025318326.0,72.631,14.271,27.369,27.369,8483.56,1.022,63.26,1.837,14.107,8.644,36.038,0.278,0.009
Colombia,1994,COL,35127408.0,300636179033.0,70.884,15.102,29.116,29.116,9006.918,1.052,66.982,1.907,13.534,8.976,39.558,0.292,0.009
Colombia,1995,COL,35804670.0,316101744239.0,71.584,13.202,28.416,28.416,9041.412,1.024,59.35,1.658,14.04,8.295,31.793,0.252,0.009
Colombia,1996,COL,36462740.0,322403822039.0,69.849,9.854,30.151,30.151,9231.311,1.044,59.628,1.635,12.403,10.234,32.577,0.246,0.009
Colombia,1997,COL,37121155.0,333997136300.0,73.568,11.453,26.432,26.432,9217.649,1.024,65.096,1.754,12.201,12.454,34.797,0.267,0.009
Colombia,1998,COL,37792169.0,335365604121.0,74.435,10.75,25.565,25.565,9169.126,1.033,65.56,1.735,11.592,13.021,35.356,0.27,0.009
Colombia,1999,COL,38454861.0,321583145089.0,70.0,9.24,30.0,30.0,8396.195,1.004,55.286,1.438,9.585,11.201,30.393,0.223,0.009
Colombia,2000,COL,39089939.0,330615619673.0,71.761,10.186,28.239,28.239,8037.474,0.95,56.213,1.438,10.033,12.488,29.329,0.22,0.009
Colombia,2001,COL,39709263.0,336096684249.0,71.428,9.945,28.572,28.572,7979.616,0.943,56.465,1.422,10.127,13.26,28.543,0.22,0.009
Colombia,2002,COL,40324684.0,344517683680.0,69.561,8.192,30.439,30.439,7859.605,0.92,55.417,1.374,9.061,13.245,28.722,0.211,0.009
Colombia,2003,COL,40937426.0,357889195415.0,68.36,8.918,31.64,31.64,7886.754,0.902,57.033,1.393,10.311,12.682,29.647,0.206,0.009
Colombia,2004,COL,41543177.0,376728225954.0,68.311,7.419,31.689,31.689,8172.958,0.901,54.324,1.308,7.075,13.348,29.525,0.19,0.009
Colombia,2005,COL,42128978.0,394076061209.0,67.217,4.754,32.783,32.783,7935.191,0.848,60.256,1.43,10.215,14.007,30.93,0.204,0.009
Colombia,2006,COL,42691081.0,420283862175.0,69.064,11.708,30.936,30.936,9041.391,0.918,62.466,1.463,9.332,14.033,33.969,0.204,0.01
Colombia,2007,COL,43235374.0,448731322364.0,68.54,10.144,31.46,31.46,9072.923,0.874,60.67,1.403,8.031,14.033,33.02,0.193,0.01
Colombia,2008,COL,43758805.0,464038717488.0,68.733,12.894,31.267,31.267,9334.807,0.88,66.982,1.531,10.747,17.518,33.441,0.209,0.01
Colombia,2009,COL,44271543.0,471326580093.0,71.229,11.97,28.771,28.771,9120.582,0.857,71.771,1.621,11.084,20.097,35.739,0.228,0.01
Colombia,2010,COL,44777325.0,489870174161.0,72.596,13.389,27.404,27.404,9482.501,0.867,75.431,1.685,12.607,21.987,35.697,0.226,0.01
Colombia,2011,COL,45259614.0,521323240921.0,68.629,10.393,31.371,31.371,9805.576,0.851,75.191,1.661,12.725,21.05,35.339,0.218,0.01
Colombia,2012,COL,45715807.0,541722649583.0,70.977,11.759,29.023,29.023,10323.192,0.871,78.675,1.721,10.326,22.901,38.917,0.225,0.01
Colombia,2013,COL,46151583.0,569534665242.0,73.733,12.291,26.267,26.267,10509.707,0.852,86.445,1.873,16.264,22.339,41.509,0.245,0.01
Colombia,2014,COL,46565426.0,595158021031.0,74.692,12.357,25.308,25.308,10964.914,0.858,92.042,1.977,16.458,23.907,45.216,0.26,0.01
Colombia,2015,COL,46969938.0,612750891790.0,74.455,11.624,25.545,25.545,10738.822,0.823,91.027,1.938,17.602,24.406,42.891,0.257,0.01
Colombia,2016,COL,47437513.0,625545111723.0,75.637,11.746,24.363,24.363,11569.512,0.877,91.583,1.931,17.994,22.896,45.459,0.259,0.01
Colombia,2017,COL,48131076.0,634046295892.0,71.213,8.872,28.787,28.787,11535.692,0.876,83.459,1.734,12.655,22.783,42.872,0.232,0.01
Colombia,2018,COL,49024463.0,650303209362.0,72.092,8.087,27.908,27.908,11652.967,0.878,90.811,1.852,11.219,23.53,50.695,0.247,0.01
Colombia,2019,COL,49907987.0,671028388046.0,73.246,9.497,26.754,26.754,11495.876,0.855,98.962,1.983,23.79,24.223,45.58,0.267,0.011
Colombia,2020,COL,50629997.0,622365414246.0,72.889,9.313,27.111,27.111,10227.39,0.832,92.305,1.823,20.343,23.952,43.224,0.263,0.011
Colombia,2021,COL,51188174.0,690925195330.0,70.334,6.777,29.666,29.666,11053.629,0.819,103.734,2.027,19.742,21.76,56.821,0.281,0.011
Colombia,2022,COL,51737944.0,742716953392.0,71.616,8.005,28.384,28.384,12123.15,0.845,89.437,1.729,17.894,21.54,44.467,0.238,0.011
Croatia,1990,HRV,4835067.0,58374079130.0,89.097,9.392,10.903,10.903,20851.836,1.727,22.885,4.733,2.982,4.873,13.149,0.101,0.001
Croatia,1991,HRV,4825159.0,46751295520.0,81.426,6.386,18.574,18.574,17365.137,1.792,16.999,3.523,1.911,4.082,9.568,0.073,0.001
Croatia,1992,HRV,4782235.0,41906545003.0,84.827,5.828,15.173,15.173,16838.043,1.922,16.379,3.425,1.492,4.312,9.056,0.073,0.001
Croatia,1993,HRV,4729734.0,39138894948.0,84.736,4.748,15.264,15.264,17761.256,2.146,16.811,3.554,1.209,4.732,9.288,0.074,0.001
Croatia,1994,HRV,4675517.0,42079800726.0,81.981,2.947,18.019,18.019,18150.568,2.017,16.055,3.434,0.804,4.392,9.2,0.07,0.001
Croatia,1995,HRV,4619362.0,45617097590.0,81.788,2.341,18.212,18.212,19017.701,1.926,16.814,3.64,0.858,3.844,10.537,0.072,0.001
Croatia,1996,HRV,4562290.0,48751845543.0,76.442,1.793,23.558,23.558,20656.52,1.933,17.338,3.8,0.682,4.313,10.706,0.072,0.001
Croatia,1997,HRV,4504627.0,52770093719.0,82.383,3.065,17.617,17.617,20725.064,1.769,18.569,4.122,1.069,4.546,11.241,0.076,0.001
Croatia,1998,HRV,4445669.0,54840833756.0,82.843,2.77,17.157,17.157,22208.432,1.8,19.04,4.283,1.018,4.301,12.025,0.078,0.001
Croatia,1999,HRV,4385823.0,55058853604.0,79.78,2.38,20.22,20.22,23282.852,1.855,20.082,4.579,0.891,4.471,12.785,0.081,0.001
Croatia,2000,HRV,4326105.0,57398794775.0,81.206,5.263,18.794,18.794,22317.953,1.682,19.653,4.543,1.795,4.562,11.151,0.077,0.001
Croatia,2001,HRV,4301079.0,57633269426.0,80.215,5.575,19.785,19.785,23602.438,1.761,20.776,4.83,1.907,4.851,11.605,0.081,0.001
Croatia,2002,HRV,4305783.0,61317061359.0,84.06,6.755,15.94,15.94,23601.307,1.657,21.916,5.09,2.318,5.025,12.147,0.083,0.001
Croatia,2003,HRV,4306683.0,65731224853.0,85.886,7.171,14.114,14.114,24687.121,1.617,23.226,5.393,2.6,4.905,13.34,0.084,0.001
Croatia,2004,HRV,4310050.0,69483828958.0,81.062,7.345,18.938,18.938,25647.283,1.591,22.853,5.302,2.77,5.256,12.3,0.08,0.001
Croatia,2005,HRV,4313946.0,73522772944.0,82.431,7.359,17.569,17.569,25332.936,1.486,23.296,5.4,2.747,5.116,12.851,0.079,0.001
Croatia,2006,HRV,4315802.0,78256427771.0,83.356,6.911,16.644,16.644,25012.688,1.379,23.496,5.444,2.555,5.06,13.159,0.077,0.001
Croatia,2007,HRV,4315959.0,83591431787.0,88.255,7.444,11.745,11.745,25128.795,1.297,24.802,5.747,2.777,5.871,13.442,0.079,0.001
Croatia,2008,HRV,4314635.0,86620961215.0,85.53,7.717,14.47,14.47,24999.676,1.245,23.516,5.45,2.849,5.693,12.447,0.073,0.001
Croatia,2009,HRV,4310537.0,81451695571.0,81.241,5.6,18.759,18.759,24704.299,1.307,21.752,5.046,2.029,5.256,12.426,0.069,0.001
Croatia,2010,HRV,4301150.0,81303793822.0,77.284,7.443,22.716,22.716,25170.996,1.332,20.978,4.877,2.738,5.712,10.561,0.063,0.001
Croatia,2011,HRV,4280827.0,82302805353.0,85.287,8.735,14.713,14.713,22063.092,1.148,20.615,4.816,2.794,5.564,10.42,0.06,0.001
Croatia,2012,HRV,4259233.0,80383800465.0,83.926,8.45,16.074,16.074,20565.84,1.09,19.05,4.473,2.484,5.195,9.71,0.054,0.001
Croatia,2013,HRV,4242403.0,80064089923.0,74.441,8.307,25.559,25.559,22645.891,1.2,18.401,4.337,2.678,4.912,9.073,0.052,0.001
Croatia,2014,HRV,4219485.0,79720242860.0,72.751,7.968,27.249,27.249,22753.666,1.204,17.65,4.183,2.57,4.305,8.96,0.05,0.001
Croatia,2015,HRV,4183732.0,81731110395.0,78.349,7.842,21.651,21.651,21755.668,1.114,17.794,4.253,2.376,4.461,9.389,0.05,0.001
Croatia,2016,HRV,4136438.0,84640158587.0,77.206,8.106,22.794,22.794,22901.484,1.119,18.079,4.371,2.561,4.729,9.34,0.051,0.001
Croatia,2017,HRV,4079198.0,87528490789.0,80.654,4.87,19.346,19.346,23235.795,1.083,18.713,4.587,1.551,5.432,9.982,0.052,0.001
Croatia,2018,HRV,4024868.0,89979865983.0,74.064,4.394,25.936,25.936,24388.486,1.091,17.695,4.396,1.449,5.042,9.556,0.048,0.001
Croatia,2019,HRV,3986338.0,93057982684.0,76.73,5.178,23.27,23.27,24035.391,1.03,17.82,4.47,1.678,5.243,9.286,0.048,0.001
Croatia,2020,HRV,3953956.0,85073361985.0,74.967,4.657,25.033,25.033,23110.643,1.074,16.87,4.267,1.424,5.521,8.271,0.048,0.001
Croatia,2021,HRV,3924607.0,96194363488.0,71.317,4.987,28.683,28.683,25050.172,1.022,17.403,4.434,1.652,5.351,8.725,0.047,0.001
Croatia,2022,HRV,3907031.0,102284645672.0,74.947,5.14,25.053,25.053,23846.066,0.911,17.585,4.501,1.613,4.885,9.469,0.047,0.001
Cyprus,1990,CYP,788355.0,10601790424.0,100.0,3.681,0.0,0.0,24449.057,1.818,4.648,5.896,0.232,0.002,3.697,0.02,0.0
Cyprus,1991,CYP,798950.0,10802933313.0,100.0,2.682,0.0,0.0,24422.248,1.806,5.136,6.429,0.232,0.001,4.227,0.022,0.0
Cyprus,1992,CYP,810344.0,11948250048.0,100.0,4.234,0.0,0.0,28132.1,1.908,5.509,6.798,0.062,0.002,4.718,0.024,0.0
Cyprus,1993,CYP,826042.0,12173586499.0,100.0,3.436,0.0,0.0,28679.145,1.946,5.753,6.964,0.074,0.002,4.882,0.025,0.0
Cyprus,1994,CYP,844669.0,13051263000.0,100.0,4.704,0.0,0.0,28096.639,1.818,5.995,7.097,0.065,0.002,5.101,0.026,0.0
Cyprus,1995,CYP,862698.0,14530339515.0,100.0,4.932,0.0,0.0,29246.24,1.736,5.866,6.799,0.048,0.002,5.022,0.025,0.0
Cyprus,1996,CYP,880295.0,14861081660.0,100.0,4.542,0.0,0.0,29086.635,1.723,6.216,7.061,0.043,0.001,5.319,0.026,0.0
Cyprus,1997,CYP,897574.0,15384666855.0,100.0,3.419,0.0,0.0,28801.662,1.68,6.302,7.022,0.045,0.001,5.437,0.026,0.0
Cyprus,1998,CYP,914552.0,16341391926.0,100.0,0.593,0.0,0.0,30010.984,1.68,6.597,7.213,0.062,0.001,5.757,0.027,0.0
Cyprus,1999,CYP,931235.0,17289794170.0,100.0,0.966,0.0,0.0,31013.311,1.67,6.863,7.37,0.072,0.001,6.009,0.028,0.0
Cyprus,2000,CYP,947667.0,18447964503.0,100.0,1.384,0.0,0.0,31932.213,1.64,7.107,7.499,0.117,0.002,6.185,0.028,0.0
Cyprus,2001,CYP,964129.0,19289559263.0,100.0,2.014,0.0,0.0,31748.504,1.587,6.98,7.239,0.127,0.0,6.066,0.027,0.0
Cyprus,2002,CYP,981443.0,20131146271.0,100.0,1.695,0.0,0.0,30756.688,1.499,7.172,7.308,0.127,0.0,6.226,0.027,0.0
Cyprus,2003,CYP,999600.0,20821863547.0,100.0,1.595,0.0,0.0,32101.143,1.541,7.561,7.564,0.127,0.001,6.612,0.027,0.0
Cyprus,2004,CYP,1017875.0,21975893073.0,99.993,1.639,0.007,0.007,30679.959,1.421,7.787,7.65,0.137,0.001,6.764,0.027,0.0
Cyprus,2005,CYP,1036156.0,23006188640.0,99.993,1.462,0.007,0.007,33771.734,1.521,7.952,7.674,0.152,0.001,6.938,0.027,0.0
Cyprus,2006,CYP,1054424.0,24267407225.0,99.988,1.02,0.012,0.012,32635.766,1.418,8.183,7.761,0.151,0.001,7.129,0.027,0.0
Cyprus,2007,CYP,1072727.0,25673703212.0,99.942,0.911,0.058,0.058,32614.639,1.363,8.475,7.9,0.119,0.001,7.457,0.027,0.0
Cyprus,2008,CYP,1091029.0,26913613219.0,99.412,0.727,0.588,0.588,32863.738,1.332,8.692,7.966,0.111,0.001,7.679,0.027,0.0
Cyprus,2009,CYP,1109377.0,26682210733.0,99.227,0.395,0.773,0.773,31552.451,1.312,8.438,7.606,0.059,0.001,7.651,0.027,0.0
Cyprus,2010,CYP,1127826.0,27285556934.0,98.905,0.501,1.095,1.095,30196.178,1.248,8.072,7.157,0.071,0.001,7.41,0.024,0.0
Cyprus,2011,CYP,1146493.0,27627899267.0,98.0,0.238,2.0,2.0,29415.918,1.221,7.792,6.797,0.031,0.001,7.189,0.023,0.0
Cyprus,2012,CYP,1165403.0,26675451028.0,97.229,0.009,2.771,2.771,27119.346,1.185,7.262,6.231,0.001,0.001,6.732,0.021,0.0
Cyprus,2013,CYP,1183899.0,24918237857.0,96.32,0.01,3.68,3.68,23885.867,1.135,6.578,5.556,0.001,0.001,5.811,0.019,0.0
Cyprus,2014,CYP,1201806.0,24475580582.0,96.631,0.091,3.369,3.369,23543.232,1.156,6.93,5.766,0.009,0.0,5.934,0.02,0.0
Cyprus,2015,CYP,1219504.0,25312505108.0,96.033,0.133,3.967,3.967,23931.43,1.153,6.952,5.701,0.015,0.0,6.049,0.02,0.0
Cyprus,2016,CYP,1237114.0,26976335005.0,96.206,0.016,3.794,3.794,25654.014,1.176,7.35,5.941,0.002,0.0,6.451,0.021,0.0
Cyprus,2017,CYP,1254274.0,28523085691.0,96.249,0.107,3.751,3.751,25987.689,1.143,7.469,5.955,0.012,0.0,6.518,0.021,0.0
Cyprus,2018,CYP,1270743.0,30134014224.0,96.016,0.489,3.984,3.984,25545.797,1.077,7.324,5.764,0.054,0.0,6.402,0.02,0.0
Cyprus,2019,CYP,1286669.0,31800247242.0,95.568,0.6,4.432,4.432,25253.969,1.022,7.324,5.693,0.068,0.0,6.442,0.02,0.0
Cyprus,2020,CYP,1302250.0,30409793367.0,93.612,0.575,6.388,6.388,21717.27,0.93,6.903,5.301,0.056,0.0,5.945,0.02,0.0
Cyprus,2021,CYP,1317311.0,32428676744.0,92.612,1.614,7.388,7.388,22653.711,0.92,6.951,5.276,0.159,0.0,5.894,0.019,0.0
Cyprus,2022,CYP,1331376.0,34255009922.0,92.235,1.128,7.765,7.765,23790.744,0.925,7.071,5.311,0.123,0.0,6.047,0.019,0.0
Czechia,1990,CZE,10301989.0,146168284839.0,93.004,63.385,0.591,6.996,53071.695,3.741,164.252,15.944,123.419,12.564,22.471,0.723,0.004
Czechia,1991,CZE,10304420.0,130499462994.0,92.606,63.801,0.609,7.394,48293.75,3.813,148.886,14.449,112.711,12.294,19.764,0.642,0.004
Czechia,1992,CZE,10312449.0,131496641304.0,92.128,61.395,0.812,7.872,46834.602,3.673,145.708,14.129,105.791,14.721,21.152,0.647,0.004
Czechia,1993,CZE,10320404.0,133342958573.0,91.751,60.236,0.91,8.249,46406.059,3.592,140.126,13.578,100.747,15.317,20.343,0.616,0.004
Czechia,1994,CZE,10322332.0,139002246482.0,91.151,58.538,1.104,8.849,45194.73,3.356,132.67,12.853,94.922,14.225,19.745,0.577,0.004
Czechia,1995,CZE,10312041.0,149541611781.0,91.552,56.22,1.445,8.448,47150.117,3.251,131.624,12.764,94.834,15.63,17.604,0.56,0.004
Czechia,1996,CZE,10296140.0,157900113788.0,91.564,54.23,1.323,8.436,48845.676,3.185,135.019,13.114,95.219,18.041,17.985,0.557,0.004
Czechia,1997,CZE,10280049.0,158827904845.0,91.409,53.13,1.379,8.591,46918.055,3.037,130.942,12.737,90.923,18.435,17.635,0.537,0.004
Czechia,1998,CZE,10265430.0,160364287569.0,90.855,50.729,1.31,9.145,45616.305,2.92,125.717,12.247,83.666,18.424,19.533,0.517,0.004
Czechia,1999,CZE,10251385.0,164728010192.0,90.086,48.219,1.629,9.914,43797.691,2.726,116.669,11.381,75.616,18.475,18.559,0.47,0.004
Czechia,2000,CZE,10236809.0,174309526192.0,90.5,52.122,1.525,9.5,46352.703,2.722,127.233,12.429,86.836,18.134,18.139,0.499,0.004
Czechia,2001,CZE,10231942.0,181753179328.0,89.964,50.023,1.618,10.036,47427.164,2.67,127.165,12.428,84.798,19.3,19.236,0.495,0.004
Czechia,2002,CZE,10239474.0,187044887124.0,87.534,48.983,1.884,12.466,47537.262,2.602,123.988,12.109,82.673,18.539,19.177,0.472,0.005
Czechia,2003,CZE,10248907.0,196328003846.0,85.079,47.101,1.173,14.921,50205.371,2.621,127.592,12.449,83.968,18.974,20.924,0.461,0.005
Czechia,2004,CZE,10261453.0,208725903761.0,84.899,45.989,1.538,15.101,51437.602,2.529,128.314,12.504,83.408,19.12,21.916,0.448,0.005
Czechia,2005,CZE,10280155.0,225302570264.0,85.465,45.142,1.695,14.535,50547.094,2.306,125.713,12.229,80.604,18.759,22.518,0.425,0.005
Czechia,2006,CZE,10304592.0,243991794814.0,84.895,45.875,1.902,15.105,51380.527,2.17,126.533,12.279,81.885,18.415,22.236,0.414,0.005
Czechia,2007,CZE,10337539.0,260673045889.0,84.775,46.281,1.887,15.225,50660.535,2.009,128.364,12.417,83.628,17.459,22.976,0.408,0.005
Czechia,2008,CZE,10378298.0,271709547503.0,83.995,44.772,2.311,16.005,49489.691,1.89,122.928,11.845,78.66,17.298,22.808,0.384,0.005
Czechia,2009,CZE,10420985.0,261919697582.0,82.306,43.116,3.141,17.694,47290.25,1.882,114.972,11.033,73.287,16.315,21.89,0.365,0.005
Czechia,2010,CZE,10464035.0,271231988282.0,81.984,42.719,3.759,18.016,49087.086,1.894,117.464,11.226,74.554,18.398,21.02,0.353,0.005
Czechia,2011,CZE,10495508.0,279082754736.0,80.584,43.047,4.745,19.416,47827.676,1.799,115.178,10.974,73.749,16.825,20.802,0.334,0.005
Czechia,2012,CZE,10507339.0,276891945353.0,79.069,41.495,5.199,20.931,47532.332,1.804,111.276,10.59,70.768,16.624,20.305,0.318,0.005
Czechia,2013,CZE,10511164.0,276764861619.0,77.845,40.326,6.019,22.155,46638.129,1.771,106.71,10.152,66.87,16.826,19.66,0.303,0.005
Czechia,2014,CZE,10517223.0,283025537919.0,77.599,39.906,6.231,22.401,45633.422,1.696,104.233,9.911,64.905,15.113,20.702,0.294,0.005
Czechia,2015,CZE,10524418.0,298276052489.0,79.048,40.548,6.44,20.952,44726.094,1.578,104.99,9.976,64.322,15.909,21.211,0.297,0.005
Czechia,2016,CZE,10531946.0,305844147713.0,80.388,41.405,6.502,19.612,44091.977,1.518,106.636,10.125,64.728,17.008,21.24,0.301,0.005
Czechia,2017,CZE,10541343.0,321652381589.0,79.169,38.379,6.312,20.831,46538.844,1.525,107.736,10.22,64.307,17.713,22.011,0.299,0.005
Czechia,2018,CZE,10548934.0,332009886797.0,78.52,38.239,6.179,21.48,46357.695,1.473,106.322,10.079,63.573,16.641,22.221,0.289,0.005
Czechia,2019,CZE,10554872.0,342069373423.0,77.499,35.225,6.744,22.501,45278.137,1.397,100.997,9.569,57.468,17.361,22.341,0.272,0.005
Czechia,2020,CZE,10550129.0,323245433506.0,75.598,33.062,7.539,24.402,41949.023,1.369,91.661,8.688,49.727,17.431,20.963,0.261,0.005
Czechia,2021,CZE,10530683.0,334729441747.0,76.404,32.491,7.275,23.596,44290.191,1.393,96.629,9.176,51.406,19.045,22.437,0.262,0.005
Czechia,2022,CZE,10673216.0,342966849621.0,75.422,34.572,7.496,24.578,42043.363,1.308,95.04,8.905,52.909,15.805,22.765,0.253,0.006
Denmark,1990,DNK,5141024.0,151205742035.0,98.796,35.095,1.204,1.204,39284.199,1.336,53.477,10.402,24.005,4.35,23.187,0.235,0.002
Denmark,1991,DNK,5154346.0,154212932867.0,98.609,41.288,1.391,1.391,45176.191,1.51,64.105,12.437,32.57,4.917,24.287,0.276,0.002
Denmark,1992,DNK,5171372.0,158125301722.0,98.051,36.72,1.949,1.949,42181.609,1.38,58.327,11.279,27.133,5.167,23.621,0.259,0.002
Denmark,1993,DNK,5188638.0,159069870418.0,97.739,36.329,2.261,2.261,44578.895,1.454,60.574,11.674,28.451,5.851,23.998,0.266,0.002
Denmark,1994,DNK,5206188.0,168493895001.0,97.966,36.428,2.034,2.034,47646.367,1.472,64.673,12.422,30.578,6.546,25.165,0.281,0.002
Denmark,1995,DNK,5233364.0,174484978091.0,97.791,31.008,2.209,2.209,46551.258,1.396,61.653,11.781,25.6,7.574,26.024,0.262,0.002
Denmark,1996,DNK,5263071.0,180654110941.0,97.907,35.815,2.093,2.093,55079.805,1.605,74.9,14.231,35.137,8.909,28.364,0.309,0.002
Denmark,1997,DNK,5285041.0,187647333700.0,96.772,29.365,3.228,3.228,49762.707,1.402,65.438,12.382,26.15,9.375,27.143,0.268,0.002
Denmark,1998,DNK,5304263.0,192859238471.0,95.544,25.891,4.456,4.456,47827.82,1.315,61.238,11.545,22.219,10.186,26.393,0.252,0.002
Denmark,1999,DNK,5321814.0,199699305568.0,94.857,22.433,5.143,5.143,46234.027,1.232,58.653,11.021,18.672,10.711,26.258,0.236,0.002
Denmark,2000,DNK,5339659.0,208333676429.0,93.241,19.597,6.759,6.759,44294.852,1.135,54.307,10.17,15.657,10.64,25.366,0.213,0.002
Denmark,2001,DNK,5358825.0,211243390442.0,92.935,20.654,7.065,7.065,44266.516,1.123,55.897,10.431,16.558,11.105,25.608,0.218,0.002
Denmark,2002,DNK,5375967.0,213517288371.0,91.803,20.731,8.197,8.197,44039.605,1.109,55.554,10.334,16.537,11.096,25.32,0.212,0.002
Denmark,2003,DNK,5390621.0,215549132167.0,90.946,26.244,9.054,9.054,47347.523,1.184,60.645,11.25,22.573,11.214,24.394,0.219,0.002
Denmark,2004,DNK,5404594.0,222528951750.0,88.76,21.269,11.24,11.24,44712.285,1.086,55.1,10.195,17.281,11.154,24.072,0.193,0.002
Denmark,2005,DNK,5419550.0,229074701412.0,88.045,18.538,11.955,11.955,43106.32,1.02,51.535,9.509,14.602,10.69,23.886,0.174,0.002
Denmark,2006,DNK,5437425.0,239411013967.0,89.758,25.464,10.242,10.242,46985.727,1.067,59.5,10.943,22.006,10.882,24.231,0.194,0.002
Denmark,2007,DNK,5461604.0,242913735233.0,88.047,22.413,11.953,11.953,44565.855,1.002,54.709,10.017,18.422,9.738,24.169,0.174,0.002
Denmark,2008,DNK,5493762.0,243090598807.0,87.905,20.414,12.095,12.095,42752.508,0.966,51.256,9.33,16.134,9.826,23.317,0.16,0.002
Denmark,2009,DNK,5523169.0,232507363099.0,87.156,21.326,12.844,12.844,39978.305,0.95,48.851,8.845,15.784,9.412,22.296,0.155,0.002
Denmark,2010,DNK,5547865.0,238190225279.0,85.027,19.406,14.973,14.973,42534.68,0.991,49.19,8.866,15.351,10.555,21.946,0.148,0.002
Denmark,2011,DNK,5570848.0,242757622888.0,81.475,17.274,18.525,18.525,39666.25,0.91,44.237,7.941,12.915,8.972,20.915,0.128,0.002
Denmark,2012,DNK,5591911.0,243307499552.0,78.768,14.594,21.232,21.232,36703.641,0.844,39.861,7.128,10.078,8.404,19.952,0.114,0.002
Denmark,2013,DNK,5615333.0,245578374484.0,78.144,17.985,21.856,21.856,37700.766,0.862,41.763,7.437,12.755,7.929,19.574,0.118,0.002
Denmark,2014,DNK,5643795.0,249555233739.0,74.695,14.853,25.305,25.305,36068.551,0.816,37.571,6.657,10.143,6.81,19.085,0.106,0.002
Denmark,2015,DNK,5683698.0,255401297489.0,72.975,10.819,27.025,27.025,35007.945,0.779,35.111,6.177,7.242,6.905,19.471,0.099,0.002
Denmark,2016,DNK,5728196.0,263691544304.0,73.995,12.347,26.005,26.005,35194.582,0.765,36.917,6.445,8.413,7.009,19.751,0.104,0.002
Denmark,2017,DNK,5765164.0,271132202845.0,69.499,9.182,30.501,30.501,35208.766,0.749,34.665,6.013,6.253,6.676,19.918,0.096,0.002
Denmark,2018,DNK,5793824.0,276526484620.0,70.62,9.512,29.38,29.38,34539.766,0.724,34.609,5.973,6.362,6.483,19.968,0.094,0.002
Denmark,2019,DNK,5814618.0,280656364923.0,69.817,4.95,30.183,30.183,37285.684,0.772,30.95,5.323,3.588,6.024,19.686,0.083,0.002
Denmark,2020,DNK,5831529.0,275058379473.0,65.328,4.926,34.672,34.672,32952.969,0.699,28.3,4.853,3.166,4.799,18.579,0.08,0.002
Denmark,2021,DNK,5856774.0,288414406840.0,61.19,6.575,38.81,38.81,32756.869,0.665,29.604,5.055,4.207,4.808,18.827,0.08,0.002
Denmark,2022,DNK,5902901.0,299429011832.0,59.208,6.392,40.792,40.792,32903.926,0.649,29.094,4.929,4.133,3.468,19.869,0.078,0.002
Ecuador,1990,ECU,10473674.0,64188502782.0,82.704,0.004,17.296,17.296,7731.968,1.262,16.501,1.575,0.0,0.509,13.26,0.073,0.002
Ecuador,1991,ECU,10702377.0,67933582437.0,84.073,0.007,15.927,15.927,8356.9,1.317,16.198,1.514,0.0,0.601,13.124,0.07,0.002
Ecuador,1992,ECU,10930128.0,70873835048.0,84.316,0.005,15.684,15.684,8140.747,1.255,21.998,2.013,0.0,0.465,19.138,0.098,0.002
Ecuador,1993,ECU,11154283.0,72804333284.0,82.302,0.001,17.698,17.698,8268.7,1.267,24.121,2.163,0.0,0.535,21.119,0.106,0.002
Ecuador,1994,ECU,11372197.0,76428090430.0,81.606,0.004,18.394,18.394,8821.755,1.313,14.338,1.261,0.0,0.484,10.648,0.062,0.002
Ecuador,1995,ECU,11590519.0,78692037555.0,84.733,0.004,15.267,15.267,8180.669,1.205,23.534,2.03,0.0,0.465,19.558,0.1,0.002
Ecuador,1996,ECU,11810954.0,80612101466.0,83.498,0.005,16.502,16.502,9136.731,1.339,25.337,2.145,0.0,0.495,20.863,0.105,0.002
Ecuador,1997,ECU,12031129.0,84682917021.0,84.754,0.005,15.246,15.246,9992.515,1.42,19.461,1.618,0.0,0.451,15.253,0.08,0.002
Ecuador,1998,ECU,12251188.0,88055994335.0,84.899,0.008,15.101,15.101,9863.863,1.372,23.117,1.887,0.0,0.462,19.28,0.095,0.002
Ecuador,1999,ECU,12470800.0,84464765477.0,81.701,0.011,18.299,18.299,8839.105,1.305,21.997,1.764,0.0,0.432,18.478,0.089,0.002
Ecuador,2000,ECU,12689215.0,85978888021.0,79.427,0.016,20.573,20.573,8206.088,1.211,20.949,1.651,0.0,0.473,17.324,0.082,0.002
Ecuador,2001,ECU,12910736.0,90060703680.0,81.263,0.02,18.737,18.737,8170.174,1.171,23.436,1.815,0.0,0.48,19.647,0.091,0.002
Ecuador,2002,ECU,13138473.0,94404507340.0,79.94,0.022,20.06,20.06,7924.009,1.103,24.861,1.892,0.0,0.476,21.233,0.095,0.002
Ecuador,2003,ECU,13372304.0,97642542688.0,81.428,0.837,18.572,18.572,7972.256,1.092,27.113,2.028,0.0,0.931,22.871,0.098,0.002
Ecuador,2004,ECU,13608700.0,106393261231.0,82.182,0.019,17.818,17.818,8381.104,1.072,29.31,2.154,0.0,1.136,24.659,0.102,0.002
Ecuador,2005,ECU,13846162.0,112798230080.0,84.25,0.021,15.75,15.75,8719.008,1.07,30.652,2.214,0.0,0.894,26.007,0.104,0.002
Ecuador,2006,ECU,14086138.0,118581678982.0,84.565,0.05,15.435,15.435,9064.634,1.077,29.781,2.114,0.0,0.956,24.918,0.097,0.002
Ecuador,2007,ECU,14328783.0,122016284055.0,81.372,0.019,18.628,18.628,9369.433,1.1,34.393,2.4,0.0,1.022,29.312,0.109,0.002
Ecuador,2008,ECU,14575201.0,130654762337.0,78.451,0.205,21.549,21.549,9830.746,1.097,30.488,2.092,0.0,0.931,24.915,0.095,0.003
Ecuador,2009,ECU,14825960.0,132310294703.0,81.989,0.05,18.011,18.011,9429.752,1.057,33.815,2.281,0.0,1.099,27.971,0.107,0.003
Ecuador,2010,ECU,15076697.0,137913290159.0,84.863,0.075,15.137,15.137,10293.648,1.125,36.469,2.419,0.0,1.158,30.331,0.109,0.003
Ecuador,2011,ECU,15326232.0,149795272280.0,81.725,0.067,18.275,18.275,10742.646,1.099,38.48,2.511,0.0,1.048,32.873,0.112,0.003
Ecuador,2012,ECU,15572195.0,158246726051.0,81.091,0.076,18.909,18.909,11169.487,1.099,37.493,2.408,0.0,1.4,32.148,0.107,0.003
Ecuador,2013,ECU,15807132.0,166075183974.0,83.481,0.082,16.519,16.519,11356.213,1.081,39.685,2.511,0.0,1.59,33.973,0.112,0.003
Ecuador,2014,ECU,16035127.0,172367775440.0,83.549,0.074,16.451,16.451,11759.381,1.094,43.76,2.729,0.0,1.631,37.614,0.123,0.003
Ecuador,2015,ECU,16266229.0,172538423301.0,81.244,0.081,18.756,18.756,11560.524,1.09,41.298,2.539,0.0,1.535,35.442,0.117,0.003
Ecuador,2016,ECU,16505142.0,170423090933.0,77.399,0.048,22.601,22.601,11354.271,1.1,39.375,2.386,0.0,1.652,33.474,0.111,0.003
Ecuador,2017,ECU,16759515.0,174458721084.0,72.804,0.049,27.196,27.196,11641.728,1.118,39.196,2.339,0.0,1.535,33.387,0.109,0.003
Ecuador,2018,ECU,17049542.0,176707497535.0,73.764,0.16,26.236,26.236,12104.737,1.168,38.451,2.255,0.0,1.356,33.155,0.105,0.003
Ecuador,2019,ECU,17340017.0,176728682555.0,69.618,0.048,30.382,30.382,12187.595,1.196,40.083,2.312,0.0,1.213,34.933,0.108,0.003
Ecuador,2020,ECU,17546058.0,162965075602.0,65.376,0.157,34.624,34.624,10421.851,1.122,32.473,1.851,0.0,1.03,27.465,0.092,0.003
Ecuador,2021,ECU,17682454.0,169866634253.0,68.962,0.264,31.038,31.038,12023.042,1.252,38.185,2.159,0.0,1.085,32.668,0.104,0.003
Ecuador,2022,ECU,17823900.0,175028884708.0,71.574,0.365,28.426,28.426,12495.487,1.272,42.066,2.36,0.0,1.002,36.448,0.112,0.003
Egypt,1990,EGY,58396625.0,227979905812.0,92.903,2.266,7.097,7.097,6701.131,1.716,72.884,1.248,3.36,13.015,52.075,0.321,0.001
Egypt,1991,EGY,60029001.0,241323329041.0,93.021,2.302,6.979,6.979,6604.019,1.643,74.447,1.24,2.697,14.904,51.839,0.321,0.001
Egypt,1992,EGY,61480663.0,254191038156.0,93.035,2.381,6.965,6.965,6386.172,1.545,77.419,1.259,2.59,16.118,53.132,0.344,0.001
Egypt,1993,EGY,62915681.0,269984893134.0,92.832,2.867,7.168,7.168,6245.07,1.455,90.835,1.444,3.415,18.511,62.757,0.399,0.001
Egypt,1994,EGY,64285596.0,286215812013.0,92.755,2.934,7.245,7.245,6427.995,1.444,87.483,1.361,3.693,20.158,53.089,0.381,0.001
Egypt,1995,EGY,65652621.0,305979220895.0,92.866,1.853,7.134,7.134,6668.746,1.431,97.968,1.492,2.451,26.011,58.104,0.417,0.001
Egypt,1996,EGY,67028045.0,328668878031.0,93.053,2.417,6.947,6.947,6881.848,1.403,97.042,1.448,3.43,27.707,53.652,0.4,0.001
Egypt,1997,EGY,68431738.0,354503266736.0,93.165,1.963,6.835,6.835,7021.602,1.355,110.934,1.621,2.851,25.063,70.384,0.455,0.001
Egypt,1998,EGY,69943297.0,380551417847.0,93.25,1.855,6.75,6.75,7153.041,1.315,124.256,1.777,2.792,26.293,82.594,0.511,0.001
Egypt,1999,EGY,71520953.0,409935668443.0,93.008,1.571,6.992,6.992,7506.734,1.31,126.987,1.776,2.506,31.625,79.54,0.511,0.001
Egypt,2000,EGY,73083287.0,444250275939.0,93.002,1.787,6.998,6.998,7779.254,1.28,142.837,1.954,3.144,40.718,85.32,0.56,0.001
Egypt,2001,EGY,74652035.0,475679003242.0,93.176,1.506,6.824,6.824,7947.725,1.247,126.372,1.693,2.748,43.361,66.434,0.492,0.001
Egypt,2002,EGY,76239140.0,501912285229.0,93.595,1.57,6.405,6.405,8004.338,1.216,128.362,1.684,2.957,52.97,57.133,0.489,0.001
Egypt,2003,EGY,77853548.0,528750466385.0,94.401,1.537,5.599,5.599,8297.523,1.222,149.954,1.926,3.063,58.212,73.293,0.542,0.001
Egypt,2004,EGY,79477441.0,561597926809.0,94.683,1.488,5.317,5.317,8581.729,1.214,151.917,1.911,3.191,57.625,75.638,0.531,0.001
Egypt,2005,EGY,81101012.0,600297394092.0,94.927,1.419,5.073,5.073,8624.019,1.165,166.934,2.058,3.067,68.622,79.21,0.564,0.001
Egypt,2006,EGY,82700404.0,650403845291.0,95.124,1.348,4.876,4.876,8907.385,1.133,178.389,2.157,2.928,73.833,83.689,0.583,0.002
Egypt,2007,EGY,84276224.0,713462332878.0,94.939,1.151,5.061,5.061,9309.617,1.1,189.201,2.245,2.917,81.128,84.763,0.601,0.002
Egypt,2008,EGY,85864791.0,775303694329.0,94.899,0.977,5.101,5.101,9687.769,1.073,195.86,2.281,2.854,83.31,92.404,0.611,0.002
Egypt,2009,EGY,87501635.0,831415021492.0,95.475,0.838,4.525,4.525,9847.488,1.036,205.243,2.346,2.689,81.788,98.338,0.651,0.002
Egypt,2010,EGY,89196073.0,898751418203.0,95.802,0.605,4.198,4.198,10035.327,0.996,202.704,2.273,4.126,81.949,95.594,0.608,0.002
Egypt,2011,EGY,91093066.0,923052843843.0,95.937,0.546,4.063,4.063,10336.393,1.02,221.675,2.434,1.7,92.679,106.393,0.643,0.002
Egypt,2012,EGY,93161000.0,950287307199.0,96.08,0.465,3.92,3.92,10518.4,1.031,212.524,2.281,1.803,92.919,97.477,0.608,0.002
Egypt,2013,EGY,95333551.0,984556585202.0,96.091,0.462,3.909,3.909,10209.089,0.989,219.087,2.298,1.7,90.4,103.374,0.621,0.002
Egypt,2014,EGY,97528655.0,1035721838706.0,96.087,0.471,3.913,3.913,9863.477,0.929,227.254,2.33,1.495,81.7,118.497,0.641,0.002
Egypt,2015,EGY,99597334.0,1079611566322.0,95.938,0.957,4.062,4.062,9800.544,0.904,226.654,2.276,1.345,84.152,111.266,0.64,0.002
Egypt,2016,EGY,101644583.0,1121578599865.0,96.13,1.379,3.87,3.87,10135.914,0.919,245.164,2.412,1.608,94.823,118.243,0.693,0.003
Egypt,2017,EGY,103696055.0,1158060486104.0,96.373,1.306,3.627,3.627,10325.806,0.925,253.364,2.443,6.507,108.407,108.447,0.704,0.003
Egypt,2018,EGY,105682092.0,1220661740193.0,96.168,2.376,3.832,3.832,10137.438,0.878,241.903,2.289,13.007,102.697,97.802,0.659,0.003
Egypt,2019,EGY,107553159.0,1289253465646.0,95.362,2.194,4.638,4.638,9749.406,0.813,234.06,2.176,10.124,120.52,76.284,0.631,0.003
Egypt,2020,EGY,109315118.0,1307778142529.0,94.032,0.888,5.968,5.968,9028.072,0.755,246.323,2.253,5.401,116.631,98.241,0.701,0.003
Egypt,2021,EGY,110957005.0,1400985648780.0,94.092,1.335,5.908,5.908,9564.884,0.758,266.839,2.405,8.702,122.938,104.622,0.724,0.003
Egypt,2022,EGY,112618252.0,1460427350416.0,94.313,1.107,5.687,5.687,9857.579,0.76,249.899,2.219,7.762,104.011,109.147,0.666,0.003
Estonia,1990,EST,1570309.0,27066096904.0,100.0,56.454,0.0,0.0,81248.344,4.714,36.906,23.503,24.435,2.717,9.137,0.162,0.001
Estonia,1991,EST,1565380.0,23940083198.0,100.0,56.579,0.0,0.0,74582.453,4.877,34.135,21.806,22.547,2.754,8.208,0.147,0.001
Estonia,1992,EST,1540214.0,20201098370.0,100.0,65.655,0.0,0.0,52778.336,4.024,24.413,15.85,17.796,1.605,4.632,0.108,0.001
Estonia,1993,EST,1504344.0,18206161939.0,100.0,63.168,0.0,0.0,44911.559,3.711,19.433,12.918,13.589,0.802,4.793,0.085,0.001
Estonia,1994,EST,1475716.0,17713297126.0,100.0,63.735,0.0,0.0,46444.621,3.869,20.039,13.579,14.118,1.118,4.453,0.087,0.001
Estonia,1995,EST,1452774.0,18632898028.0,99.97,65.161,0.03,0.03,42790.797,3.336,18.053,12.427,12.916,1.284,3.485,0.077,0.001
Estonia,1996,EST,1434655.0,19286856884.0,99.976,64.288,0.024,0.024,46012.625,3.423,19.033,13.267,13.451,1.42,3.779,0.079,0.001
Estonia,1997,EST,1421494.0,21171918456.0,99.962,64.505,0.038,0.038,45745.91,3.071,18.673,13.136,13.191,1.391,3.668,0.077,0.001
Estonia,1998,EST,1411206.0,21698756967.0,99.936,60.935,0.064,0.064,41336.574,2.688,16.933,11.999,11.5,1.332,3.637,0.07,0.001
Estonia,1999,EST,1403578.0,21126870271.0,99.904,59.871,0.096,0.096,38286.332,2.544,15.93,11.349,10.921,1.277,3.315,0.064,0.001
Estonia,2000,EST,1397001.0,23525730943.0,99.665,61.771,0.335,0.335,39725.285,2.359,15.471,11.074,10.851,1.482,2.716,0.061,0.001
Estonia,2001,EST,1388174.0,24618992841.0,99.846,58.908,0.154,0.154,41670.422,2.35,15.87,11.432,10.679,1.594,3.166,0.062,0.001
Estonia,2002,EST,1379438.0,25689833693.0,99.82,57.824,0.18,0.18,41761.258,2.242,15.358,11.134,10.382,1.347,3.217,0.058,0.001
Estonia,2003,EST,1370849.0,27160243367.0,99.789,61.4,0.211,0.211,45822.414,2.313,17.251,12.584,12.172,1.528,3.158,0.062,0.001
Estonia,2004,EST,1362682.0,28392969678.0,99.722,60.015,0.278,0.278,47044.355,2.258,17.322,12.712,12.012,1.727,3.167,0.061,0.001
Estonia,2005,EST,1354847.0,30566893529.0,99.523,59.099,0.477,0.477,47580.188,2.109,17.09,12.614,11.745,1.727,3.196,0.058,0.001
Estonia,2006,EST,1346885.0,33162229951.0,99.417,57.156,0.583,0.583,47279.691,1.92,16.438,12.205,11.047,1.717,3.206,0.054,0.001
Estonia,2007,EST,1340709.0,35115520992.0,99.432,61.416,0.568,0.568,55004.875,2.1,19.93,14.866,14.258,1.711,3.31,0.063,0.001
Estonia,2008,EST,1337078.0,32659893005.0,99.129,59.688,0.871,0.871,50749.477,2.078,17.815,13.324,12.322,1.656,3.187,0.056,0.001
Estonia,2009,EST,1334528.0,27402480486.0,97.278,59.618,2.722,2.722,44005.977,2.143,14.405,10.794,10.022,1.199,2.901,0.046,0.001
Estonia,2010,EST,1331450.0,27586968284.0,95.62,64.102,4.38,4.38,54937.555,2.651,18.965,14.244,14.262,1.301,3.053,0.057,0.001
Estonia,2011,EST,1327366.0,29217295065.0,95.153,65.061,4.847,4.847,54968.051,2.497,18.948,14.275,14.182,1.164,3.145,0.055,0.001
Estonia,2012,EST,1322615.0,30160490093.0,94.0,59.379,6.0,6.0,55562.555,2.437,17.761,13.429,12.602,1.254,3.228,0.051,0.001
Estonia,2013,EST,1317920.0,30600421813.0,95.297,62.629,4.703,4.703,58776.996,2.531,19.634,14.898,14.532,1.194,3.206,0.056,0.001
Estonia,2014,EST,1314457.0,31521829560.0,94.378,64.002,5.622,5.622,56419.855,2.353,18.784,14.29,14.072,1.008,3.23,0.053,0.001
Estonia,2015,EST,1314580.0,32106015454.0,93.342,61.314,6.658,6.658,52204.055,2.137,15.78,12.004,11.271,0.903,3.333,0.045,0.001
Estonia,2016,EST,1315850.0,33119083785.0,93.492,62.419,6.508,6.508,53777.426,2.137,17.433,13.248,12.763,0.991,3.427,0.049,0.001
Estonia,2017,EST,1317430.0,35037377711.0,93.1,64.253,6.9,6.9,59573.93,2.24,18.616,14.131,13.877,0.912,3.435,0.052,0.001
Estonia,2018,EST,1321972.0,36363239216.0,92.202,63.265,7.798,7.798,58911.23,2.142,17.801,13.465,13.063,0.958,3.397,0.048,0.001
Estonia,2019,EST,1326822.0,37723175050.0,89.624,57.248,10.376,10.376,47301.492,1.664,12.288,9.261,7.776,0.882,3.255,0.033,0.001
Estonia,2020,EST,1329675.0,37515273353.0,84.648,49.814,15.352,15.352,44171.176,1.566,9.198,6.918,5.277,0.806,3.029,0.026,0.001
Estonia,2021,EST,1331750.0,40521483538.0,85.703,51.933,14.297,14.297,46137.703,1.516,10.391,7.802,6.458,0.916,2.929,0.028,0.001
Estonia,2022,EST,1350093.0,39999856613.0,86.759,54.373,13.241,13.241,46890.336,1.583,11.966,8.863,8.086,0.679,3.133,0.032,0.001
Finland,1990,FIN,4986576.0,134055215099.0,68.839,19.164,14.47,31.161,64823.824,2.411,56.921,11.415,22.134,5.155,27.66,0.25,0.002
Finland,1991,FIN,5013889.0,126220143051.0,67.427,18.725,15.994,32.573,65968.336,2.62,55.195,11.008,21.39,5.386,26.81,0.238,0.002
Finland,1992,FIN,5042145.0,122116750127.0,65.915,17.117,17.648,34.085,65383.906,2.7,54.272,10.764,20.68,5.577,26.656,0.241,0.002
Finland,1993,FIN,5066594.0,121309307835.0,66.082,19.388,17.067,33.918,65628.07,2.741,56.32,11.116,23.403,5.824,25.606,0.248,0.002
Finland,1994,FIN,5088454.0,126178680040.0,69.035,22.459,15.338,30.965,68592.805,2.766,61.739,12.133,27.595,6.297,26.409,0.269,0.002
Finland,1995,FIN,5107919.0,131586003036.0,66.559,20.863,17.208,33.441,65141.914,2.529,58.122,11.379,24.659,6.512,25.593,0.247,0.002
Finland,1996,FIN,5124715.0,136506127418.0,69.318,23.778,14.945,30.682,67804.508,2.546,64.04,12.496,29.759,6.791,26.033,0.264,0.002
Finland,1997,FIN,5139927.0,145148158927.0,66.489,22.224,16.853,33.511,68557.547,2.428,62.703,12.199,28.499,6.649,26.018,0.257,0.002
Finland,1998,FIN,5153545.0,153138899026.0,63.365,17.669,19.755,36.635,70678.422,2.379,59.358,11.518,23.72,7.594,26.573,0.244,0.002
Finland,1999,FIN,5165516.0,160063696383.0,64.413,17.445,17.504,35.587,69141.047,2.231,58.874,11.398,23.038,7.573,26.725,0.237,0.002
Finland,2000,FIN,5176197.0,169209765102.0,63.226,16.451,19.163,36.774,69377.148,2.122,57.017,11.015,21.987,7.718,25.823,0.223,0.002
Finland,2001,FIN,5187970.0,173703951475.0,65.418,19.434,17.238,34.582,70720.078,2.112,62.52,12.051,26.127,8.392,26.445,0.243,0.002
Finland,2002,FIN,5200548.0,176751491921.0,67.417,20.992,15.842,32.583,70909.469,2.086,65.049,12.508,28.307,8.342,26.807,0.248,0.002
Finland,2003,FIN,5212958.0,180408462125.0,69.923,24.431,14.248,30.077,75758.852,2.189,72.658,13.938,35.017,9.231,26.925,0.263,0.002
Finland,2004,FIN,5228147.0,187633923914.0,65.163,22.095,18.999,34.837,75218.609,2.096,68.946,13.187,31.641,8.871,26.914,0.241,0.002
Finland,2005,FIN,5246078.0,192990732516.0,63.238,15.625,19.045,36.762,68155.234,1.853,57.064,10.877,21.039,8.127,26.361,0.193,0.003
Finland,2006,FIN,5266248.0,200966858669.0,66.744,22.703,17.117,33.256,72824.57,1.908,68.374,12.983,31.585,8.688,26.452,0.223,0.003
Finland,2007,FIN,5288715.0,211541390078.0,65.162,21.531,18.351,34.838,72265.656,1.807,66.764,12.624,30.348,8.119,26.645,0.212,0.003
Finland,2008,FIN,5313379.0,213226105706.0,61.54,17.069,21.795,38.46,69352.391,1.728,58.625,11.033,23.675,8.36,24.94,0.183,0.003
Finland,2009,FIN,5338854.0,195739132370.0,63.074,18.531,18.615,36.926,63925.277,1.744,55.921,10.474,22.899,7.504,24.196,0.177,0.003
Finland,2010,FIN,5363347.0,201746033638.0,64.696,21.509,19.122,35.304,69227.406,1.84,64.092,11.95,29.144,8.276,25.13,0.192,0.003
Finland,2011,FIN,5388236.0,207084301562.0,62.145,18.548,20.478,37.855,64942.016,1.69,56.646,10.513,24.082,7.255,23.764,0.164,0.003
Finland,2012,FIN,5413978.0,204190196792.0,57.955,15.644,24.392,42.045,62885.137,1.667,51.154,9.449,19.595,6.464,23.67,0.146,0.003
Finland,2013,FIN,5439057.0,202349011206.0,59.954,17.205,22.15,40.046,62841.867,1.689,51.719,9.509,21.359,6.065,22.84,0.147,0.003
Finland,2014,FIN,5461686.0,201610622550.0,57.363,15.991,24.195,42.637,60388.477,1.636,47.622,8.719,19.326,5.394,21.542,0.134,0.003
Finland,2015,FIN,5479719.0,202706706722.0,54.312,13.713,27.515,45.688,60020.109,1.623,44.192,8.065,16.843,4.726,21.384,0.125,0.003
Finland,2016,FIN,5495468.0,208405735062.0,56.339,15.482,25.935,43.661,60792.52,1.603,47.252,8.598,18.66,4.208,22.939,0.134,0.003
Finland,2017,FIN,5508398.0,215058877437.0,54.561,14.484,27.99,45.439,59403.098,1.522,44.657,8.107,17.088,3.887,22.213,0.124,0.003
Finland,2018,FIN,5515730.0,217509947213.0,54.764,14.868,27.99,45.236,60525.258,1.535,45.736,8.292,17.924,4.415,22.044,0.125,0.003
Finland,2019,FIN,5521754.0,220173891564.0,53.049,12.755,28.591,46.951,59218.777,1.485,42.444,7.687,15.257,4.314,21.648,0.114,0.003
Finland,2020,FIN,5529616.0,214988893865.0,48.75,10.199,32.588,51.25,56776.078,1.46,37.72,6.821,11.853,4.382,20.261,0.107,0.003
Finland,2021,FIN,5541069.0,221538476826.0,46.498,10.796,35.036,53.502,57854.73,1.447,37.82,6.825,12.711,4.356,19.468,0.103,0.003
Finland,2022,FIN,5569300.0,226154847456.0,45.3,10.582,34.897,54.7,57499.422,1.416,36.337,6.525,12.579,2.41,20.124,0.097,0.003
France,1990,FRA,56990239.0,1636207672000.0,60.78,8.79,5.936,39.22,46496.09,1.619,394.904,6.929,80.69,59.211,234.705,1.737,0.012
France,1991,FRA,57271564.0,1654070164992.0,61.234,8.711,5.941,38.766,49486.617,1.713,419.119,7.318,86.241,66.875,246.275,1.806,0.012
France,1992,FRA,57554867.0,1681416991070.0,59.705,7.653,7.019,40.295,49655.938,1.7,408.433,7.096,78.038,67.822,244.389,1.814,0.012
France,1993,FRA,57801261.0,1671995828699.0,57.11,6.041,6.624,42.89,49374.152,1.707,388.89,6.728,63.127,67.969,240.498,1.709,0.012
France,1994,FRA,57999868.0,1712086429935.0,56.017,6.055,8.129,43.983,48702.859,1.65,381.903,6.585,61.809,67.514,234.585,1.662,0.013
France,1995,FRA,58192207.0,1748659531786.0,56.073,6.271,7.396,43.927,49906.992,1.661,386.959,6.65,62.977,68.705,237.37,1.645,0.013
France,1996,FRA,58380638.0,1773843233893.0,56.414,6.352,6.506,43.586,51598.414,1.698,403.352,6.909,65.333,75.83,244.422,1.664,0.013
France,1997,FRA,58568662.0,1816394950229.0,56.065,5.672,6.447,43.935,50635.941,1.633,396.023,6.762,61.29,75.104,242.028,1.624,0.013
France,1998,FRA,58778817.0,1882050330390.0,57.988,6.556,6.12,42.012,51672.051,1.614,414.357,7.049,71.294,76.864,248.068,1.705,0.013
France,1999,FRA,59084209.0,1949849405155.0,56.971,5.804,7.02,43.029,52095.41,1.579,413.07,6.991,66.41,80.748,248.521,1.663,0.013
France,2000,FRA,59483716.0,2031676031476.0,56.16,5.555,6.409,43.84,52416.18,1.535,407.445,6.85,65.75,84.307,239.763,1.597,0.014
France,2001,FRA,59905131.0,2077786711965.0,55.477,4.637,7.072,44.523,52467.066,1.513,411.592,6.871,56.1,88.43,249.573,1.602,0.014
France,2002,FRA,60327247.0,2107316572579.0,55.284,5.017,5.879,44.716,51700.012,1.48,407.027,6.747,58.586,87.94,243.247,1.55,0.014
France,2003,FRA,60741119.0,2130940712046.0,55.765,5.256,5.675,44.235,51909.512,1.48,412.989,6.799,59.198,91.624,245.064,1.493,0.014
France,2004,FRA,61175244.0,2196883540402.0,55.689,5.015,5.684,44.311,51983.934,1.448,414.073,6.769,58.225,93.182,244.922,1.447,0.014
France,2005,FRA,61625031.0,2238790479440.0,55.947,5.219,5.122,44.053,51181.785,1.409,416.343,6.756,62.032,94.862,241.908,1.407,0.014
France,2006,FRA,62049831.0,2297018080700.0,55.382,4.862,5.702,44.618,50426.094,1.362,406.669,6.554,59.484,92.274,236.777,1.329,0.015
France,2007,FRA,62432438.0,2354672057875.0,55.193,5.114,6.356,44.807,49265.891,1.306,396.461,6.35,61.349,89.101,227.452,1.259,0.015
France,2008,FRA,62780187.0,2362451821701.0,54.63,4.838,7.319,45.37,49137.234,1.306,389.794,6.209,56.167,92.016,223.518,1.216,0.015
France,2009,FRA,63106460.0,2295352990111.0,55.186,4.473,7.409,44.814,46095.289,1.267,371.404,5.885,45.161,90.665,219.508,1.179,0.015
France,2010,FRA,63417366.0,2342490492199.0,54.455,4.662,7.882,45.545,47325.062,1.281,377.079,5.946,49.071,96.134,215.854,1.132,0.015
France,2011,FRA,63733776.0,2393401943613.0,53.03,4.323,6.93,46.97,45465.84,1.211,355.127,5.572,42.169,87.85,208.907,1.03,0.015
France,2012,FRA,64058465.0,2400896391731.0,52.932,4.812,8.714,47.068,45190.879,1.206,358.1,5.59,46.931,90.837,205.354,1.024,0.015
France,2013,FRA,64387736.0,2414733629218.0,52.58,5.065,9.857,47.42,45428.73,1.211,360.013,5.591,49.664,91.386,204.287,1.021,0.016
France,2014,FRA,64692495.0,2437822780219.0,49.861,3.886,9.885,50.139,43247.398,1.148,327.809,5.067,39.548,76.454,197.641,0.924,0.016
France,2015,FRA,64916337.0,2464953810985.0,50.689,3.671,9.568,49.311,43493.316,1.145,332.131,5.116,38.024,81.392,199.231,0.938,0.016
France,2016,FRA,65086853.0,2491956183265.0,52.511,3.647,10.362,47.489,42506.238,1.11,335.496,5.155,36.016,89.261,196.896,0.948,0.016
France,2017,FRA,65284775.0,2549057506683.0,53.594,4.008,9.803,46.406,42218.559,1.081,338.368,5.183,39.997,89.406,195.911,0.941,0.016
France,2018,FRA,65519537.0,2596599107835.0,51.165,3.641,11.513,48.835,42589.262,1.075,323.102,4.931,35.126,84.89,189.446,0.88,0.016
France,2019,FRA,65729460.0,2644453795826.0,51.566,2.95,11.754,48.434,41554.387,1.033,316.321,4.812,29.426,86.387,187.285,0.853,0.016
France,2020,FRA,65905273.0,2438594133224.0,49.74,2.325,13.972,50.26,37087.555,1.002,281.515,4.272,23.854,80.065,165.543,0.801,0.017
France,2021,FRA,66083547.0,2604822841790.0,50.611,2.932,12.914,49.389,39307.219,0.997,307.272,4.65,30.472,85.402,179.122,0.833,0.017
France,2022,FRA,66277412.0,2671568767031.0,54.471,2.828,13.726,45.529,34796.047,0.863,295.304,4.456,26.199,77.656,179.255,0.787,0.017
Germany,1990,DEU,79707963.0,2015547498359.0,88.603,36.593,1.264,11.397,52600.035,2.08,1054.796,13.233,569.117,122.281,333.324,4.64,0.03
Germany,1991,DEU,80303190.0,2141316417831.0,88.76,32.94,1.202,11.24,50939.98,1.91,1016.93,12.664,504.043,130.146,355.311,4.382,0.031
Germany,1992,DEU,80934901.0,2204952392823.0,87.524,30.39,1.438,12.476,49537.809,1.818,969.464,11.978,454.311,129.3,357.981,4.305,0.031
Germany,1993,DEU,81486771.0,2206290854718.0,87.786,28.797,1.498,12.214,48983.738,1.809,959.386,11.774,430.776,136.252,364.629,4.217,0.032
Germany,1994,DEU,81773613.0,2283952742009.0,87.697,28.201,1.646,12.303,48355.109,1.731,943.228,11.535,418.185,142.15,353.812,4.106,0.032
Germany,1995,DEU,82019890.0,2347761113534.0,87.406,26.606,1.788,12.594,48461.355,1.693,939.934,11.46,406.046,152.97,351.7,3.997,0.033
Germany,1996,DEU,82263195.0,2391519573153.0,87.437,25.643,1.593,12.563,49911.09,1.717,959.69,11.666,400.613,169.956,361.057,3.96,0.033
Germany,1997,DEU,82389631.0,2461046373781.0,86.577,25.175,1.709,13.423,49195.352,1.647,931.508,11.306,386.864,162.876,353.069,3.821,0.033
Germany,1998,DEU,82011933.0,2535903706522.0,86.926,24.778,1.868,13.074,49012.766,1.585,923.499,11.261,377.48,165.377,351.914,3.801,0.034
Germany,1999,DEU,81678279.0,2613176576967.0,85.928,24.201,2.112,14.072,48526.492,1.517,895.442,10.963,360.052,165.627,340.846,3.605,0.034
Germany,2000,DEU,81797255.0,2718560455818.0,85.4,24.979,2.738,14.6,48756.883,1.467,898.976,10.99,373.461,166.421,330.774,3.524,0.035
Germany,2001,DEU,81933882.0,2793373055251.0,85.509,24.586,2.798,14.491,49586.312,1.454,915.255,11.171,376.52,173.799,338.871,3.562,0.035
Germany,2002,DEU,82068328.0,2822441773260.0,85.327,24.966,3.365,14.673,48882.719,1.421,898.834,10.952,375.786,173.61,324.413,3.422,0.035
Germany,2003,DEU,82111619.0,2831676106520.0,85.262,25.381,3.477,14.738,48841.699,1.416,894.501,10.894,378.305,176.587,313.847,3.235,0.036
Germany,2004,DEU,82092706.0,2894624877966.0,84.342,24.753,4.316,15.658,48845.914,1.385,876.57,10.678,374.908,174.327,301.208,3.064,0.036
Germany,2005,DEU,82046733.0,2945460930734.0,83.893,23.974,4.992,16.107,48297.293,1.345,867.88,10.578,361.975,175.904,305.188,2.932,0.037
Germany,2006,DEU,81701971.0,3086359147617.0,83.134,24.325,5.797,16.866,49722.023,1.316,886.434,10.85,367.653,180.197,313.191,2.897,0.037
Germany,2007,DEU,81298546.0,3220275669650.0,82.981,26.032,7.37,17.019,47890.441,1.209,846.153,10.408,376.715,173.851,268.924,2.686,0.037
Germany,2008,DEU,81110780.0,3289020399474.0,82.445,23.814,7.523,17.555,48509.781,1.196,856.643,10.561,353.581,180.995,296.43,2.673,0.038
Germany,2009,DEU,80935276.0,3136502162046.0,82.208,22.722,8.147,17.792,45618.898,1.177,789.984,9.761,316.28,168.399,282.438,2.507,0.038
Germany,2010,DEU,80830916.0,3301123203586.0,81.963,23.434,8.465,18.037,47595.047,1.165,826.705,10.228,341.311,184.875,277.154,2.481,0.039
Germany,2011,DEU,80857877.0,3467712967640.0,82.246,24.701,10.168,17.754,45890.207,1.07,804.542,9.95,339.624,169.399,270.809,2.333,0.039
Germany,2012,DEU,80916391.0,3482225441398.0,81.681,25.048,11.46,18.319,46491.398,1.08,814.093,10.061,350.039,167.84,271.945,2.329,0.039
Germany,2013,DEU,81041581.0,3497463140441.0,81.92,25.075,11.603,18.08,47734.965,1.106,831.746,10.263,357.254,170.269,280.396,2.358,0.04
Germany,2014,DEU,81376078.0,3574741315261.0,80.45,25.138,12.84,19.55,45596.504,1.038,792.584,9.74,344.722,151.989,271.603,2.235,0.04
Germany,2015,DEU,82077546.0,3628073946157.0,79.486,24.398,14.318,20.514,46064.484,1.042,800.823,9.757,341.117,157.112,278.861,2.262,0.04
Germany,2016,DEU,82760102.0,3708979940863.0,80.318,23.354,14.101,19.682,46416.703,1.036,797.988,9.642,329.436,169.169,275.704,2.255,0.041
Germany,2017,DEU,83104010.0,3808389445530.0,79.739,21.349,15.388,20.261,47525.457,1.037,784.595,9.441,312.692,172.045,275.506,2.181,0.041
Germany,2018,DEU,83368507.0,3845758522294.0,78.776,21.167,16.263,21.224,46125.492,1.0,758.771,9.101,296.871,169.76,268.094,2.066,0.041
Germany,2019,DEU,83559184.0,3886392581475.0,77.188,16.799,17.811,22.812,44922.695,0.966,708.649,8.481,240.114,172.762,271.933,1.911,0.042
Germany,2020,DEU,83628711.0,3742721113842.0,75.39,14.877,20.017,24.61,41838.684,0.935,647.177,7.739,198.53,170.963,254.465,1.841,0.042
Germany,2021,DEU,83697080.0,3841041747482.0,77.14,17.452,18.082,22.86,42994.242,0.937,677.998,8.101,232.139,181.31,240.525,1.839,0.042
Germany,2022,DEU,84086227.0,3909612753939.0,77.177,18.764,20.329,22.823,41094.125,0.884,667.843,7.942,239.428,158.685,247.017,1.78,0.043
Greece,1990,GRC,10258494.0,161708974933.0,98.286,32.658,1.714,1.714,28007.275,1.777,83.437,8.133,39.787,0.858,35.973,0.367,0.001
Greece,1991,GRC,10306645.0,167630714744.0,97.039,30.995,2.961,2.961,28281.008,1.739,83.406,8.092,38.404,0.833,37.43,0.359,0.001
Greece,1992,GRC,10359895.0,170259945599.0,97.926,31.763,2.074,2.074,28631.41,1.742,84.974,8.202,40.495,0.413,37.253,0.377,0.001
Greece,1993,GRC,10412752.0,168977989489.0,97.843,31.337,2.157,2.157,28861.805,1.779,84.283,8.094,40.164,0.318,37.041,0.37,0.001
Greece,1994,GRC,10466266.0,173829055414.0,97.6,30.884,2.4,2.4,29202.715,1.758,86.429,8.258,42.134,0.2,37.366,0.376,0.001
Greece,1995,GRC,10519233.0,178710456938.0,96.869,29.711,3.131,3.131,30115.697,1.773,86.962,8.267,40.427,0.194,39.132,0.37,0.001
Greece,1996,GRC,10570083.0,185480705042.0,96.24,28.202,3.76,3.76,30728.293,1.751,89.114,8.431,39.23,0.208,42.474,0.368,0.001
Greece,1997,GRC,10622327.0,195536972604.0,96.735,29.523,3.265,3.265,31447.324,1.708,93.801,8.831,42.629,0.428,43.466,0.385,0.001
Greece,1998,GRC,10675411.0,204984690770.0,97.029,29.074,2.971,2.971,33232.719,1.731,98.621,9.238,44.556,1.645,45.109,0.406,0.001
Greece,1999,GRC,10727953.0,213181329734.0,96.267,27.986,3.733,3.733,33063.609,1.664,97.934,9.129,43.084,2.848,44.716,0.394,0.001
Greece,2000,GRC,10782638.0,223530895992.0,96.908,28.188,3.092,3.092,34597.48,1.669,102.973,9.55,45.851,3.982,45.632,0.404,0.001
Greece,2001,GRC,10843166.0,234861781413.0,97.836,28.887,2.164,2.164,34678.547,1.601,105.361,9.717,47.02,3.923,46.859,0.41,0.001
Greece,2002,GRC,10890287.0,246267119689.0,97.379,27.776,2.621,2.621,34560.207,1.528,105.0,9.642,45.544,4.24,47.893,0.4,0.001
Greece,2003,GRC,10918467.0,262880256421.0,95.948,26.411,4.052,4.052,36480.949,1.515,109.067,9.989,45.616,4.757,51.337,0.394,0.001
Greece,2004,GRC,10947369.0,278667908011.0,95.95,27.077,4.05,4.05,36376.992,1.429,109.485,10.001,47.094,5.245,49.781,0.383,0.002
Greece,2005,GRC,10981340.0,282859759866.0,95.665,26.625,4.335,4.335,36389.562,1.413,113.889,10.371,46.604,5.385,53.966,0.385,0.002
Greece,2006,GRC,11016107.0,301538680337.0,94.851,23.831,5.149,5.149,37336.773,1.364,112.419,10.205,42.794,6.284,55.698,0.367,0.002
Greece,2007,GRC,11045737.0,314210147911.0,96.829,24.61,3.171,3.171,37964.91,1.335,114.545,10.37,45.193,7.808,54.066,0.364,0.002
Greece,2008,GRC,11076874.0,315974328109.0,96.092,23.615,3.908,3.908,37157.152,1.303,111.08,10.028,43.285,8.109,52.721,0.347,0.002
Greece,2009,GRC,11108067.0,305101334774.0,94.325,24.809,5.675,5.675,35685.582,1.299,104.319,9.391,42.243,6.623,50.115,0.331,0.002
Greece,2010,GRC,11124666.0,290984350750.0,92.304,24.295,7.696,7.696,34017.863,1.301,97.354,8.751,41.26,7.166,43.995,0.292,0.002
Greece,2011,GRC,11108838.0,266793942822.0,93.942,24.828,6.058,6.058,33422.445,1.392,94.505,8.507,42.08,8.811,40.495,0.274,0.002
Greece,2012,GRC,11048291.0,247887031358.0,92.033,27.228,7.967,7.967,31615.93,1.409,91.393,8.272,43.257,8.094,36.295,0.261,0.002
Greece,2013,GRC,10967534.0,241650188710.0,88.205,24.933,11.795,11.795,29934.105,1.359,81.713,7.45,37.291,7.336,32.909,0.232,0.002
Greece,2014,GRC,10893169.0,242799798246.0,89.255,25.528,10.745,10.745,28266.357,1.268,78.636,7.219,35.227,5.559,33.482,0.222,0.002
Greece,2015,GRC,10820902.0,242323725826.0,87.204,21.154,12.796,12.796,28807.496,1.286,74.927,6.924,29.949,6.035,34.977,0.212,0.002
Greece,2016,GRC,10775506.0,241143085639.0,87.025,16.644,12.975,12.975,28489.859,1.273,71.36,6.622,23.594,7.912,35.568,0.202,0.002
Greece,2017,GRC,10753532.0,243776808141.0,88.551,17.431,11.449,11.449,29962.0,1.322,74.842,6.96,26.019,9.536,35.028,0.208,0.002
Greece,2018,GRC,10730846.0,247844015413.0,86.836,17.035,13.164,13.164,30199.467,1.308,71.778,6.689,24.851,9.072,33.833,0.195,0.002
Greece,2019,GRC,10718581.0,252514250712.0,86.524,11.827,13.476,13.476,29564.295,1.255,65.736,6.133,17.879,9.998,33.915,0.177,0.002
Greece,2020,GRC,10699370.0,229777821500.0,83.215,7.765,16.785,16.785,25885.273,1.205,55.577,5.194,10.147,11.043,31.009,0.158,0.002
Greece,2021,GRC,10579561.0,249158215293.0,80.8,6.654,19.2,19.2,28596.289,1.214,57.528,5.438,9.259,12.363,32.277,0.156,0.002
Greece,2022,GRC,10412481.0,263892672733.0,81.217,5.928,18.783,18.783,30188.217,1.191,57.609,5.533,8.767,10.219,35.274,0.154,0.002
Hong Kong,1990,HKG,5560599.0,159035333203.0,100.0,45.833,0.0,0.0,25061.643,0.876,27.148,4.882,18.109,0.0,8.302,0.119,0.0
Hong Kong,1991,HKG,5628091.0,166388672053.0,100.0,47.732,0.0,0.0,25655.133,0.868,28.463,5.057,19.534,0.0,8.247,0.123,0.0
Hong Kong,1992,HKG,5759558.0,174712323919.0,100.0,42.994,0.0,0.0,29503.812,0.973,32.922,5.716,20.713,0.0,11.542,0.146,0.0
Hong Kong,1993,HKG,5902506.0,183841594031.0,100.0,45.61,0.0,0.0,31427.719,1.009,34.778,5.892,23.989,0.0,10.093,0.153,0.0
Hong Kong,1994,HKG,6042259.0,193897052623.0,100.0,35.957,0.0,0.0,27819.545,0.867,31.079,5.144,17.137,0.0,13.161,0.135,0.0
Hong Kong,1995,HKG,6177105.0,196081470595.0,100.0,36.059,0.0,0.0,29250.051,0.921,31.271,5.062,18.474,0.055,11.967,0.133,0.0
Hong Kong,1996,HKG,6302469.0,207053020618.0,100.0,26.81,0.0,0.0,28654.012,0.872,28.909,4.587,13.731,3.144,11.213,0.119,0.0
Hong Kong,1997,HKG,6416674.0,216031296787.0,100.0,22.363,0.0,0.0,28471.619,0.846,30.497,4.753,11.582,4.913,13.223,0.125,0.0
Hong Kong,1998,HKG,6521331.0,201421963837.0,100.0,27.271,0.0,0.0,28557.631,0.925,38.925,5.969,14.312,4.609,19.383,0.16,0.0
Hong Kong,1999,HKG,6616524.0,205093825462.0,100.0,23.016,0.0,0.0,28507.68,0.92,42.549,6.431,11.698,5.082,25.21,0.171,0.0
Hong Kong,2000,HKG,6704665.0,218622146616.0,100.0,25.547,0.0,0.0,29453.422,0.903,39.765,5.931,14.464,4.583,20.718,0.156,0.0
Hong Kong,2001,HKG,6774243.0,219159408785.0,100.0,31.949,0.0,0.0,36818.906,1.138,37.289,5.504,15.14,4.694,17.455,0.145,0.0
Hong Kong,2002,HKG,6821412.0,222182532288.0,100.0,25.464,0.0,0.0,35686.531,1.096,39.003,5.718,19.661,4.573,14.77,0.148,0.0
Hong Kong,2003,HKG,6858906.0,225487397415.0,100.0,31.27,0.0,0.0,36653.867,1.115,42.733,6.23,25.06,2.92,14.753,0.155,0.0
Hong Kong,2004,HKG,6888164.0,243895605092.0,100.0,26.074,0.0,0.0,40871.117,1.154,41.158,5.975,23.169,4.221,13.768,0.144,0.0
Hong Kong,2005,HKG,6908483.0,259469641313.0,100.0,29.569,0.0,0.0,39095.48,1.041,43.334,6.273,25.467,4.218,13.65,0.146,0.0
Hong Kong,2006,HKG,6931089.0,274690745926.0,99.999,27.903,0.001,0.001,41227.645,1.04,41.915,6.047,25.239,4.459,11.823,0.137,0.0
Hong Kong,2007,HKG,6971344.0,291247413551.0,99.999,28.616,0.001,0.001,43609.16,1.044,43.572,6.25,27.605,3.851,11.732,0.138,0.0
Hong Kong,2008,HKG,7020689.0,295823304243.0,99.999,28.185,0.001,0.001,40288.535,0.956,42.794,6.095,25.963,4.573,11.714,0.134,0.001
Hong Kong,2009,HKG,7064464.0,285619082956.0,99.999,26.953,0.001,0.001,43719.992,1.081,41.583,5.886,27.117,5.174,8.863,0.132,0.001
Hong Kong,2010,HKG,7101614.0,302377330309.0,99.947,22.55,0.053,0.053,45225.73,1.062,40.063,5.641,23.589,6.478,9.438,0.12,0.001
Hong Kong,2011,HKG,7142969.0,314044556431.0,99.863,26.158,0.137,0.137,46105.625,1.049,43.15,6.041,28.063,5.269,9.237,0.125,0.001
Hong Kong,2012,HKG,7201059.0,319384208506.0,99.939,26.793,0.061,0.061,43950.406,0.991,42.738,5.935,27.623,4.884,9.6,0.122,0.001
Hong Kong,2013,HKG,7264330.0,329290162080.0,99.84,27.806,0.16,0.16,44742.965,0.987,44.31,6.1,29.45,4.756,9.428,0.126,0.001
Hong Kong,2014,HKG,7319502.0,338386398632.0,99.849,29.863,0.151,0.151,43337.344,0.937,45.492,6.215,30.853,4.646,9.267,0.128,0.001
Hong Kong,2015,HKG,7366411.0,346466191769.0,99.795,23.863,0.205,0.205,44316.176,0.942,42.404,5.756,25.373,6.082,10.212,0.12,0.001
Hong Kong,2016,HKG,7408006.0,354003396927.0,99.794,23.249,0.206,0.206,45228.492,0.946,43.366,5.854,25.375,6.236,11.053,0.123,0.001
Hong Kong,2017,HKG,7444889.0,367441685993.0,99.791,20.306,0.209,0.209,48266.77,0.978,42.431,5.699,23.772,6.218,11.838,0.118,0.001
Hong Kong,2018,HKG,7471190.0,377902310676.0,99.76,20.613,0.24,0.24,48663.375,0.962,42.597,5.702,24.411,6.06,11.5,0.116,0.001
Hong Kong,2019,HKG,7485817.0,371582312306.0,99.747,20.831,0.253,0.253,46026.332,0.927,41.897,5.597,23.378,6.287,11.621,0.113,0.001
Hong Kong,2020,HKG,7490240.0,347263059452.0,99.538,14.822,0.462,0.462,34437.715,0.743,33.513,4.474,12.447,9.431,11.051,0.095,0.001
Hong Kong,2021,HKG,7484604.0,369654417943.0,99.346,17.428,0.654,0.654,32558.352,0.659,33.637,4.494,13.832,9.424,9.889,0.091,0.001
Hong Kong,2022,HKG,7465913.0,356690492875.0,99.073,19.214,0.927,0.927,29120.252,0.61,30.764,4.121,13.602,9.2,7.351,0.082,0.001
Hungary,1990,HUN,10381280.0,106788855164.0,88.0,22.211,0.17,12.0,31138.303,3.027,73.427,7.073,26.517,20.458,22.863,0.323,0.002
Hungary,1991,HUN,10378174.0,95825225553.0,87.131,22.151,0.204,12.869,29090.016,3.151,69.825,6.728,25.188,20.481,21.602,0.301,0.002
Hungary,1992,HUN,10371477.0,94567780137.0,86.367,20.823,0.202,13.633,27927.746,3.063,62.281,6.005,20.751,17.622,21.748,0.277,0.002
Hungary,1993,HUN,10356869.0,95740692963.0,86.005,19.487,0.21,13.995,26923.32,2.912,62.991,6.082,20.066,19.158,21.508,0.277,0.002
Hungary,1994,HUN,10339936.0,100339331340.0,85.988,18.176,0.208,14.012,27426.154,2.826,61.88,5.985,18.693,19.453,21.2,0.269,0.002
Hungary,1995,HUN,10322792.0,104751822959.0,86.154,17.678,0.22,13.846,27783.232,2.738,61.464,5.954,18.394,20.935,19.802,0.261,0.002
Hungary,1996,HUN,10302238.0,106886865711.0,86.23,17.132,0.251,13.77,28367.492,2.734,63.083,6.123,18.914,23.508,18.5,0.26,0.002
Hungary,1997,HUN,10278600.0,112676520011.0,86.084,16.77,0.269,13.916,27746.697,2.531,61.676,6.0,18.413,22.352,18.726,0.253,0.002
Hungary,1998,HUN,10251717.0,119818720518.0,86.36,16.033,0.214,13.64,28236.934,2.416,61.255,5.975,17.356,22.341,19.339,0.252,0.002
Hungary,1999,HUN,10219797.0,126176462095.0,86.181,16.699,0.245,13.819,28311.498,2.293,61.575,6.025,17.586,22.604,19.196,0.248,0.002
Hungary,2000,HUN,10190598.0,134151505450.0,85.679,16.074,0.249,14.321,27555.037,2.093,58.244,5.716,16.473,22.045,17.502,0.228,0.002
Hungary,2001,HUN,10166693.0,142043461403.0,86.138,14.905,0.256,13.862,28292.807,2.025,59.828,5.885,15.905,24.461,17.279,0.233,0.002
Hungary,2002,HUN,10138461.0,151456660939.0,86.111,14.73,0.238,13.889,27707.572,1.855,58.842,5.804,15.662,24.582,16.361,0.224,0.002
Hungary,2003,HUN,10108970.0,160456137012.0,89.077,14.878,0.345,10.923,28132.156,1.772,61.611,6.095,16.198,26.969,16.133,0.223,0.002
Hungary,2004,HUN,10085788.0,171925388770.0,87.811,13.888,0.985,12.189,28646.92,1.681,59.985,5.947,15.513,26.557,15.68,0.21,0.002
Hungary,2005,HUN,10065703.0,183107031890.0,86.008,11.59,1.882,13.992,30606.633,1.682,60.142,5.975,13.643,27.768,16.481,0.203,0.002
Hungary,2006,HUN,10049946.0,194033322767.0,86.493,11.863,1.557,13.507,30055.938,1.557,59.529,5.923,13.669,26.298,17.222,0.195,0.002
Hungary,2007,HUN,10034084.0,198872162765.0,84.821,12.228,2.042,15.179,29707.297,1.499,58.449,5.825,13.627,24.884,17.592,0.186,0.002
Hungary,2008,HUN,10016653.0,204720371926.0,83.554,12.052,3.095,16.446,29340.787,1.436,57.184,5.709,13.118,24.401,17.336,0.178,0.002
Hungary,2009,HUN,10001381.0,195180908684.0,81.145,10.942,3.947,18.855,27265.072,1.397,51.458,5.145,11.237,21.214,17.26,0.163,0.002
Hungary,2010,HUN,9979128.0,200496589291.0,81.163,11.318,3.999,18.837,27840.814,1.386,51.993,5.21,11.721,22.697,16.067,0.156,0.002
Hungary,2011,HUN,9946675.0,208407605976.0,81.184,11.758,3.672,18.816,27090.857,1.293,50.156,5.042,12.022,21.661,15.14,0.145,0.002
Hungary,2012,HUN,9916621.0,205802052322.0,79.911,12.142,3.807,20.089,25322.736,1.22,46.72,4.711,11.538,19.326,14.471,0.134,0.002
Hungary,2013,HUN,9889344.0,209511661762.0,79.29,11.22,4.115,20.71,24070.496,1.136,43.487,4.397,10.26,18.031,13.982,0.123,0.002
Hungary,2014,HUN,9862843.0,218378634753.0,78.386,11.08,4.82,21.614,24158.225,1.091,43.639,4.425,10.289,16.782,15.335,0.123,0.002
Hungary,2015,HUN,9839211.0,226474616785.0,79.365,10.895,4.593,20.635,25514.207,1.108,46.567,4.733,10.624,17.895,16.673,0.132,0.002
Hungary,2016,HUN,9810529.0,231459349147.0,79.568,10.032,4.567,20.432,26042.918,1.104,47.039,4.795,9.879,19.041,16.713,0.133,0.002
Hungary,2017,HUN,9785608.0,241347220007.0,80.533,9.753,4.454,19.467,27519.338,1.116,49.424,5.051,10.177,20.107,17.631,0.137,0.002
Hungary,2018,HUN,9774395.0,254289117363.0,80.666,9.147,4.84,19.334,27746.227,1.067,49.366,5.051,9.577,19.467,18.712,0.134,0.002
Hungary,2019,HUN,9770346.0,266658311342.0,79.626,7.82,5.632,20.374,28135.389,1.031,49.159,5.031,8.324,19.598,19.52,0.133,0.002
Hungary,2020,HUN,9749459.0,254563881936.0,78.448,7.289,6.807,21.552,27727.416,1.062,47.105,4.832,7.511,20.554,17.463,0.134,0.002
Hungary,2021,HUN,9707848.0,272892486007.0,78.326,5.645,7.724,21.674,29250.391,1.041,48.326,4.978,6.06,21.796,18.887,0.131,0.003
Hungary,2022,HUN,9684308.0,285385229433.0,76.403,5.465,8.957,23.597,27575.229,0.936,45.267,4.674,5.559,18.73,19.647,0.121,0.003
Iceland,1990,ISL,254842.0,7325718271.0,40.917,3.594,59.083,59.083,85104.047,2.961,2.222,8.719,0.282,0.0,1.819,0.01,0.0
Iceland,1991,ISL,257817.0,7288590266.0,39.705,3.799,60.295,60.295,82181.078,2.907,2.103,8.157,0.245,0.0,1.732,0.009,0.0
Iceland,1992,ISL,261087.0,7011078151.0,40.296,2.893,59.704,59.704,84010.953,3.129,2.249,8.615,0.243,0.0,1.886,0.01,0.0
Iceland,1993,ISL,263760.0,7076878574.0,40.223,2.876,59.777,59.777,86386.883,3.22,2.4,9.1,0.298,0.0,1.971,0.011,0.0
Iceland,1994,ISL,266063.0,7301854318.0,40.226,2.809,59.774,59.774,86596.031,3.155,2.349,8.83,0.293,0.0,1.943,0.01,0.0
Iceland,1995,ISL,267516.0,7280955133.0,39.667,3.201,60.333,60.333,88899.734,3.266,2.469,9.229,0.296,0.0,2.045,0.01,0.0
Iceland,1996,ISL,268967.0,7601917128.0,41.421,2.991,58.579,58.579,93572.672,3.311,2.523,9.38,0.281,0.0,2.112,0.01,0.0
Iceland,1997,ISL,271194.0,8108417582.0,38.957,2.961,61.043,61.043,97359.359,3.256,2.618,9.655,0.32,0.0,2.178,0.011,0.0
Iceland,1998,ISL,274121.0,8607334873.0,36.441,2.45,63.559,63.559,104224.273,3.319,2.638,9.625,0.284,0.0,2.209,0.011,0.0
Iceland,1999,ISL,277450.0,8919642339.0,33.434,2.603,66.566,66.566,112814.375,3.509,2.841,10.239,0.358,0.0,2.304,0.011,0.0
Iceland,2000,ISL,281293.0,9307402059.0,32.946,3.387,67.054,67.054,118131.695,3.57,2.933,10.426,0.466,0.0,2.243,0.011,0.0
Iceland,2001,ISL,285058.0,9632094658.0,31.014,3.627,68.986,68.986,117870.156,3.488,2.865,10.051,0.502,0.0,2.155,0.011,0.0
Iceland,2002,ISL,287609.0,9623436669.0,30.94,3.482,69.06,69.06,121384.805,3.628,2.992,10.403,0.513,0.0,2.287,0.011,0.0
Iceland,2003,ISL,289616.0,9810546928.0,30.991,3.399,69.009,69.009,121147.977,3.576,2.985,10.308,0.51,0.0,2.299,0.011,0.0
Iceland,2004,ISL,292172.0,10591927126.0,31.717,3.483,68.283,68.283,122464.852,3.378,3.107,10.635,0.526,0.0,2.398,0.011,0.0
Iceland,2005,ISL,296852.0,11206862490.0,31.888,3.305,68.112,68.112,120949.797,3.204,2.976,10.026,0.484,0.0,2.309,0.01,0.0
Iceland,2006,ISL,303883.0,11775508947.0,29.24,3.049,70.76,70.76,129596.773,3.344,3.154,10.38,0.515,0.0,2.44,0.01,0.0
Iceland,2007,ISL,311662.0,12798725464.0,25.663,2.834,74.337,74.337,144452.812,3.518,3.494,11.212,0.596,0.0,2.674,0.011,0.0
Iceland,2008,ISL,317519.0,13031114591.0,18.984,1.982,81.016,81.016,177787.047,4.332,3.811,12.004,0.639,0.0,2.911,0.012,0.0
Iceland,2009,ISL,318619.0,12031037299.0,17.509,1.825,82.491,82.491,176872.812,4.684,3.73,11.708,0.622,0.0,2.898,0.012,0.0
Iceland,2010,ISL,318163.0,11531450215.0,16.953,1.925,83.047,83.047,177223.719,4.89,3.627,11.399,0.626,0.0,2.79,0.011,0.0
Iceland,2011,ISL,319139.0,11716753534.0,16.68,1.917,83.32,83.32,176654.859,4.812,3.503,10.978,0.639,0.0,2.654,0.01,0.0
Iceland,2012,ISL,320851.0,11841375384.0,16.301,1.93,83.699,83.699,177335.031,4.805,3.499,10.906,0.659,0.0,2.657,0.01,0.0
Iceland,2013,ISL,323891.0,12380449213.0,16.719,2.153,83.281,83.281,181285.359,4.743,3.489,10.772,0.661,0.0,2.644,0.01,0.0
Iceland,2014,ISL,327517.0,12589333385.0,16.988,1.762,83.012,83.012,179012.797,4.657,3.445,10.519,0.625,0.0,2.625,0.01,0.0
Iceland,2015,ISL,330962.0,13147880818.0,17.832,1.873,82.168,82.168,184937.594,4.655,3.541,10.699,0.661,0.0,2.706,0.01,0.0
Iceland,2016,ISL,335571.0,13976682094.0,19.643,2.167,80.357,80.357,183095.906,4.396,3.494,10.411,0.66,0.0,2.673,0.01,0.0
Iceland,2017,ISL,343537.0,14562998209.0,20.697,2.053,79.303,79.303,187012.172,4.412,3.611,10.511,0.693,0.001,2.758,0.01,0.0
Iceland,2018,ISL,352860.0,15275006901.0,21.3,1.967,78.7,78.7,188342.578,4.351,3.665,10.388,0.715,0.001,2.783,0.01,0.0
Iceland,2019,ISL,360709.0,15550746271.0,19.157,2.016,80.843,80.843,175565.688,4.072,3.553,9.849,0.684,0.003,2.691,0.01,0.0
Iceland,2020,ISL,366626.0,14424580947.0,13.874,1.612,86.126,86.126,158421.688,4.027,3.339,9.107,0.668,0.003,2.481,0.009,0.0
Iceland,2021,ISL,372647.0,15049658393.0,15.506,2.193,84.494,84.494,162740.016,4.03,3.491,9.367,0.726,0.001,2.587,0.009,0.0
Iceland,2022,ISL,380368.0,16019540441.0,17.925,2.063,82.075,82.075,167531.625,3.978,3.598,9.458,0.77,0.002,2.641,0.01,0.0
India,1990,IND,864972221.0,1750993000000.0,91.155,55.76,8.068,8.845,2659.855,1.314,577.987,0.668,366.504,21.097,158.167,2.543,0.016
India,1991,IND,883927605.0,1768493598375.0,90.846,56.249,8.531,9.154,2746.45,1.373,615.388,0.696,393.066,23.563,166.423,2.652,0.016
India,1992,IND,902957075.0,1851711465033.0,91.613,56.629,7.687,8.387,2827.125,1.379,655.424,0.726,411.39,27.257,188.056,2.91,0.016
India,1993,IND,922118380.0,1944353884791.0,91.747,57.224,7.588,8.253,2837.215,1.346,677.262,0.734,433.085,26.996,186.878,2.977,0.017
India,1994,IND,941163772.0,2055026658036.0,91.312,56.056,8.187,8.688,2929.481,1.342,714.043,0.759,455.699,28.997,198.955,3.108,0.017
India,1995,IND,960301046.0,2189535837458.0,92.025,55.329,7.258,7.975,3085.614,1.353,760.48,0.792,471.741,39.051,216.281,3.234,0.017
India,1996,IND,979678460.0,2345228680352.0,92.831,54.7,6.408,7.169,3145.554,1.314,823.602,0.841,504.479,39.747,243.161,3.399,0.018
India,1997,IND,999133764.0,2426804815330.0,92.934,54.202,6.202,7.066,3254.829,1.34,857.976,0.859,527.685,46.024,244.203,3.519,0.018
India,1998,IND,1018665080.0,2567853125008.0,92.109,52.822,6.971,7.891,3386.291,1.343,875.783,0.86,524.136,47.595,262.892,3.605,0.019
India,1999,IND,1038225822.0,2710353015518.0,92.264,50.89,6.735,7.736,3415.791,1.308,961.194,0.926,560.465,52.619,301.469,3.87,0.019
India,2000,IND,1057922731.0,2804478499774.0,92.778,51.51,6.042,7.222,3521.43,1.328,987.065,0.933,572.903,52.791,313.441,3.869,0.02
India,2001,IND,1077898579.0,2940745466088.0,92.907,51.707,5.693,7.093,3470.525,1.272,1001.198,0.929,582.111,53.128,317.363,3.897,0.02
India,2002,IND,1097600380.0,3024984520809.0,93.408,52.188,5.218,6.592,3526.61,1.28,1032.75,0.941,598.539,57.609,325.889,3.932,0.021
India,2003,IND,1116803000.0,3251114494190.0,93.619,52.767,5.144,6.381,3589.451,1.233,1068.398,0.957,625.833,58.565,331.333,3.864,0.021
India,2004,IND,1135991509.0,3495022816540.0,91.784,51.777,6.887,8.216,3831.588,1.245,1134.611,0.999,669.993,58.316,348.992,3.966,0.022
India,2005,IND,1154676321.0,3752627653422.0,92.603,53.522,6.359,7.397,3991.09,1.228,1195.393,1.035,721.496,59.357,353.15,4.039,0.022
India,2006,IND,1172878888.0,4069856052453.0,91.891,52.764,7.134,8.109,4139.273,1.193,1293.321,1.103,773.551,82.58,370.544,4.227,0.023
India,2007,IND,1190676028.0,4403215224414.0,91.819,53.199,7.276,8.181,4425.184,1.197,1393.485,1.17,842.536,87.956,392.818,4.424,0.024
India,2008,IND,1207930960.0,4649548164533.0,92.564,54.401,6.712,7.436,4616.596,1.199,1490.366,1.234,910.753,90.277,414.204,4.65,0.024
India,2009,IND,1225524764.0,4993478894185.0,93.296,54.78,5.965,6.704,4886.388,1.199,1613.328,1.316,983.947,112.463,433.771,5.12,0.025
India,2010,IND,1243481565.0,5361371354007.0,92.977,53.804,6.057,7.023,5024.514,1.165,1678.53,1.35,1015.983,134.121,440.692,5.038,0.026
India,2011,IND,1261224956.0,5720692888000.0,91.76,53.049,6.967,8.24,5222.708,1.151,1765.695,1.4,1074.385,135.977,461.37,5.121,0.027
India,2012,IND,1278674501.0,6052427493607.0,92.556,54.809,6.208,7.444,5425.75,1.146,1926.986,1.507,1206.452,125.558,491.148,5.513,0.028
India,2013,IND,1295829507.0,6424470752490.0,92.056,56.22,6.75,7.944,5527.781,1.115,1995.337,1.54,1276.383,109.554,498.314,5.656,0.029
India,2014,IND,1312277184.0,6875186158349.0,92.013,57.755,6.829,7.987,5831.643,1.113,2148.052,1.637,1407.057,107.801,513.84,6.057,0.03
India,2015,IND,1328024494.0,7391521519812.0,92.41,57.121,6.357,7.59,5943.03,1.068,2231.817,1.681,1449.587,103.062,557.523,6.304,0.031
India,2016,IND,1343944296.0,8057465593010.0,92.473,55.748,6.37,7.527,6148.213,1.025,2352.54,1.75,1499.401,109.989,616.112,6.647,0.032
India,2017,IND,1359657398.0,8550029645172.0,92.111,55.505,6.793,7.889,6304.287,1.003,2425.722,1.784,1551.256,116.479,634.116,6.743,0.033
India,2018,IND,1374659067.0,9173201683791.0,91.616,55.213,7.307,8.384,6593.169,0.988,2595.227,1.888,1668.318,126.74,658.715,7.065,0.034
India,2019,IND,1389030307.0,9595463242427.0,90.681,54.029,8.108,9.319,6682.068,0.967,2611.175,1.88,1661.94,125.233,677.884,7.041,0.035
India,2020,IND,1402617694.0,8945313249462.0,89.847,53.92,8.893,10.153,6268.437,0.983,2422.732,1.727,1561.799,127.684,607.535,6.891,0.036
India,2021,IND,1414203896.0,9801621018003.0,90.204,56.372,8.657,9.796,6749.358,0.974,2675.778,1.892,1767.297,133.192,623.485,7.258,0.037
India,2022,IND,1425423209.0,10476248645535.0,89.444,55.589,9.421,10.556,7057.187,0.96,2831.132,1.986,1855.854,124.009,684.014,7.544,0.039
Indonesia,1990,IDN,183501097.0,718548888843.0,96.403,6.639,3.597,3.597,3270.71,0.835,154.991,0.845,6.947,44.064,87.271,0.682,0.021
Indonesia,1991,IDN,186778239.0,786440054225.0,96.339,6.177,3.661,3.661,3495.795,0.83,174.754,0.936,13.52,43.494,97.702,0.753,0.022
Indonesia,1992,IDN,190043742.0,841780430872.0,95.781,6.87,4.219,4.219,3772.081,0.852,199.298,1.049,12.509,52.374,112.952,0.885,0.022
Indonesia,1993,IDN,193305169.0,912702668892.0,96.314,7.514,3.686,3.686,3951.486,0.837,214.963,1.112,21.306,57.66,112.763,0.945,0.023
Indonesia,1994,IDN,196591829.0,986200274496.0,96.596,7.176,3.404,3.404,4067.548,0.811,219.2,1.115,26.648,60.309,108.934,0.954,0.023
Indonesia,1995,IDN,199888055.0,1072204353033.0,96.555,7.255,3.445,3.445,4353.857,0.812,222.225,1.112,25.179,64.574,109.715,0.945,0.023
Indonesia,1996,IDN,203204353.0,1161281457768.0,96.585,8.065,3.415,3.415,4592.158,0.804,252.856,1.244,27.561,78.992,121.308,1.043,0.024
Indonesia,1997,IDN,206536089.0,1221454544616.0,97.549,9.159,2.451,2.451,4903.236,0.829,279.696,1.354,29.389,82.041,140.547,1.147,0.025
Indonesia,1998,IDN,209826791.0,1066065643776.0,96.073,10.005,3.927,3.927,4744.717,0.934,244.315,1.164,32.074,48.027,141.036,1.006,0.026
Indonesia,1999,IDN,213004667.0,1079382527522.0,96.212,12.609,3.788,3.788,5103.107,1.007,291.771,1.37,37.163,83.652,148.101,1.175,0.026
Indonesia,2000,IDN,216077789.0,1138300071768.0,96.301,13.153,3.699,3.699,5387.869,1.023,281.054,1.301,50.906,48.592,156.812,1.102,0.027
Indonesia,2001,IDN,219097905.0,1185220908414.0,95.904,15.59,4.096,4.096,5690.083,1.052,316.759,1.446,64.629,61.163,164.07,1.233,0.027
Indonesia,2002,IDN,222088499.0,1244249942443.0,96.353,15.645,3.647,3.647,5768.058,1.03,308.201,1.388,66.665,59.764,156.841,1.173,0.028
Indonesia,2003,IDN,225048005.0,1309811268640.0,96.805,19.328,3.195,3.195,6183.915,1.063,339.024,1.506,89.49,62.661,162.445,1.226,0.028
Indonesia,2004,IDN,227926649.0,1387446383159.0,96.585,17.959,3.415,3.415,6040.208,0.992,342.709,1.504,82.216,61.886,173.895,1.198,0.028
Indonesia,2005,IDN,230871648.0,1474875329634.0,96.506,20.018,3.494,3.494,6137.142,0.961,347.361,1.505,94.222,54.451,174.754,1.174,0.029
Indonesia,2006,IDN,233951650.0,1565012923832.0,96.766,22.938,3.234,3.234,6159.938,0.921,346.366,1.481,111.641,57.426,152.499,1.132,0.03
Indonesia,2007,IDN,237062338.0,1674227359084.0,96.626,26.965,3.374,3.374,6524.362,0.924,387.577,1.635,140.066,57.078,166.225,1.23,0.03
Indonesia,2008,IDN,240157902.0,1809491142510.0,96.38,23.374,3.62,3.62,6514.816,0.865,365.384,1.521,121.845,60.313,158.303,1.14,0.031
Indonesia,2009,IDN,243220024.0,1905717479305.0,96.264,23.506,3.736,3.736,6608.3,0.843,398.624,1.639,128.274,64.541,181.26,1.265,0.031
Indonesia,2010,IDN,246305327.0,2039334560589.0,95.583,24.679,4.417,4.417,7062.331,0.853,445.37,1.808,152.667,73.73,195.671,1.337,0.032
Indonesia,2011,IDN,249470029.0,2178184530109.0,96.446,26.971,3.554,3.554,7365.991,0.844,500.458,2.006,181.281,81.553,211.329,1.451,0.033
Indonesia,2012,IDN,252698525.0,2309530044109.0,96.423,26.072,3.577,3.577,7665.836,0.839,515.77,2.041,187.171,80.062,218.777,1.476,0.033
Indonesia,2013,IDN,255852464.0,2437876929100.0,95.466,24.132,4.534,4.534,7131.105,0.748,493.435,1.929,164.219,64.754,234.082,1.399,0.034
Indonesia,2014,IDN,258877395.0,2559933272409.0,95.292,25.227,4.708,4.708,7171.866,0.725,498.029,1.924,173.584,62.417,230.761,1.404,0.035
Indonesia,2015,IDN,261799249.0,2684763880628.0,95.997,28.02,4.003,4.003,7243.952,0.706,551.16,2.105,197.815,94.252,228.361,1.557,0.036
Indonesia,2016,IDN,264627429.0,2819889903036.0,94.19,28.845,5.81,5.81,7120.307,0.668,547.969,2.071,206.328,91.187,217.024,1.548,0.036
Indonesia,2017,IDN,267346654.0,2962852274581.0,94.482,27.915,5.518,5.518,7569.616,0.683,570.928,2.136,221.093,84.339,231.028,1.587,0.037
Indonesia,2018,IDN,269951847.0,3116158974437.0,91.971,30.706,8.029,8.029,7896.082,0.684,607.378,2.25,262.222,84.148,225.517,1.653,0.038
Indonesia,2019,IDN,272489381.0,3272568062078.0,91.387,35.484,8.613,8.613,8271.658,0.689,665.049,2.441,315.401,87.91,226.218,1.793,0.038
Indonesia,2020,IDN,274814861.0,3204972631957.0,89.356,36.086,10.644,10.644,7700.858,0.66,623.304,2.268,300.518,81.216,208.254,1.773,0.039
Indonesia,2021,IDN,276758056.0,3323654666991.0,88.924,34.668,11.076,11.076,7937.188,0.661,632.946,2.287,303.154,83.759,211.766,1.717,0.04
Indonesia,2022,IDN,278830527.0,3500093638879.0,89.792,44.172,10.208,10.208,9859.904,0.785,758.021,2.719,404.573,84.01,237.398,2.02,0.04
Iran,1990,IRN,58380098.0,318478243281.0,97.469,1.02,2.531,2.531,13896.569,2.547,211.075,3.616,2.693,40.015,139.287,0.929,0.003
Iran,1991,IRN,59986931.0,376283104666.0,98.229,1.341,1.771,1.771,14673.675,2.339,223.042,3.718,3.843,49.617,139.787,0.961,0.003
Iran,1992,IRN,61184982.0,424984709524.0,97.369,1.069,2.631,2.631,15909.522,2.29,228.194,3.73,3.385,52.647,142.941,1.013,0.003
Iran,1993,IRN,61403548.0,419990120256.0,96.745,1.42,3.255,3.255,14669.319,2.145,236.993,3.86,4.133,60.69,146.528,1.042,0.003
Iran,1994,IRN,61520598.0,419488447798.0,98.099,1.272,1.901,1.901,16396.867,2.405,264.822,4.305,4.173,73.287,157.266,1.153,0.003
Iran,1995,IRN,62205571.0,437566117340.0,97.812,1.136,2.188,2.188,17007.227,2.418,270.875,4.355,3.909,81.575,156.607,1.152,0.003
Iran,1996,IRN,62881298.0,483475486274.0,97.87,1.093,2.13,2.13,18302.475,2.38,276.62,4.399,4.089,81.246,160.791,1.141,0.003
Iran,1997,IRN,63639637.0,512736336735.0,98.607,1.086,1.393,1.393,18638.291,2.313,269.263,4.231,4.195,90.915,143.211,1.104,0.004
Iran,1998,IRN,64519866.0,541099749969.0,98.315,1.215,1.685,1.685,19149.244,2.283,305.642,4.737,4.884,98.652,174.87,1.258,0.004
Iran,1999,IRN,65445389.0,563869043718.0,98.919,1.072,1.081,1.081,20346.25,2.361,374.452,5.722,4.976,114.287,227.718,1.508,0.004
Iran,2000,IRN,66418661.0,595554549032.0,99.24,1.086,0.76,0.76,21026.74,2.345,367.213,5.529,5.328,120.448,210.118,1.439,0.004
Iran,2001,IRN,67452005.0,636570203280.0,99.23,0.997,0.77,0.77,22121.531,2.344,389.912,5.781,4.14,127.655,227.456,1.518,0.004
Iran,2002,IRN,68011318.0,698059655739.0,98.644,0.867,1.356,1.356,23913.191,2.33,397.031,5.838,4.664,143.816,217.927,1.512,0.004
Iran,2003,IRN,68769343.0,779969698412.0,98.416,0.922,1.584,1.584,24083.326,2.123,410.967,5.976,5.188,158.468,210.79,1.486,0.005
Iran,2004,IRN,70256316.0,849441950372.0,98.226,0.873,1.774,1.774,26075.348,2.157,442.119,6.293,4.994,178.9,221.765,1.545,0.005
Iran,2005,IRN,71828455.0,908856025194.0,97.986,0.934,2.014,2.014,27012.971,2.135,466.795,6.499,6.086,200.161,222.5,1.577,0.005
Iran,2006,IRN,73392747.0,995245162302.0,97.647,0.825,2.353,2.353,28889.373,2.13,501.015,6.826,5.983,221.538,233.362,1.638,0.005
Iran,2007,IRN,74602648.0,1098784519617.0,97.861,0.809,2.139,2.139,30213.291,2.051,507.771,6.806,6.577,236.52,225.176,1.612,0.005
Iran,2008,IRN,75514201.0,1132365762681.0,99.133,0.618,0.867,0.867,30767.291,2.052,528.528,6.999,5.859,246.875,233.937,1.649,0.006
Iran,2009,IRN,76457831.0,1208128386676.0,99.233,0.389,0.767,0.767,31118.98,1.969,543.406,7.107,4.397,261.064,232.909,1.724,0.006
Iran,2010,IRN,77420851.0,1310507059384.0,98.894,0.544,1.106,1.106,31753.627,1.876,561.496,7.253,5.452,277.22,227.529,1.685,0.006
Iran,2011,IRN,78383602.0,1345049307937.0,98.88,0.538,1.109,1.12,32584.848,1.899,576.366,7.353,5.529,293.265,223.696,1.672,0.006
Iran,2012,IRN,79370583.0,1324570752684.0,98.57,0.414,1.284,1.43,32428.09,1.943,599.278,7.55,4.283,292.274,247.166,1.714,0.007
Iran,2013,IRN,80414689.0,1287095594893.0,98.169,0.332,1.423,1.831,33255.664,2.078,609.997,7.586,4.269,294.934,253.336,1.729,0.007
Iran,2014,IRN,81502045.0,1352737013920.0,98.279,0.379,1.349,1.721,34196.25,2.06,644.228,7.904,3.664,335.007,247.804,1.816,0.007
Iran,2015,IRN,82619365.0,1331012211481.0,98.449,0.46,1.23,1.551,33441.344,2.076,641.959,7.77,4.349,356.769,227.053,1.813,0.008
Iran,2016,IRN,83812230.0,1413723685657.0,98.098,0.362,1.344,1.902,34845.238,2.066,644.68,7.692,3.455,380.7,200.122,1.822,0.008
Iran,2017,IRN,85026761.0,1486668357750.0,97.962,0.397,1.462,2.038,35561.832,2.034,696.407,8.19,4.716,399.502,229.061,1.936,0.008
Iran,2018,IRN,86117999.0,1483607175221.0,98.587,0.508,0.864,1.413,36251.887,2.104,664.523,7.716,4.463,390.843,206.507,1.809,0.008
Iran,2019,IRN,87051649.0,1438754460224.0,96.877,0.575,2.641,3.123,37875.234,2.292,727.269,8.354,5.785,429.312,230.904,1.961,0.009
Iran,2020,IRN,87723448.0,1446203709942.0,97.74,0.626,1.802,2.26,39001.836,2.366,745.596,8.499,6.504,465.334,210.025,2.121,0.009
Iran,2021,IRN,88455490.0,1525523070071.0,98.602,0.601,1.14,1.398,38159.27,2.213,779.525,8.813,7.28,472.847,229.484,2.114,0.009
Iran,2022,IRN,89524247.0,1572209055082.0,98.425,0.617,1.112,1.575,38985.188,2.22,767.178,8.57,7.46,480.627,208.079,2.044,0.01
Iraq,1990,IRQ,17581208.0,71051759191.0,94.547,0.0,5.453,5.453,13520.282,3.345,49.683,2.826,0.004,3.69,33.21,0.219,0.001
Iraq,1991,IRQ,17767257.0,26538332738.0,96.018,0.0,3.982,3.982,8443.392,5.653,45.505,2.561,0.004,3.528,39.487,0.196,0.001
Iraq,1992,IRQ,18300849.0,36550621836.0,93.886,0.0,6.114,6.114,13007.975,6.513,59.02,3.225,0.0,4.356,53.597,0.262,0.001
Iraq,1993,IRQ,19201195.0,39244447591.0,94.57,0.0,5.43,5.43,16473.32,8.06,63.263,3.295,0.0,4.895,57.323,0.278,0.001
Iraq,1994,IRQ,20139818.0,39993906175.0,95.138,0.0,4.862,4.862,17777.477,8.952,76.573,3.802,0.0,6.086,64.098,0.333,0.001
Iraq,1995,IRQ,20825859.0,39049963235.0,94.436,0.0,5.564,5.564,17127.242,9.134,79.841,3.834,0.0,6.086,67.055,0.34,0.001
Iraq,1996,IRQ,21501321.0,47130675910.0,94.935,0.0,5.065,5.065,16607.871,7.577,74.823,3.48,0.0,6.221,62.328,0.309,0.001
Iraq,1997,IRQ,22176604.0,48594367863.0,95.651,0.0,4.349,4.349,19087.279,8.711,76.296,3.44,0.0,5.855,60.592,0.313,0.001
Iraq,1998,IRQ,22884402.0,59869187777.0,94.563,0.0,5.437,5.437,13884.171,5.307,80.984,3.539,0.0,5.514,64.263,0.333,0.001
Iraq,1999,IRQ,23636530.0,69697267568.0,95.675,0.0,4.325,4.325,9698.544,3.289,82.416,3.487,0.0,5.943,61.962,0.332,0.001
Iraq,2000,IRQ,24424060.0,83019213791.0,97.243,0.0,2.757,2.757,13208.813,3.886,83.722,3.428,0.0,5.888,61.68,0.328,0.001
Iraq,2001,IRQ,25197842.0,97219510326.0,97.158,0.0,2.842,2.842,14302.593,3.707,96.802,3.842,0.0,5.159,75.295,0.377,0.001
Iraq,2002,IRQ,26006558.0,112141846978.0,96.344,0.0,3.656,3.656,13171.254,3.055,97.09,3.733,0.0,4.298,77.658,0.37,0.001
Iraq,2003,IRQ,26802660.0,94480598969.0,95.726,0.0,4.274,4.274,11342.992,3.218,101.424,3.784,0.0,2.917,85.254,0.367,0.001
Iraq,2004,IRQ,27577876.0,155937247290.0,95.206,0.0,4.794,4.794,11821.411,2.091,113.016,4.098,0.0,1.869,95.488,0.395,0.001
Iraq,2005,IRQ,28407450.0,170895694120.0,95.721,0.0,4.279,4.279,10851.643,1.804,114.282,4.023,0.0,12.439,87.09,0.386,0.001
Iraq,2006,IRQ,28616518.0,190082841273.0,95.534,0.0,4.466,4.466,10470.602,1.576,98.838,3.454,0.0,11.959,71.602,0.323,0.001
Iraq,2007,IRQ,28391606.0,200529416438.0,95.971,0.0,4.029,4.029,10642.609,1.507,61.361,2.161,0.0,12.029,34.661,0.195,0.001
Iraq,2008,IRQ,28971042.0,231588128927.0,97.76,0.0,2.24,2.24,11938.793,1.494,94.335,3.256,0.0,15.25,62.786,0.294,0.001
Iraq,2009,IRQ,30058207.0,259745648872.0,97.809,0.0,2.191,2.191,11294.105,1.307,105.211,3.5,0.0,16.701,70.199,0.334,0.001
Iraq,2010,IRQ,31045367.0,297507194079.0,97.596,0.0,2.404,2.404,12635.254,1.319,113.983,3.672,0.0,14.817,78.472,0.342,0.001
Iraq,2011,IRQ,32161425.0,344220720679.0,97.823,0.0,2.177,2.177,12595.847,1.177,123.526,3.841,0.0,13.909,84.862,0.358,0.002
Iraq,2012,IRQ,33654843.0,392191319237.0,97.428,0.0,2.572,2.572,13112.636,1.125,134.04,3.983,0.0,13.153,92.913,0.383,0.002
Iraq,2013,IRQ,35281987.0,422107689937.0,97.544,0.0,2.456,2.456,13759.076,1.15,141.704,4.016,0.0,13.058,98.726,0.402,0.002
Iraq,2014,IRQ,36550058.0,425222855485.0,98.456,0.0,1.544,1.544,13055.939,1.122,137.513,3.762,0.0,12.633,94.733,0.388,0.002
Iraq,2015,IRQ,37560535.0,436010743372.0,98.6,0.0,1.4,1.4,12548.263,1.081,142.53,3.795,0.0,12.986,94.841,0.403,0.002
Iraq,2016,IRQ,38469628.0,502280002568.0,98.291,0.0,1.709,1.709,13119.015,1.005,153.132,3.981,0.0,17.613,97.272,0.433,0.002
Iraq,2017,IRQ,39337358.0,485207548291.0,99.066,0.0,0.934,0.934,15213.562,1.233,167.472,4.257,0.0,22.618,105.655,0.466,0.002
Iraq,2018,IRQ,40265629.0,508026800522.0,99.123,0.0,0.877,0.877,15464.542,1.226,186.156,4.623,0.0,28.77,114.291,0.507,0.002
Iraq,2019,IRQ,41192172.0,537548265143.0,98.018,0.0,1.982,1.982,16212.383,1.242,191.778,4.656,0.0,32.994,114.2,0.517,0.002
Iraq,2020,IRQ,42116602.0,453147782672.0,98.113,0.0,1.887,1.887,14121.946,1.313,172.098,4.086,0.0,35.105,93.022,0.489,0.002
Iraq,2021,IRQ,43071208.0,487935979007.0,98.516,0.0,1.484,1.484,14358.384,1.267,193.115,4.484,0.0,36.134,111.631,0.524,0.002
Iraq,2022,IRQ,44070556.0,527639326800.0,98.905,0.0,1.095,1.095,15429.901,1.289,217.644,4.939,0.006,36.059,134.835,0.58,0.002
Ireland,1990,IRL,3514015.0,66087470680.0,98.356,34.189,1.644,1.644,33547.477,1.784,32.945,9.375,14.659,4.414,12.305,0.145,0.001
Ireland,1991,IRL,3534258.0,67931954747.0,98.306,31.573,1.694,1.694,34649.891,1.803,33.675,9.528,14.367,4.547,13.358,0.145,0.001
Ireland,1992,IRL,3558417.0,71260987727.0,98.142,29.939,1.858,1.858,34571.199,1.726,33.496,9.413,13.765,4.517,13.929,0.149,0.001
Ireland,1993,IRL,3576118.0,73767381672.0,98.273,28.486,1.727,1.727,35129.172,1.703,33.717,9.428,13.196,5.221,13.895,0.148,0.001
Ireland,1994,IRL,3590162.0,78958775461.0,98.005,26.156,1.995,1.995,36470.648,1.658,34.839,9.704,12.557,5.152,15.681,0.152,0.001
Ireland,1995,IRL,3610695.0,87444502170.0,98.483,25.798,1.517,1.517,37006.93,1.528,35.853,9.93,12.668,5.527,15.981,0.152,0.001
Ireland,1996,IRL,3638507.0,96380321753.0,98.489,24.574,1.511,1.511,38762.234,1.463,37.469,10.298,13.074,6.178,16.437,0.155,0.001
Ireland,1997,IRL,3672287.0,108003078862.0,98.437,22.658,1.563,1.563,39683.773,1.349,38.805,10.567,12.21,6.592,18.112,0.159,0.001
Ireland,1998,IRL,3711075.0,118588811316.0,97.906,21.205,2.094,2.094,42253.375,1.322,40.708,10.969,11.893,6.721,20.436,0.168,0.001
Ireland,1999,IRL,3752938.0,132916954385.0,98.093,17.278,1.907,1.907,44108.691,1.245,42.44,11.309,10.289,7.19,23.114,0.171,0.001
Ireland,2000,IRL,3802589.0,147722370991.0,98.08,17.568,1.92,1.92,45587.059,1.173,45.25,11.9,11.107,8.209,23.581,0.177,0.001
Ireland,2001,IRL,3862981.0,158384851025.0,98.43,17.411,1.57,1.57,47416.109,1.156,47.608,12.324,11.659,8.601,24.759,0.185,0.001
Ireland,2002,IRL,3928441.0,169226186783.0,97.894,16.912,2.106,2.106,46164.363,1.072,46.081,11.73,11.315,8.633,23.688,0.175,0.001
Ireland,2003,IRL,3992935.0,177468844871.0,98.225,16.784,1.775,1.775,44291.898,0.997,45.684,11.441,10.843,8.84,23.119,0.165,0.001
Ireland,2004,IRL,4066066.0,191402766075.0,97.877,15.379,2.123,2.123,44357.832,0.942,46.167,11.354,10.207,8.756,24.312,0.161,0.001
Ireland,2005,IRL,4155283.0,204898243531.0,97.284,16.387,2.716,2.716,45285.484,0.918,48.153,11.588,11.16,8.4,25.645,0.163,0.001
Ireland,2006,IRL,4268775.0,219162994472.0,96.549,14.324,3.451,3.451,45515.262,0.887,47.597,11.15,10.021,9.429,25.228,0.156,0.001
Ireland,2007,IRL,4393518.0,230371638354.0,96.066,13.776,3.934,3.934,44912.613,0.857,47.658,10.847,9.671,10.208,24.739,0.151,0.001
Ireland,2008,IRL,4485992.0,223067117042.0,94.797,13.555,5.203,5.203,43776.055,0.88,47.361,10.558,9.644,10.771,24.314,0.148,0.001
Ireland,2009,IRL,4533750.0,215181048184.0,93.296,13.187,6.704,6.704,38954.852,0.821,42.177,9.303,8.605,10.382,21.329,0.134,0.001
Ireland,2010,IRL,4559084.0,221852442105.0,93.851,12.998,6.149,6.149,39108.832,0.804,41.791,9.167,8.427,11.365,20.211,0.125,0.001
Ireland,2011,IRL,4579603.0,224397469453.0,90.968,13.382,9.032,9.032,37178.258,0.759,38.054,8.31,8.311,9.85,18.322,0.11,0.001
Ireland,2012,IRL,4600135.0,217871560184.0,91.139,15.779,8.861,8.861,36405.145,0.769,38.224,8.309,9.622,9.523,17.41,0.109,0.001
Ireland,2013,IRL,4624686.0,222738952818.0,90.352,14.5,9.648,9.648,35677.523,0.741,37.279,8.061,8.739,9.067,17.611,0.106,0.001
Ireland,2014,IRL,4658236.0,236178350686.0,89.062,14.3,10.938,10.938,35325.18,0.697,36.85,7.911,8.647,8.796,17.324,0.104,0.001
Ireland,2015,IRL,4702497.0,249955928768.0,87.494,14.769,12.506,12.506,36983.117,0.696,38.715,8.233,9.351,8.888,18.202,0.109,0.001
Ireland,2016,IRL,4753506.0,255118282428.0,88.463,13.559,11.537,11.537,38268.473,0.713,40.369,8.492,9.205,9.913,18.822,0.114,0.001
Ireland,2017,IRL,4810258.0,266528546717.0,86.308,11.505,13.692,13.692,37987.566,0.686,39.04,8.116,7.87,10.152,18.614,0.109,0.001
Ireland,2018,IRL,4872559.0,282500483309.0,84.858,8.854,15.142,15.142,38347.988,0.661,38.922,7.988,6.354,10.6,19.388,0.106,0.001
Ireland,2019,IRL,4933493.0,294503693886.0,82.61,6.314,17.39,17.39,38065.551,0.638,37.2,7.54,4.543,10.841,19.382,0.1,0.001
Ireland,2020,IRL,4982602.0,274762344680.0,79.181,5.764,20.819,20.819,35439.918,0.643,35.053,7.035,3.757,10.954,18.003,0.1,0.001
Ireland,2021,IRL,5028428.0,287639621097.0,82.201,7.702,17.799,17.799,35772.973,0.625,37.474,7.452,4.929,10.44,19.215,0.102,0.001
Ireland,2022,IRL,5110015.0,308390920561.0,80.58,5.987,19.42,19.42,36487.48,0.605,36.676,7.177,4.036,10.76,19.15,0.098,0.001
Israel,1990,ISR,4544995.0,93268265028.0,99.994,21.346,0.006,0.006,28412.639,1.385,35.824,7.882,9.95,0.066,24.821,0.158,0.0
Israel,1991,ISR,4779892.0,97235343963.0,99.987,22.737,0.013,0.013,27464.557,1.35,36.148,7.563,10.861,0.048,24.046,0.156,0.0
Israel,1992,ISR,4957240.0,103860017405.0,99.947,23.981,0.053,0.053,30903.604,1.475,42.082,8.489,13.37,0.048,27.363,0.187,0.0
Israel,1993,ISR,5086041.0,107424032339.0,99.957,24.95,0.043,0.043,32710.389,1.549,44.235,8.697,15.112,0.048,27.618,0.194,0.0
Israel,1994,ISR,5216697.0,114572102371.0,99.963,25.346,0.037,0.037,33271.812,1.515,47.475,9.101,16.017,0.044,29.908,0.207,0.0
Israel,1995,ISR,5354734.0,125219738356.0,99.964,24.599,0.036,0.036,36455.285,1.559,49.866,9.312,17.551,0.044,30.371,0.212,0.0
Israel,1996,ISR,5499555.0,131748252991.0,99.967,28.777,0.033,0.033,36784.227,1.535,51.936,9.444,20.907,0.029,29.327,0.214,0.0
Israel,1997,ISR,5646476.0,136529502967.0,99.969,28.617,0.031,0.031,39177.164,1.62,54.866,9.717,23.047,0.029,30.07,0.225,0.0
Israel,1998,ISR,5790143.0,141524295423.0,99.97,29.191,0.03,0.03,40205.156,1.645,56.01,9.673,24.791,0.022,29.008,0.231,0.0
Israel,1999,ISR,5946079.0,146070391087.0,99.962,27.663,0.038,0.038,40576.605,1.652,54.756,9.209,24.208,0.018,28.257,0.22,0.0
Israel,2000,ISR,6111194.0,158656383479.0,99.962,31.995,0.038,0.038,37205.684,1.433,59.519,9.739,28.202,0.018,29.147,0.233,0.001
Israel,2001,ISR,6259977.0,158567053954.0,99.976,36.957,0.024,0.024,36296.055,1.433,63.024,10.068,30.583,0.018,30.602,0.245,0.001
Israel,2002,ISR,6387714.0,158018046039.0,99.912,38.296,0.088,0.088,36285.676,1.467,59.305,9.284,29.259,0.015,28.211,0.226,0.001
Israel,2003,ISR,6502821.0,159162904545.0,99.901,38.516,0.099,0.099,36728.059,1.501,62.415,9.598,29.726,0.015,30.789,0.226,0.001
Israel,2004,ISR,6615084.0,166466423998.0,99.906,38.144,0.094,0.094,36808.152,1.463,58.679,8.871,30.043,2.18,24.511,0.205,0.001
Israel,2005,ISR,6728212.0,172697410123.0,99.883,37.744,0.117,0.117,36361.738,1.417,56.528,8.402,27.824,3.004,23.541,0.191,0.001
Israel,2006,ISR,6844029.0,181910800706.0,99.932,37.115,0.068,0.068,35937.852,1.352,62.149,9.081,29.922,4.254,25.708,0.203,0.001
Israel,2007,ISR,6962456.0,192596811708.0,99.94,36.6,0.06,0.06,36637.172,1.324,62.8,9.02,30.307,5.09,25.133,0.199,0.001
Israel,2008,ISR,7082621.0,197785749719.0,99.931,35.008,0.069,0.069,37052.305,1.327,67.98,9.598,29.587,7.017,29.206,0.212,0.001
Israel,2009,ISR,7206096.0,199771084186.0,99.851,35.288,0.149,0.149,35380.598,1.276,63.861,8.862,27.088,7.823,27.136,0.203,0.001
Israel,2010,ISR,7336735.0,210327630432.0,99.778,33.927,0.222,0.222,36127.625,1.26,68.287,9.308,28.07,10.08,28.114,0.205,0.001
Israel,2011,ISR,7471023.0,220210380263.0,99.647,34.165,0.353,0.353,36147.91,1.226,68.595,9.181,29.001,9.343,28.0,0.199,0.001
Israel,2012,ISR,7607781.0,225909436249.0,99.498,36.252,0.502,0.502,37162.938,1.252,74.781,9.83,32.571,4.814,35.143,0.214,0.001
Israel,2013,ISR,7749369.0,235885601546.0,99.417,30.866,0.583,0.583,34478.062,1.133,63.095,8.142,26.716,11.293,22.916,0.179,0.001
Israel,2014,ISR,7897173.0,245129958334.0,99.013,29.413,0.987,0.987,33001.949,1.063,60.279,7.633,25.304,12.472,20.211,0.17,0.001
Israel,2015,ISR,8052916.0,251223879854.0,98.731,27.3,1.269,1.269,34152.684,1.095,62.936,7.815,25.087,13.784,21.83,0.178,0.001
Israel,2016,ISR,8210006.0,262584215516.0,98.254,22.877,1.746,1.746,34174.199,1.068,61.164,7.45,20.836,15.688,22.657,0.173,0.001
Israel,2017,ISR,8361796.0,273812314306.0,98.25,20.39,1.75,1.75,34165.57,1.043,58.849,7.038,18.833,16.69,21.339,0.164,0.001
Israel,2018,ISR,8510067.0,284956472967.0,98.11,18.767,1.89,1.89,34337.16,1.025,59.986,7.049,18.129,17.671,22.409,0.163,0.001
Israel,2019,ISR,8657466.0,296799271432.0,97.097,19.236,2.903,2.903,34826.125,1.016,58.95,6.809,18.011,17.619,21.514,0.159,0.001
Israel,2020,ISR,8800380.0,291287719910.0,95.976,17.743,4.024,4.024,32400.352,0.979,59.285,6.737,17.096,22.171,18.298,0.169,0.001
Israel,2021,ISR,8942925.0,316373426613.0,95.111,15.533,4.889,4.889,32656.467,0.923,58.95,6.592,14.334,23.088,19.856,0.16,0.001
Israel,2022,ISR,9103143.0,336722563455.0,94.613,14.477,5.387,5.387,33816.672,0.914,62.267,6.84,14.535,23.893,22.006,0.166,0.001
Italy,1990,ITA,57031457.0,1475485283347.0,95.432,7.928,4.568,4.568,37737.582,1.459,438.208,7.684,69.58,88.992,254.311,1.928,0.006
Italy,1991,ITA,57075394.0,1509175668697.0,93.875,7.76,6.125,6.125,36630.781,1.385,437.742,7.67,65.966,94.755,251.763,1.886,0.006
Italy,1992,ITA,57124993.0,1531924051790.0,93.871,6.773,6.129,6.129,36780.156,1.372,437.937,7.666,58.065,94.458,259.383,1.945,0.006
Italy,1993,ITA,57170762.0,1529550155063.0,93.846,6.016,6.154,6.154,36187.422,1.353,430.268,7.526,52.079,96.872,257.502,1.891,0.006
Italy,1994,ITA,57420136.0,1573414707872.0,93.426,6.368,6.574,6.574,35948.75,1.312,424.507,7.393,54.772,92.794,253.722,1.848,0.006
Italy,1995,ITA,57403342.0,1630199200435.0,94.614,6.518,5.386,5.386,37758.719,1.33,448.596,7.815,58.417,102.913,262.51,1.908,0.007
Italy,1996,ITA,57162098.0,1662793011167.0,94.017,5.975,5.983,5.983,38073.223,1.309,442.843,7.747,53.524,106.19,260.195,1.827,0.007
Italy,1997,ITA,57189272.0,1705188033729.0,94.072,6.003,5.928,5.928,38427.555,1.289,448.571,7.844,54.146,109.923,261.104,1.84,0.007
Italy,1998,ITA,57215190.0,1744897501196.0,94.041,6.219,5.959,5.959,38487.336,1.262,460.824,8.054,54.867,118.555,263.89,1.897,0.007
Italy,1999,ITA,57240796.0,1784529161518.0,93.457,6.177,6.543,6.543,38694.242,1.241,465.508,8.132,53.94,129.051,259.063,1.874,0.007
Italy,2000,ITA,57272200.0,1863751547560.0,93.147,6.955,6.853,6.853,36668.406,1.127,469.598,8.199,56.032,134.813,254.488,1.841,0.008
Italy,2001,ITA,57305760.0,1910272015654.0,92.705,7.404,7.295,7.295,36587.203,1.098,469.679,8.196,59.024,135.107,250.667,1.828,0.008
Italy,2002,ITA,57420636.0,1929301903714.0,93.547,7.62,6.453,6.453,36598.094,1.089,477.136,8.309,60.016,135.865,256.631,1.817,0.008
Italy,2003,ITA,57739697.0,1947667703883.0,93.94,7.959,6.06,6.06,37583.359,1.114,495.094,8.575,65.126,149.024,254.877,1.79,0.008
Italy,2004,ITA,58176736.0,1994293720592.0,93.107,8.699,6.893,6.893,38239.617,1.116,500.687,8.606,72.217,154.662,247.736,1.75,0.008
Italy,2005,ITA,58519696.0,2029243417217.0,93.839,8.636,6.161,6.161,37986.016,1.095,501.365,8.567,71.265,165.66,238.292,1.694,0.009
Italy,2006,ITA,58754434.0,2086553648584.0,93.573,8.747,6.427,6.427,37816.105,1.065,496.075,8.443,70.787,162.585,236.455,1.621,0.009
Italy,2007,ITA,59108723.0,2134371774096.0,93.827,8.745,6.173,6.173,36801.336,1.019,489.794,8.286,70.675,163.512,229.031,1.555,0.009
Italy,2008,ITA,59561687.0,2129113318512.0,92.197,8.568,7.803,7.803,36098.609,1.01,478.132,8.028,68.139,167.142,218.498,1.492,0.009
Italy,2009,ITA,59904016.0,2029023036275.0,89.873,7.237,10.127,10.127,33300.102,0.983,424.032,7.079,52.388,154.034,197.832,1.346,0.01
Italy,2010,ITA,60164212.0,2080545936781.0,89.079,7.744,10.921,10.921,34277.355,0.991,435.672,7.241,58.218,164.347,193.166,1.308,0.01
Italy,2011,ITA,60367882.0,2110883320816.0,88.088,8.864,11.912,11.912,33467.977,0.957,423.897,7.022,65.439,153.0,185.899,1.229,0.01
Italy,2012,ITA,60531522.0,2047959835066.0,86.501,9.372,13.499,13.499,32379.41,0.957,403.444,6.665,66.959,147.714,172.224,1.154,0.01
Italy,2013,ITA,60653864.0,2010255414011.0,83.04,8.509,16.96,16.96,30716.307,0.927,369.461,6.091,57.782,137.701,158.74,1.047,0.01
Italy,2014,ITA,60664169.0,2010164047423.0,81.483,8.514,18.517,18.517,29940.508,0.904,349.389,5.759,55.837,121.589,157.626,0.985,0.01
Italy,2015,ITA,60575314.0,2025809415322.0,83.34,7.848,16.66,16.66,30350.078,0.908,361.244,5.964,53.063,132.757,161.426,1.02,0.011
Italy,2016,ITA,60478103.0,2052012434345.0,83.588,6.964,16.412,16.412,30333.92,0.894,358.133,5.922,48.302,140.795,156.02,1.012,0.011
Italy,2017,ITA,60390317.0,2086237040647.0,84.325,6.052,15.675,15.675,30594.736,0.886,352.666,5.84,41.798,148.761,148.755,0.98,0.011
Italy,2018,ITA,60277496.0,2105551772855.0,82.941,5.519,17.059,17.059,30853.664,0.883,349.048,5.791,39.213,143.675,152.744,0.95,0.011
Italy,2019,ITA,60130136.0,2115725732767.0,82.588,4.216,17.412,17.412,30599.51,0.87,339.638,5.648,30.48,146.775,148.491,0.916,0.011
Italy,2020,ITA,59912763.0,1925751927111.0,80.601,3.565,19.399,19.399,27764.078,0.864,302.6,5.051,22.119,140.818,127.568,0.861,0.011
Italy,2021,ITA,59729353.0,2060299944789.0,81.986,3.671,18.014,18.014,29887.174,0.866,335.93,5.624,24.57,152.325,145.904,0.911,0.011
Italy,2022,ITA,59619106.0,2136009300257.0,84.049,4.949,15.951,15.951,29444.67,0.822,340.115,5.705,31.341,137.55,159.145,0.906,0.012
Japan,1990,JPN,123399767.0,3699821545804.0,84.152,17.601,5.368,15.848,42012.113,1.401,1154.853,9.359,311.242,118.288,668.244,5.08,0.015
Japan,1991,JPN,123889870.0,3824677506935.0,83.532,16.882,5.6,16.468,43292.547,1.402,1166.552,9.416,311.216,126.442,670.611,5.027,0.016
Japan,1992,JPN,124383707.0,3856515730401.0,84.028,16.397,4.805,15.972,43625.438,1.407,1175.454,9.45,305.863,127.887,683.298,5.22,0.016
Japan,1993,JPN,124839955.0,3860865231367.0,82.109,16.458,5.348,17.891,44192.41,1.429,1169.328,9.367,311.471,130.679,669.613,5.14,0.017
Japan,1994,JPN,125286861.0,3893220587047.0,83.509,16.609,3.887,16.491,45642.43,1.469,1223.158,9.763,319.196,137.127,708.422,5.324,0.017
Japan,1995,JPN,125672659.0,3997430939864.0,81.966,16.662,4.483,18.034,47042.098,1.479,1235.873,9.834,328.968,142.071,706.1,5.255,0.018
Japan,1996,JPN,125975304.0,4118875121023.0,81.898,16.765,4.371,18.102,47861.875,1.464,1248.69,9.912,337.797,147.814,703.974,5.153,0.018
Japan,1997,JPN,126265926.0,4160709430865.0,80.632,16.899,4.773,19.368,48682.684,1.477,1240.98,9.828,343.384,152.482,688.639,5.09,0.019
Japan,1998,JPN,126549182.0,4111245191910.0,79.983,16.373,4.961,20.017,47804.98,1.471,1201.334,9.493,321.286,155.8,673.057,4.945,0.019
Japan,1999,JPN,126801566.0,4098283065888.0,80.914,16.955,4.664,19.086,48453.75,1.499,1238.121,9.764,339.156,165.305,682.654,4.985,0.02
Japan,2000,JPN,127027794.0,4209651870326.0,81.144,17.858,4.603,18.856,49227.996,1.485,1260.203,9.921,365.732,170.07,672.759,4.94,0.02
Japan,2001,JPN,127260144.0,4224163277272.0,81.102,18.48,4.508,18.898,48606.762,1.464,1245.935,9.79,374.745,169.164,651.363,4.849,0.021
Japan,2002,JPN,127484599.0,4226576076119.0,81.446,19.698,4.514,18.554,48365.816,1.459,1275.42,10.005,392.048,173.01,662.164,4.856,0.022
Japan,2003,JPN,127671254.0,4288493482445.0,84.68,20.238,5.098,15.32,48271.73,1.437,1283.845,10.056,405.725,178.304,652.177,4.643,0.022
Japan,2004,JPN,127815769.0,4380398118363.0,82.513,20.499,5.023,17.487,48875.867,1.426,1279.122,10.008,413.614,177.22,640.898,4.471,0.023
Japan,2005,JPN,127913331.0,4450600710060.0,83.02,21.113,4.52,16.98,49673.758,1.428,1286.412,10.057,424.188,175.651,637.796,4.346,0.023
Japan,2006,JPN,127997247.0,4514225078439.0,82.081,20.818,5.011,17.919,49501.863,1.404,1263.44,9.871,421.175,192.295,601.046,4.13,0.024
Japan,2007,JPN,128087683.0,4590814009043.0,83.623,22.049,4.499,16.377,48993.164,1.367,1298.974,10.141,438.589,208.764,603.408,4.124,0.024
Japan,2008,JPN,128155992.0,4542408020234.0,84.603,23.081,4.561,15.397,48051.477,1.356,1228.687,9.587,420.311,204.133,559.258,3.834,0.025
Japan,2009,JPN,128192471.0,4298103109270.0,82.359,21.217,4.756,17.641,43858.52,1.308,1160.253,9.051,406.014,201.885,512.779,3.682,0.025
Japan,2010,JPN,128185273.0,4480295644398.0,81.799,22.738,5.404,18.201,46675.945,1.335,1211.09,9.448,440.141,212.989,517.853,3.635,0.026
Japan,2011,JPN,128096430.0,4468738319171.0,87.076,22.722,5.447,12.924,44260.359,1.269,1261.181,9.846,424.824,247.537,548.593,3.658,0.027
Japan,2012,JPN,127928283.0,4530172048567.0,93.793,24.184,5.379,6.207,43894.004,1.24,1302.113,10.178,444.259,256.681,560.109,3.725,0.027
Japan,2013,JPN,127723642.0,4621006950566.0,93.499,25.354,5.829,6.501,43658.484,1.207,1311.876,10.271,475.299,256.133,537.861,3.719,0.028
Japan,2014,JPN,127486601.0,4634693421103.0,93.396,25.597,6.604,6.604,42606.789,1.172,1260.272,9.886,466.617,258.215,493.206,3.553,0.028
Japan,2015,JPN,127275868.0,4707025000790.0,92.1,26.167,7.685,7.9,42138.867,1.139,1219.982,9.585,460.158,246.091,472.952,3.446,0.029
Japan,2016,JPN,127159950.0,4742508721138.0,91.565,26.46,7.593,8.435,41646.914,1.117,1199.933,9.436,451.654,251.202,456.462,3.39,0.029
Japan,2017,JPN,127064686.0,4821960242931.0,90.608,26.566,8.029,9.392,42137.562,1.11,1184.392,9.321,453.724,245.323,444.288,3.292,0.03
Japan,2018,JPN,126913432.0,4852985093686.0,89.042,26.204,8.65,10.958,41899.98,1.096,1138.55,8.971,436.723,233.524,427.785,3.099,0.03
Japan,2019,JPN,126699421.0,4833467877373.0,87.991,26.315,8.871,12.009,41086.219,1.077,1102.063,8.698,427.648,223.805,411.853,2.972,0.031
Japan,2020,JPN,126304533.0,4626661481209.0,87.329,26.488,10.457,12.671,38203.219,1.043,1037.285,8.213,395.042,222.213,383.172,2.95,0.031
Japan,2021,JPN,125679342.0,4725883595048.0,86.17,27.39,10.814,13.83,40020.164,1.064,1058.502,8.422,421.464,211.747,387.738,2.871,0.032
Japan,2022,JPN,124997585.0,4774494846664.0,86.285,27.488,11.154,13.715,39974.945,1.047,1029.645,8.237,403.623,202.025,388.925,2.744,0.032
Kazakhstan,1990,KAZ,17154060.0,194940979656.0,97.616,52.477,2.384,2.384,50100.41,4.409,267.405,15.588,173.707,27.439,56.761,1.176,0.007
Kazakhstan,1991,KAZ,17278604.0,174429524072.0,97.492,51.279,2.333,2.508,49687.891,4.922,260.421,15.072,171.461,26.347,53.557,1.122,0.007
Kazakhstan,1992,KAZ,17332624.0,166043944401.0,97.594,52.329,2.254,2.406,48894.812,5.104,233.523,13.473,160.477,25.184,39.384,1.037,0.007
Kazakhstan,1993,KAZ,17274487.0,151572718863.0,96.996,53.849,2.838,3.004,43309.75,4.936,207.559,12.015,143.687,23.493,33.155,0.912,0.008
Kazakhstan,1994,KAZ,17043775.0,133221794942.0,96.006,59.176,3.836,3.994,39100.562,5.002,174.671,10.248,118.564,22.192,27.665,0.76,0.008
Kazakhstan,1995,KAZ,16730541.0,122950929776.0,96.088,53.195,3.875,3.912,35785.812,4.87,168.468,10.069,116.131,17.668,28.627,0.716,0.008
Kazakhstan,1996,KAZ,16416036.0,124225924285.0,96.036,54.578,3.917,3.964,31749.574,4.196,154.716,9.425,104.793,15.739,27.938,0.638,0.008
Kazakhstan,1997,KAZ,16043250.0,127005576762.0,95.88,53.139,3.938,4.12,28646.211,3.619,147.293,9.181,96.058,14.864,29.702,0.604,0.008
Kazakhstan,1998,KAZ,15647789.0,125251820898.0,95.994,55.535,3.95,4.006,27671.828,3.457,145.622,9.306,93.213,14.387,29.745,0.599,0.008
Kazakhstan,1999,KAZ,15455877.0,129322680226.0,95.803,54.719,4.197,4.197,26330.492,3.147,118.762,7.684,81.796,9.787,19.181,0.478,0.008
Kazakhstan,2000,KAZ,15501108.0,142758090799.0,94.321,56.315,5.679,5.679,23852.965,2.59,142.197,9.173,95.035,14.153,24.383,0.557,0.008
Kazakhstan,2001,KAZ,15575550.0,162896083567.0,94.618,62.527,5.382,5.382,26720.834,2.555,138.036,8.862,93.208,11.193,23.404,0.537,0.008
Kazakhstan,2002,KAZ,15656680.0,179807015103.0,94.233,62.211,5.767,5.767,27077.492,2.358,156.768,10.013,95.068,14.308,35.413,0.597,0.008
Kazakhstan,2003,KAZ,15747377.0,197584132991.0,94.926,62.635,5.074,5.074,29509.088,2.352,175.022,11.114,106.206,16.178,39.271,0.633,0.008
Kazakhstan,2004,KAZ,15850164.0,217713169930.0,95.537,63.211,4.463,4.463,30953.795,2.254,185.476,11.702,112.534,17.302,41.377,0.648,0.008
Kazakhstan,2005,KAZ,15968118.0,240059743236.0,95.804,62.131,4.196,4.196,31602.055,2.102,198.449,12.428,113.324,18.119,51.563,0.67,0.008
Kazakhstan,2006,KAZ,16103718.0,267135182235.0,96.168,60.799,3.832,3.832,33743.172,2.034,219.633,13.639,119.135,27.997,55.406,0.718,0.008
Kazakhstan,2007,KAZ,16257212.0,292456722644.0,96.387,60.205,3.613,3.613,37084.332,2.061,225.712,13.884,129.58,24.003,55.398,0.717,0.009
Kazakhstan,2008,KAZ,16426527.0,303717015928.0,96.896,61.965,3.104,3.104,38683.312,2.092,226.102,13.764,125.13,30.341,52.597,0.705,0.009
Kazakhstan,2009,KAZ,16619851.0,309012285175.0,96.82,63.361,3.18,3.18,34236.527,1.841,223.189,13.429,136.013,29.936,39.463,0.708,0.009
Kazakhstan,2010,KAZ,16836808.0,333341740713.0,96.574,63.667,3.426,3.426,36301.137,1.834,248.093,14.735,144.001,34.251,51.689,0.745,0.009
Kazakhstan,2011,KAZ,17065996.0,360244945296.0,97.052,61.014,2.948,2.948,40666.574,1.927,238.157,13.955,141.541,38.671,39.43,0.691,0.009
Kazakhstan,2012,KAZ,17306115.0,378260779954.0,97.297,60.427,2.703,2.703,42173.152,1.929,245.263,14.172,152.612,34.439,39.288,0.702,0.009
Kazakhstan,2013,KAZ,17556502.0,400574375261.0,97.291,59.685,2.709,2.709,41671.484,1.826,253.533,14.441,150.9,30.729,49.463,0.719,0.009
Kazakhstan,2014,KAZ,17816285.0,417799078586.0,97.257,56.102,2.743,2.743,43168.984,1.841,299.137,16.79,194.196,43.375,39.732,0.843,0.009
Kazakhstan,2015,KAZ,18084175.0,421977118608.0,96.23,50.128,3.77,3.77,35163.887,1.507,303.052,16.758,186.754,52.621,40.8,0.856,0.01
Kazakhstan,2016,KAZ,18363600.0,425774884998.0,95.754,52.333,4.246,4.246,38735.684,1.671,301.739,16.431,185.489,54.656,42.117,0.853,0.01
Kazakhstan,2017,KAZ,18651931.0,442384368842.0,96.185,53.354,3.815,3.815,41010.547,1.729,317.72,17.034,191.064,62.691,44.115,0.883,0.01
Kazakhstan,2018,KAZ,18932725.0,460522121041.0,96.555,53.77,3.445,3.445,41684.305,1.714,329.572,17.408,193.772,68.521,47.978,0.897,0.01
Kazakhstan,2019,KAZ,19209556.0,481245619523.0,96.553,50.308,3.447,3.447,41578.891,1.66,296.04,15.411,180.217,50.328,47.921,0.798,0.01
Kazakhstan,2020,KAZ,19482116.0,468733212615.0,95.986,51.67,4.014,4.014,37774.996,1.57,281.789,14.464,184.964,32.117,47.217,0.801,0.01
Kazakhstan,2021,KAZ,19743607.0,487951301251.0,96.22,47.544,3.78,3.78,41644.129,1.685,244.904,12.404,138.533,24.665,62.447,0.664,0.01
Kazakhstan,2022,KAZ,20034612.0,503634062609.0,96.005,47.93,3.995,3.995,40893.367,1.627,274.346,13.694,150.966,38.807,64.976,0.731,0.011
Kuwait,1990,KWT,1684833.0,20899601193.0,100.0,0.0,0.0,0.0,54303.703,4.378,37.863,22.473,0.0,13.969,22.117,0.167,0.0
Kuwait,1991,KWT,1351403.0,5968350535.0,100.0,0.0,0.0,0.0,34128.016,7.728,492.979,364.791,0.0,0.0,464.529,2.124,0.001
Kuwait,1992,KWT,1634968.0,18278670155.0,100.0,0.0,0.0,0.0,49955.27,4.468,29.683,18.155,0.0,7.449,21.02,0.132,0.001
Kuwait,1993,KWT,1672158.0,29845167808.0,100.0,0.0,0.0,0.0,59906.363,3.356,49.163,29.401,0.0,15.184,33.357,0.216,0.001
Kuwait,1994,KWT,1664371.0,38842906079.0,100.0,0.0,0.0,0.0,70257.469,3.01,57.265,34.406,0.0,14.583,39.278,0.249,0.001
Kuwait,1995,KWT,1681518.0,46090594401.0,100.0,0.0,0.0,0.0,89532.055,3.266,56.263,33.46,0.0,17.811,35.035,0.239,0.001
Kuwait,1996,KWT,1730255.0,51809716654.0,100.0,0.0,0.0,0.0,86126.094,2.876,51.768,29.919,0.0,17.855,30.301,0.214,0.001
Kuwait,1997,KWT,1787692.0,57062986447.0,100.0,0.0,0.0,0.0,86732.641,2.717,56.765,31.753,0.0,17.792,35.105,0.233,0.001
Kuwait,1998,KWT,1844308.0,62305861237.0,100.0,0.0,0.0,0.0,103553.047,3.065,52.91,28.688,0.0,17.981,32.092,0.218,0.001
Kuwait,1999,KWT,1900035.0,64236405197.0,100.0,0.0,0.0,0.0,104348.141,3.086,55.085,28.992,0.0,16.456,35.928,0.222,0.001
Kuwait,2000,KWT,1954713.0,71053965539.0,100.0,0.0,0.0,0.0,111608.148,3.07,54.98,28.127,0.0,20.686,31.277,0.216,0.001
Kuwait,2001,KWT,2008127.0,75867443155.0,100.0,0.0,0.0,0.0,109465.539,2.897,59.119,29.44,0.0,20.24,36.277,0.23,0.001
Kuwait,2002,KWT,2059983.0,83636154969.0,100.0,0.001,0.0,0.0,113044.562,2.784,60.114,29.182,0.0,18.151,38.798,0.229,0.001
Kuwait,2003,KWT,2109886.0,104974065782.0,100.0,0.0,0.0,0.0,131814.344,2.649,62.491,29.618,0.0,21.152,37.296,0.226,0.001
Kuwait,2004,KWT,2157329.0,123477836787.0,100.0,0.0,0.0,0.0,143647.453,2.51,65.855,30.526,0.0,22.766,38.925,0.23,0.001
Kuwait,2005,KWT,2236797.0,142799938874.0,100.0,0.0,0.0,0.0,152611.672,2.39,74.615,33.358,0.001,25.526,44.889,0.252,0.001
Kuwait,2006,KWT,2364741.0,159619963672.0,100.0,0.008,0.0,0.0,138972.203,2.059,76.222,32.233,0.002,26.234,45.881,0.249,0.001
Kuwait,2007,KWT,2507890.0,174545824817.0,100.0,0.001,0.0,0.0,127463.469,1.831,77.295,30.821,0.002,25.539,48.059,0.245,0.001
Kuwait,2008,KWT,2651433.0,183755530386.0,100.0,0.002,0.0,0.0,130233.758,1.879,84.442,31.848,0.001,26.619,54.363,0.263,0.001
Kuwait,2009,KWT,2795489.0,175302339443.0,100.0,0.0,0.0,0.0,125259.391,1.997,88.832,31.777,0.002,24.102,61.749,0.282,0.001
Kuwait,2010,KWT,2943374.0,176036955078.0,100.0,0.011,0.0,0.0,137603.578,2.301,89.721,30.482,0.003,28.132,58.741,0.269,0.001
Kuwait,2011,KWT,3132815.0,201228682118.0,100.0,0.038,0.0,0.0,130844.328,2.037,87.151,27.819,0.051,32.859,51.241,0.253,0.001
Kuwait,2012,KWT,3337025.0,214560063974.0,100.0,0.179,0.0,0.0,126699.711,1.971,101.201,30.327,0.532,34.731,62.827,0.29,0.001
Kuwait,2013,KWT,3507755.0,217029672079.0,100.0,0.71,0.0,0.0,127883.844,2.067,83.047,23.675,0.589,34.566,44.246,0.235,0.001
Kuwait,2014,KWT,3665769.0,218112639263.0,99.998,0.579,0.002,0.002,119275.031,2.005,74.994,20.458,0.811,34.282,36.125,0.211,0.001
Kuwait,2015,KWT,3834465.0,219406044434.0,99.997,0.448,0.003,0.003,122225.258,2.136,93.317,24.337,0.847,39.067,50.477,0.264,0.001
Kuwait,2016,KWT,4003976.0,225825859800.0,99.974,0.556,0.026,0.026,116373.016,2.063,104.019,25.979,0.778,41.257,58.287,0.294,0.001
Kuwait,2017,KWT,4154686.0,215180426540.0,99.972,0.42,0.028,0.028,112401.039,2.17,100.01,24.072,0.534,41.929,54.687,0.278,0.001
Kuwait,2018,KWT,4323389.0,220424403170.0,99.972,0.566,0.028,0.028,111575.0,2.188,102.453,23.697,0.746,42.77,55.927,0.279,0.001
Kuwait,2019,KWT,4442201.0,219207651814.0,99.965,0.498,0.035,0.035,99692.883,2.02,104.654,23.559,0.578,46.267,54.859,0.282,0.001
Kuwait,2020,KWT,4400146.0,199796812404.0,99.963,0.132,0.037,0.037,95378.398,2.101,90.103,20.477,0.163,51.688,35.49,0.256,0.002
Kuwait,2021,KWT,4360748.0,202410138854.0,99.889,0.229,0.111,0.111,107581.398,2.318,87.869,20.15,0.278,54.099,30.807,0.238,0.002
Kuwait,2022,KWT,4589514.0,218961227193.0,99.907,0.126,0.093,0.093,102111.328,2.14,115.849,25.242,0.337,47.313,65.639,0.309,0.002
Latvia,1990,LVA,2660131.0,42100704929.0,85.445,9.603,14.555,14.555,32558.719,2.057,19.662,7.391,2.812,5.493,10.462,0.086,0.001
Latvia,1991,LVA,2648933.0,36517762608.0,88.498,9.132,11.502,11.502,30079.197,2.182,17.92,6.765,2.455,5.455,9.292,0.077,0.001
Latvia,1992,LVA,2614833.0,24594371373.0,87.682,11.176,12.318,12.318,21914.455,2.33,14.194,5.428,2.163,3.976,7.795,0.063,0.001
Latvia,1993,LVA,2563820.0,21610169740.0,83.68,11.862,16.32,16.32,19294.713,2.289,11.922,4.65,1.995,2.594,7.269,0.052,0.001
Latvia,1994,LVA,2521238.0,21908377653.0,80.599,9.231,19.401,19.401,19003.898,2.187,10.37,4.113,1.521,1.874,6.866,0.045,0.001
Latvia,1995,LVA,2485948.0,21602325855.0,81.593,7.011,18.407,18.407,18040.334,2.076,9.134,3.674,1.111,2.297,5.597,0.039,0.001
Latvia,1996,LVA,2457907.0,21944517346.0,87.517,7.035,12.483,12.483,16983.689,1.902,9.212,3.748,1.04,1.977,6.055,0.038,0.001
Latvia,1997,LVA,2433229.0,23733281647.0,80.221,6.272,19.779,19.779,17272.965,1.771,8.68,3.567,0.941,2.417,5.181,0.036,0.001
Latvia,1998,LVA,2410217.0,25089221158.0,73.34,4.268,26.66,26.66,18987.279,1.824,8.306,3.446,0.703,2.37,5.09,0.034,0.001
Latvia,1999,LVA,2390822.0,25549229736.0,80.037,3.866,19.963,19.963,16264.097,1.522,7.718,3.228,0.539,2.264,4.738,0.031,0.001
Latvia,2000,LVA,2368320.0,26727290777.0,79.109,4.076,20.891,20.891,16068.618,1.424,7.082,2.99,0.57,2.504,3.879,0.028,0.001
Latvia,2001,LVA,2338299.0,28242589693.0,80.618,3.529,19.382,19.382,17519.527,1.451,7.497,3.206,0.526,2.906,3.917,0.029,0.001
Latvia,2002,LVA,2311358.0,30014856985.0,83.332,2.817,16.668,16.668,17873.787,1.376,7.52,3.254,0.436,2.979,3.935,0.029,0.001
Latvia,2003,LVA,2288983.0,32298352002.0,84.217,2.555,15.783,15.783,17838.24,1.264,7.726,3.375,0.388,3.092,4.058,0.028,0.001
Latvia,2004,LVA,2264179.0,34720425840.0,80.879,1.722,19.121,19.121,20282.883,1.323,7.731,3.415,0.322,3.072,4.162,0.027,0.001
Latvia,2005,LVA,2239787.0,38143684659.0,80.27,2.011,19.73,19.73,21149.693,1.242,7.811,3.487,0.362,3.152,4.13,0.026,0.001
Latvia,2006,LVA,2219039.0,42361248688.0,83.116,2.268,16.884,16.884,20249.385,1.061,8.31,3.745,0.381,3.262,4.471,0.027,0.001
Latvia,2007,LVA,2200774.0,46228816935.0,83.503,2.72,16.497,16.497,21040.67,1.002,8.637,3.925,0.454,3.147,4.831,0.027,0.001
Latvia,2008,LVA,2177710.0,44217430207.0,81.506,2.698,18.494,18.494,21398.684,1.054,8.198,3.765,0.44,3.085,4.471,0.026,0.001
Latvia,2009,LVA,2142044.0,37590730012.0,78.384,2.286,21.616,21.616,20577.336,1.173,7.456,3.481,0.362,2.827,4.071,0.024,0.001
Latvia,2010,LVA,2097834.0,35881177042.0,80.113,2.569,19.887,19.887,23815.148,1.392,8.555,4.078,0.455,3.393,4.251,0.026,0.001
Latvia,2011,LVA,2059940.0,37869724459.0,81.14,2.915,18.86,18.86,21669.318,1.179,7.808,3.791,0.442,2.975,3.813,0.023,0.001
Latvia,2012,LVA,2034639.0,40536567235.0,75.977,2.337,24.023,24.023,22749.254,1.142,7.52,3.696,0.4,2.792,3.73,0.022,0.001
Latvia,2013,LVA,2013004.0,41350512828.0,78.269,1.919,21.731,21.731,22147.385,1.078,7.369,3.661,0.301,2.729,3.771,0.021,0.001
Latvia,2014,LVA,1994153.0,42137028688.0,81.042,1.715,18.958,18.958,20567.852,0.973,7.172,3.597,0.242,2.448,3.89,0.02,0.001
Latvia,2015,LVA,1977874.0,43774190659.0,81.337,1.305,18.663,18.663,21292.598,0.962,7.262,3.672,0.19,2.506,4.067,0.021,0.001
Latvia,2016,LVA,1959863.0,44810998817.0,78.866,1.07,21.134,21.134,22950.191,1.004,7.211,3.679,0.166,2.607,4.059,0.02,0.001
Latvia,2017,LVA,1942599.0,46295495418.0,70.393,0.99,29.607,29.607,25378.883,1.065,7.215,3.714,0.167,2.299,4.277,0.02,0.001
Latvia,2018,LVA,1927586.0,48143398790.0,77.613,1.295,22.387,22.387,22825.789,0.914,7.843,4.069,0.197,2.704,4.346,0.021,0.001
Latvia,2019,LVA,1914267.0,49380620266.0,80.106,1.063,19.894,19.894,23645.102,0.917,7.633,3.988,0.166,2.548,4.303,0.021,0.001
Latvia,2020,LVA,1901119.0,48292861660.0,75.106,0.703,24.894,24.894,21682.367,0.854,6.999,3.682,0.1,2.103,4.174,0.02,0.001
Latvia,2021,LVA,1885593.0,50255494980.0,75.835,0.526,24.165,24.165,22845.332,0.857,7.218,3.828,0.078,2.232,4.287,0.02,0.001
Latvia,2022,LVA,1881059.0,51248480035.0,73.354,0.433,26.646,26.646,20474.271,0.752,6.608,3.513,0.058,1.593,4.331,0.018,0.001
Lithuania,1990,LTU,3695016.0,51021989460.0,75.143,4.755,0.59,24.857,53062.188,3.843,35.738,9.672,3.187,10.587,19.787,0.157,0.001
Lithuania,1991,LTU,3701408.0,47786759590.0,76.562,5.04,0.457,23.438,55805.352,4.323,37.82,10.218,3.555,10.922,21.282,0.163,0.001
Lithuania,1992,LTU,3697552.0,37159351315.0,68.162,3.721,0.662,31.838,35524.789,3.535,21.168,5.725,1.662,6.292,12.083,0.094,0.001
Lithuania,1993,LTU,3680201.0,30736278642.0,65.748,4.194,1.064,34.252,28100.664,3.365,16.32,4.434,1.465,3.415,10.889,0.072,0.001
Lithuania,1994,LTU,3654893.0,27661451474.0,74.411,4.034,1.418,25.589,24378.572,3.221,15.767,4.314,1.22,3.98,10.039,0.069,0.001
Lithuania,1995,LTU,3627038.0,29216540607.0,65.643,2.895,1.051,34.357,27396.791,3.401,15.057,4.151,0.979,4.566,9.026,0.064,0.001
Lithuania,1996,LTU,3599721.0,30721763295.0,63.101,2.442,0.843,36.899,30085.943,3.525,15.74,4.373,0.895,4.928,9.413,0.065,0.001
Lithuania,1997,LTU,3573418.0,33267370320.0,65.665,2.127,0.822,34.335,28106.1,3.019,15.163,4.243,0.738,4.549,9.313,0.062,0.001
Lithuania,1998,LTU,3547768.0,35744382405.0,63.715,1.729,1.083,36.285,30396.541,3.017,15.997,4.509,0.647,4.002,10.706,0.066,0.001
Lithuania,1999,LTU,3522905.0,35335381903.0,67.382,1.803,1.314,32.618,25028.938,2.495,13.45,3.818,0.548,4.033,8.355,0.054,0.001
Lithuania,2000,LTU,3500410.0,36684799266.0,68.783,1.377,1.209,31.217,22425.547,2.14,11.843,3.383,0.378,4.532,6.458,0.046,0.001
Lithuania,2001,LTU,3473008.0,39077069410.0,63.979,1.087,1.01,36.021,26014.41,2.312,12.594,3.626,0.342,4.644,7.119,0.049,0.001
Lithuania,2002,LTU,3444051.0,41716677051.0,59.066,1.619,1.01,40.934,28448.023,2.349,12.666,3.678,0.548,4.741,6.9,0.048,0.001
Lithuania,2003,LTU,3415276.0,46106059871.0,57.443,2.004,0.896,42.557,29933.268,2.217,12.659,3.707,0.714,5.129,6.348,0.046,0.001
Lithuania,2004,LTU,3376703.0,49123583277.0,58.913,1.915,1.144,41.087,30611.701,2.104,13.254,3.925,0.688,5.18,6.834,0.046,0.001
Lithuania,2005,LTU,3322264.0,52913078254.0,68.961,2.295,1.363,31.039,28395.758,1.783,13.863,4.173,0.763,5.336,7.197,0.047,0.001
Lithuania,2006,LTU,3269809.0,56827410871.0,72.48,3.275,1.571,27.52,27434.281,1.579,14.195,4.341,1.03,5.318,7.134,0.046,0.001
Lithuania,2007,LTU,3231378.0,63122228308.0,71.222,2.947,2.221,28.778,30665.432,1.57,15.474,4.789,1.025,6.248,7.513,0.049,0.001
Lithuania,2008,LTU,3198482.0,64776249050.0,70.728,2.534,2.403,29.272,30585.244,1.51,14.919,4.664,0.867,5.59,7.789,0.047,0.001
Lithuania,2009,LTU,3163255.0,55174536683.0,65.374,2.191,2.737,34.626,28460.291,1.632,12.829,4.056,0.689,4.74,6.859,0.041,0.001
Lithuania,2010,LTU,3097721.0,56073777524.0,95.506,3.644,4.494,4.494,21369.939,1.181,13.802,4.455,0.843,5.553,6.813,0.041,0.001
Lithuania,2011,LTU,3028642.0,59460372771.0,94.911,4.068,5.089,5.089,22682.41,1.155,13.96,4.609,0.973,5.86,6.488,0.04,0.001
Lithuania,2012,LTU,2988334.0,61745948022.0,94.346,3.97,5.654,5.654,22966.498,1.112,14.054,4.703,0.95,5.673,6.727,0.04,0.001
Lithuania,2013,LTU,2958359.0,63937849304.0,92.444,4.949,7.556,7.556,21436.043,0.992,13.148,4.444,1.092,4.74,6.518,0.037,0.001
Lithuania,2014,LTU,2933171.0,66199372603.0,92.115,4.338,7.885,7.885,20866.352,0.925,12.846,4.379,0.923,4.414,6.767,0.036,0.001
Lithuania,2015,LTU,2905771.0,67539660018.0,91.692,3.321,8.308,8.308,22063.779,0.949,13.045,4.489,0.736,4.42,7.081,0.037,0.001
Lithuania,2016,LTU,2869109.0,69240911932.0,90.532,3.285,9.468,9.468,22908.295,0.949,13.102,4.566,0.749,3.955,7.621,0.037,0.001
Lithuania,2017,LTU,2829317.0,72206131673.0,89.108,3.349,10.892,10.892,24440.611,0.958,13.277,4.693,0.801,4.029,7.718,0.037,0.001
Lithuania,2018,LTU,2802485.0,75089601435.0,90.467,3.479,9.533,9.533,25323.756,0.945,13.414,4.787,0.859,3.73,8.02,0.037,0.001
Lithuania,2019,LTU,2795057.0,78562641002.0,89.564,3.286,10.436,10.436,25257.848,0.899,13.647,4.883,0.801,3.877,8.119,0.037,0.001
Lithuania,2020,LTU,2795766.0,78545278418.0,88.644,2.576,11.356,11.356,25143.193,0.895,13.5,4.829,0.622,4.134,7.942,0.038,0.001
Lithuania,2021,LTU,2794490.0,83242845981.0,87.989,3.092,12.011,12.011,25102.789,0.843,13.778,4.93,0.739,3.961,8.145,0.037,0.001
Lithuania,2022,LTU,2816923.0,84814257826.0,85.618,3.307,14.382,14.382,23098.156,0.767,12.895,4.578,0.734,2.794,8.375,0.034,0.001
Luxembourg,1990,LUX,381707.0,14057150121.0,99.371,34.46,0.629,0.629,97329.25,2.643,11.809,30.938,6.302,1.036,3.872,0.052,0.0
Luxembourg,1991,LUX,386819.0,15215996110.0,99.306,30.499,0.694,0.694,103223.312,2.624,12.42,32.109,6.015,1.074,4.761,0.054,0.0
Luxembourg,1992,LUX,391972.0,15437632140.0,99.422,28.647,0.578,0.578,102157.375,2.594,12.189,31.098,5.54,1.122,4.944,0.054,0.0
Luxembourg,1993,LUX,397210.0,16036038097.0,99.428,29.216,0.572,0.572,102134.523,2.53,12.338,31.062,5.736,1.161,4.945,0.054,0.0
Luxembourg,1994,LUX,402597.0,16598368279.0,99.267,26.201,0.733,0.733,96896.617,2.35,11.524,28.624,4.844,1.174,4.952,0.05,0.0
Luxembourg,1995,LUX,408237.0,16769949507.0,99.1,16.942,0.9,0.9,83124.758,2.024,9.134,22.375,2.705,1.343,4.586,0.039,0.0
Luxembourg,1996,LUX,413779.0,16910298497.0,99.384,15.521,0.616,0.616,84342.805,2.064,9.186,22.2,2.46,1.461,4.77,0.038,0.0
Luxembourg,1997,LUX,418970.0,17813499245.0,99.145,10.062,0.855,0.855,81529.898,1.918,8.548,20.402,1.541,1.491,5.007,0.035,0.0
Luxembourg,1998,LUX,424158.0,18821504348.0,98.776,3.468,1.224,1.224,77772.297,1.753,7.657,18.052,0.42,1.495,5.239,0.032,0.0
Luxembourg,1999,LUX,429909.0,20355341580.0,99.01,3.318,0.99,0.99,81086.125,1.713,8.119,18.886,0.444,1.546,5.597,0.033,0.0
Luxembourg,2000,LUX,436142.0,21937467256.0,98.704,3.432,1.296,1.296,85302.953,1.696,8.702,19.953,0.471,1.609,6.063,0.034,0.0
Luxembourg,2001,LUX,441754.0,22387796714.0,98.814,3.456,1.186,1.186,90246.359,1.781,9.205,20.838,0.471,1.781,6.458,0.036,0.0
Luxembourg,2002,LUX,446392.0,23160273686.0,99.025,1.968,0.975,0.975,97632.016,1.882,9.978,22.354,0.371,2.54,6.556,0.038,0.0
Luxembourg,2003,LUX,451845.0,23454191347.0,99.128,1.441,0.872,0.872,101149.508,1.949,10.451,23.129,0.346,2.576,7.073,0.038,0.0
Luxembourg,2004,LUX,458305.0,24195538088.0,98.943,1.787,1.057,1.057,112981.047,2.14,11.816,25.782,0.385,2.859,8.074,0.041,0.0
Luxembourg,2005,LUX,465369.0,24872864640.0,98.892,1.718,1.108,1.108,112927.523,2.113,12.076,25.949,0.377,2.829,8.381,0.041,0.0
Luxembourg,2006,LUX,472869.0,26045643731.0,98.679,2.087,1.321,1.321,109177.461,1.982,11.906,25.177,0.47,2.958,7.995,0.039,0.0
Luxembourg,2007,LUX,480277.0,28135947926.0,97.516,1.82,2.484,2.484,104368.211,1.782,11.302,23.533,0.408,2.731,7.684,0.036,0.0
Luxembourg,2008,LUX,488995.0,27660465282.0,97.415,1.752,2.585,2.585,101761.266,1.799,11.167,22.836,0.356,2.594,7.766,0.035,0.0
Luxembourg,2009,LUX,498196.0,26344603078.0,97.446,1.636,2.554,2.554,95530.586,1.807,10.62,21.316,0.339,2.659,7.197,0.034,0.0
Luxembourg,2010,LUX,507418.0,27526699944.0,97.572,1.556,2.428,2.428,98766.18,1.821,11.191,22.054,0.326,2.842,7.582,0.034,0.0
Luxembourg,2011,LUX,518583.0,28143126706.0,97.509,1.392,2.491,2.491,94143.305,1.735,11.09,21.384,0.315,2.464,7.852,0.032,0.0
Luxembourg,2012,LUX,530951.0,28607408843.0,97.098,1.304,2.902,2.902,90315.195,1.676,10.858,20.45,0.286,2.5,7.624,0.031,0.0
Luxembourg,2013,LUX,543358.0,29514812514.0,96.449,1.221,3.551,3.551,84092.562,1.548,10.323,18.999,0.276,2.115,7.507,0.029,0.0
Luxembourg,2014,LUX,556285.0,30289014849.0,95.758,1.404,4.242,4.242,79589.086,1.462,9.807,17.629,0.277,2.006,7.091,0.028,0.0
Luxembourg,2015,LUX,569540.0,30976491415.0,95.097,1.33,4.903,4.903,75560.039,1.389,9.334,16.389,0.288,1.83,6.812,0.026,0.0
Luxembourg,2016,LUX,583511.0,32518554202.0,94.703,1.397,5.297,5.297,72765.094,1.306,9.077,15.556,0.294,1.682,6.675,0.026,0.0
Luxembourg,2017,LUX,596506.0,32946911821.0,93.474,1.238,6.526,6.526,74357.836,1.346,9.251,15.509,0.283,1.657,6.866,0.026,0.0
Luxembourg,2018,LUX,608109.0,33348602359.0,93.036,1.048,6.964,6.964,76353.008,1.392,9.556,15.715,0.267,1.609,7.236,0.026,0.0
Luxembourg,2019,LUX,620167.0,34122291521.0,92.282,1.128,7.718,7.718,76250.828,1.386,9.75,15.722,0.274,1.608,7.397,0.026,0.0
Luxembourg,2020,LUX,630597.0,33850190319.0,89.395,1.106,10.605,10.605,64289.547,1.198,8.069,12.796,0.236,1.469,5.902,0.023,0.0
Luxembourg,2021,LUX,640276.0,35577396523.0,90.072,1.062,9.928,9.928,67493.578,1.215,8.41,13.134,0.242,1.589,6.186,0.023,0.0
Luxembourg,2022,LUX,653315.0,36128358732.0,88.965,1.22,11.035,11.035,59423.344,1.075,7.274,11.135,0.239,1.249,5.406,0.019,0.0
Malaysia,1990,MYS,17833179.0,143192117242.0,95.355,6.399,4.645,4.645,13544.84,1.687,54.269,3.043,5.412,6.837,35.713,0.239,0.004
Malaysia,1991,MYS,18342474.0,157808067102.0,95.904,6.017,4.096,4.096,16492.316,1.917,65.785,3.586,6.071,13.293,39.776,0.283,0.004
Malaysia,1992,MYS,18834569.0,173041788524.0,96.503,5.598,3.497,3.497,18118.637,1.972,72.961,3.874,6.324,16.004,44.181,0.324,0.004
Malaysia,1993,MYS,19322667.0,191754981739.0,96.063,4.653,3.937,3.937,17766.031,1.79,86.612,4.482,5.386,22.027,50.184,0.381,0.004
Malaysia,1994,MYS,19820446.0,211154262265.0,95.044,4.871,4.956,4.956,18391.775,1.726,87.497,4.415,6.232,22.391,52.249,0.381,0.005
Malaysia,1995,MYS,20330602.0,233787220224.0,95.657,4.877,4.343,4.343,19617.18,1.706,109.595,5.391,6.331,42.008,54.641,0.466,0.005
Malaysia,1996,MYS,20850085.0,259190306939.0,96.759,4.387,3.241,3.241,21352.889,1.718,110.108,5.281,7.738,36.252,58.518,0.454,0.005
Malaysia,1997,MYS,21375225.0,280383835444.0,97.752,3.655,2.248,2.248,24160.979,1.842,118.471,5.542,6.375,35.441,68.086,0.486,0.005
Malaysia,1998,MYS,21906713.0,261784096585.0,97.502,4.059,2.498,2.498,22662.439,1.896,109.782,5.011,6.284,35.94,59.701,0.452,0.005
Malaysia,1999,MYS,22435532.0,279671618438.0,96.035,4.261,3.965,3.965,23643.684,1.897,103.987,4.635,5.207,37.959,52.824,0.419,0.005
Malaysia,2000,MYS,22967817.0,305803211129.0,96.528,4.729,3.472,3.472,26659.512,2.002,122.881,5.35,7.874,49.673,56.154,0.482,0.005
Malaysia,2001,MYS,23526535.0,309934494308.0,97.036,5.518,2.964,2.964,26646.164,2.023,130.89,5.564,9.93,48.582,63.481,0.509,0.005
Malaysia,2002,MYS,24102477.0,329700338274.0,97.558,6.42,2.442,2.442,27394.982,2.003,132.035,5.478,12.546,49.024,60.705,0.503,0.005
Malaysia,2003,MYS,24679604.0,350966698067.0,97.876,8.648,2.124,2.124,28984.545,2.038,153.384,6.215,18.214,61.881,62.222,0.555,0.006
Malaysia,2004,MYS,25256773.0,377079435469.0,97.81,9.985,2.19,2.19,30602.789,2.05,169.674,6.718,31.72,59.219,67.61,0.593,0.006
Malaysia,2005,MYS,25836075.0,399781035415.0,97.845,9.585,2.155,2.155,32374.299,2.092,169.978,6.579,26.113,64.08,68.806,0.574,0.006
Malaysia,2006,MYS,26417909.0,426608936099.0,97.758,10.049,2.242,2.242,31993.541,1.981,170.166,6.441,26.626,69.546,62.325,0.556,0.006
Malaysia,2007,MYS,26998383.0,458125848157.0,97.937,11.42,2.063,2.063,33389.027,1.968,175.454,6.499,29.938,65.438,68.827,0.557,0.006
Malaysia,2008,MYS,27570052.0,485245105845.0,97.473,12.182,2.527,2.527,33899.559,1.926,192.847,6.995,38.037,72.633,70.211,0.602,0.006
Malaysia,2009,MYS,28124779.0,483081319364.0,97.512,13.658,2.488,2.488,32186.479,1.874,192.123,6.831,46.595,65.443,68.612,0.61,0.006
Malaysia,2010,MYS,28655772.0,525056610488.0,97.798,18.388,2.202,2.202,32635.191,1.781,199.346,6.957,55.34,60.807,73.374,0.598,0.006
Malaysia,2011,MYS,29162034.0,557469657636.0,97.297,18.077,2.703,2.703,32616.752,1.706,203.453,6.977,55.546,64.783,71.752,0.59,0.007
Malaysia,2012,MYS,29662835.0,587985572583.0,97.123,17.765,2.877,2.877,35083.586,1.77,212.994,7.18,59.87,66.289,74.28,0.609,0.007
Malaysia,2013,MYS,30174269.0,615585637854.0,96.672,16.11,3.328,3.328,36091.805,1.769,241.671,8.009,57.989,82.274,87.213,0.685,0.007
Malaysia,2014,MYS,30696133.0,652563833807.0,96.321,16.295,3.679,3.679,35757.457,1.682,245.053,7.983,57.87,82.562,88.718,0.691,0.007
Malaysia,2015,MYS,31232796.0,685237676618.0,96.151,18.188,3.849,3.849,35686.035,1.627,235.942,7.554,66.754,77.211,76.189,0.666,0.007
Malaysia,2016,MYS,31789692.0,715730748101.0,95.039,18.637,4.961,4.961,36876.836,1.638,237.294,7.464,71.524,73.524,77.291,0.67,0.008
Malaysia,2017,MYS,32355642.0,757336192678.0,93.688,20.388,6.312,6.312,36732.113,1.569,244.457,7.555,78.957,70.427,80.88,0.68,0.008
Malaysia,2018,MYS,32910963.0,794013962862.0,93.668,21.475,6.332,6.332,36769.809,1.524,262.647,7.981,84.59,84.26,80.676,0.715,0.008
Malaysia,2019,MYS,33440590.0,829053844392.0,93.569,19.788,6.431,6.431,37119.496,1.497,277.673,8.303,80.139,89.764,94.751,0.749,0.008
Malaysia,2020,MYS,33889554.0,783174020832.0,92.825,24.165,7.175,7.175,35317.523,1.528,262.159,7.736,94.073,83.744,68.495,0.746,0.008
Malaysia,2021,MYS,34282404.0,807389756202.0,92.354,21.374,7.646,7.646,36500.762,1.55,273.332,7.973,87.493,97.598,73.027,0.741,0.008
Malaysia,2022,MYS,34695494.0,877584198429.0,92.167,20.364,7.833,7.833,39068.727,1.545,281.884,8.125,89.215,107.201,71.195,0.751,0.009
Mexico,1990,MEX,82820170.0,823577476195.0,92.995,2.982,6.385,7.005,15926.936,1.602,316.746,3.825,15.895,52.923,235.642,1.393,0.007
Mexico,1991,MEX,84430565.0,865148747123.0,93.146,2.801,5.984,6.854,16080.432,1.569,329.831,3.907,15.51,55.268,246.535,1.421,0.008
Mexico,1992,MEX,86044806.0,902108311201.0,92.375,2.78,6.836,7.625,16085.911,1.534,332.453,3.864,14.81,55.612,248.717,1.476,0.008
Mexico,1993,MEX,87653817.0,925343285645.0,92.18,3.133,6.828,7.82,15805.196,1.497,337.722,3.853,18.203,55.066,249.797,1.485,0.008
Mexico,1994,MEX,89259202.0,972991932169.0,94.013,3.578,5.181,5.987,16408.885,1.505,351.534,3.938,20.247,56.902,258.052,1.53,0.008
Mexico,1995,MEX,90862449.0,916478942218.0,91.627,4.059,6.739,8.373,15840.837,1.571,330.905,3.642,22.266,56.92,237.244,1.407,0.008
Mexico,1996,MEX,92452700.0,971219776949.0,91.287,4.537,7.227,8.713,15974.521,1.521,341.544,3.694,25.194,62.746,236.845,1.409,0.009
Mexico,1997,MEX,94021204.0,1045710706219.0,92.0,4.431,6.075,8.0,16088.914,1.447,362.466,3.855,25.575,65.772,252.204,1.487,0.009
Mexico,1998,MEX,95575242.0,1105636637948.0,92.787,4.351,5.574,7.213,16470.494,1.424,381.102,3.987,26.267,71.088,264.274,1.569,0.009
Mexico,1999,MEX,97115710.0,1156619631372.0,91.356,4.367,6.9,8.644,16447.414,1.381,386.036,3.975,26.0,69.803,271.403,1.554,0.009
Mexico,2000,MEX,98625553.0,1241194674661.0,91.985,4.504,6.665,8.015,17198.152,1.367,391.435,3.969,26.696,81.202,263.874,1.534,0.009
Mexico,2001,MEX,100099101.0,1251502726420.0,92.653,4.991,5.91,7.347,16786.094,1.343,407.485,4.071,30.638,82.887,275.577,1.586,0.01
Mexico,2002,MEX,101548627.0,1275458026881.0,93.321,8.156,5.125,6.679,16948.551,1.349,410.301,4.04,34.701,92.171,265.359,1.562,0.01
Mexico,2003,MEX,102978517.0,1306677417369.0,93.945,5.938,4.41,6.055,16915.814,1.333,435.969,4.234,42.458,101.903,273.195,1.577,0.01
Mexico,2004,MEX,104394131.0,1373060298988.0,93.658,5.741,4.989,6.342,17662.844,1.343,438.588,4.201,37.882,105.647,276.736,1.533,0.01
Mexico,2005,MEX,105811504.0,1427140428046.0,93.556,6.614,5.005,6.444,19092.096,1.416,463.436,4.38,46.811,105.516,291.123,1.566,0.011
Mexico,2006,MEX,107253666.0,1510732401129.0,93.402,6.998,5.178,6.598,19108.301,1.357,474.523,4.424,50.289,117.938,284.691,1.551,0.011
Mexico,2007,MEX,108774356.0,1572479287017.0,93.813,6.368,4.846,6.187,19017.145,1.315,473.595,4.354,45.84,117.274,286.649,1.504,0.011
Mexico,2008,MEX,110374286.0,1607479004533.0,92.754,5.469,6.043,7.246,19512.02,1.34,472.981,4.285,40.784,118.567,288.397,1.476,0.011
Mexico,2009,MEX,111999720.0,1543820957956.0,94.138,5.662,4.559,5.862,18904.01,1.371,460.29,4.11,40.813,123.432,272.739,1.461,0.011
Mexico,2010,MEX,113623898.0,1638271507559.0,93.326,6.982,5.953,6.674,18706.043,1.297,456.409,4.017,51.054,124.122,259.679,1.37,0.012
Mexico,2011,MEX,115243503.0,1716088331953.0,93.219,7.725,5.602,6.781,19279.93,1.295,483.302,4.194,56.041,130.707,272.512,1.402,0.012
Mexico,2012,MEX,116818208.0,1774999946047.0,93.797,6.669,5.194,6.203,19191.277,1.263,501.492,4.293,49.226,135.727,290.158,1.435,0.012
Mexico,2013,MEX,118343572.0,1803059285337.0,93.819,6.618,4.834,6.181,18952.084,1.244,495.412,4.186,49.977,142.276,277.692,1.404,0.012
Mexico,2014,MEX,119784265.0,1854551091374.0,92.467,6.647,6.426,7.533,18621.592,1.203,484.045,4.041,48.944,138.503,269.275,1.365,0.013
Mexico,2015,MEX,121072310.0,1916008739051.0,92.807,6.706,5.862,7.193,18215.734,1.151,479.434,3.96,44.114,147.977,258.874,1.354,0.013
Mexico,2016,MEX,122251344.0,1961906742138.0,93.1,6.365,5.731,6.9,18618.848,1.16,478.828,3.917,47.621,151.455,251.592,1.353,0.013
Mexico,2017,MEX,123400052.0,2007719438156.0,93.06,7.6,5.77,6.94,18879.297,1.16,464.407,3.763,48.533,143.25,245.838,1.291,0.013
Mexico,2018,MEX,124573713.0,2051539127317.0,92.178,6.913,6.343,7.822,18337.242,1.113,468.421,3.76,47.317,165.521,228.846,1.275,0.013
Mexico,2019,MEX,125762978.0,2047701179708.0,92.13,6.672,6.641,7.87,17971.641,1.104,468.236,3.723,45.272,157.099,238.024,1.263,0.014
Mexico,2020,MEX,126799053.0,1880176557054.0,89.994,3.223,8.668,10.006,16329.474,1.101,428.937,3.383,33.705,160.949,204.103,1.22,0.014
Mexico,2021,MEX,127648151.0,1973141022977.0,89.121,2.518,9.538,10.879,17223.479,1.114,446.838,3.501,29.22,165.84,219.979,1.212,0.014
Mexico,2022,MEX,128613116.0,2033437602787.0,89.592,2.965,9.243,10.408,17858.697,1.13,453.799,3.528,34.75,159.765,229.839,1.209,0.014
Morocco,1990,MAR,24375558.0,102154759492.0,95.894,15.443,4.106,4.106,3395.03,0.81,22.298,0.915,4.221,0.11,16.125,0.098,0.001
Morocco,1991,MAR,24799016.0,109740063063.0,95.926,16.613,4.074,4.074,3379.32,0.764,23.688,0.955,4.874,0.073,16.227,0.102,0.001
Morocco,1992,MAR,25212469.0,107664067531.0,97.139,13.754,2.861,2.861,3719.561,0.871,24.737,0.981,4.184,0.048,17.76,0.11,0.001
Morocco,1993,MAR,25614586.0,107072637645.0,98.7,14.85,1.3,1.3,3699.685,0.885,26.782,1.046,4.763,0.048,19.24,0.118,0.001
Morocco,1994,MAR,26000824.0,118651280111.0,97.763,15.03,2.237,2.237,4017.35,0.88,28.124,1.082,5.309,0.044,20.057,0.122,0.001
Morocco,1995,MAR,26399431.0,112285412713.0,98.342,18.557,1.658,1.658,3880.835,0.912,28.75,1.089,6.314,0.026,19.693,0.122,0.001
Morocco,1996,MAR,26808109.0,126007526018.0,94.908,22.767,5.092,5.092,3995.566,0.85,29.525,1.101,8.051,0.033,18.663,0.122,0.001
Morocco,1997,MAR,27213340.0,123891488018.0,94.786,20.864,5.214,5.214,4091.882,0.899,29.978,1.102,7.682,0.066,19.197,0.123,0.001
Morocco,1998,MAR,27621638.0,132709015459.0,95.666,24.252,4.334,4.334,4134.863,0.861,30.881,1.118,8.57,0.066,19.159,0.127,0.001
Morocco,1999,MAR,28027188.0,134068868267.0,98.064,22.318,1.936,1.936,4227.753,0.884,31.989,1.141,8.299,0.077,20.5,0.129,0.001
Morocco,2000,MAR,28423439.0,136639290851.0,98.149,26.616,1.851,1.851,4132.624,0.86,33.199,1.168,10.028,0.088,19.756,0.13,0.001
Morocco,2001,MAR,28814646.0,146692867628.0,97.672,31.324,2.328,2.328,4404.2,0.865,36.809,1.277,12.774,0.084,19.872,0.143,0.001
Morocco,2002,MAR,29198146.0,151385794465.0,97.815,30.385,2.185,2.185,4455.488,0.859,37.31,1.278,13.106,0.084,19.987,0.142,0.001
Morocco,2003,MAR,29571415.0,160559931983.0,96.557,29.241,3.443,3.443,4411.36,0.812,36.57,1.237,12.234,0.081,20.071,0.132,0.001
Morocco,2004,MAR,29953021.0,168466885680.0,96.727,28.397,3.273,3.273,4959.868,0.882,42.226,1.41,13.689,0.099,24.043,0.148,0.001
Morocco,2005,MAR,30358145.0,174390745088.0,98.046,27.399,1.954,1.954,5314.354,0.925,44.661,1.471,14.084,0.868,25.344,0.151,0.001
Morocco,2006,MAR,30771179.0,188101125607.0,98.105,27.296,1.895,1.895,5351.266,0.875,46.249,1.503,14.699,1.095,25.983,0.151,0.001
Morocco,2007,MAR,31186468.0,195286744421.0,98.073,23.061,1.927,1.927,5233.948,0.836,48.913,1.568,15.078,1.242,27.588,0.155,0.001
Morocco,2008,MAR,31606769.0,207385199268.0,98.22,23.686,1.78,1.78,5699.121,0.869,51.372,1.625,14.122,1.114,30.681,0.16,0.001
Morocco,2009,MAR,32030779.0,216763299753.0,95.569,17.953,4.431,4.431,5488.149,0.811,50.86,1.588,13.168,1.209,30.884,0.161,0.001
Morocco,2010,MAR,32467009.0,225643836837.0,94.468,16.688,5.532,5.532,6004.753,0.864,54.365,1.674,13.223,1.304,34.478,0.163,0.001
Morocco,2011,MAR,32912585.0,238103276789.0,96.579,16.949,3.421,3.421,6220.948,0.86,54.868,1.667,11.465,1.638,36.574,0.159,0.001
Morocco,2012,MAR,33355246.0,245270189355.0,97.077,16.906,2.923,2.923,6248.547,0.85,56.954,1.707,11.462,2.396,37.258,0.163,0.001
Morocco,2013,MAR,33787573.0,256393198875.0,95.204,16.362,4.796,4.796,6333.073,0.835,56.606,1.675,11.212,2.349,36.973,0.16,0.001
Morocco,2014,MAR,34204784.0,263251716082.0,95.813,21.693,4.187,4.187,6344.875,0.824,57.175,1.672,15.3,2.246,34.458,0.161,0.001
Morocco,2015,MAR,34607590.0,274689990243.0,94.928,23.483,5.072,5.072,6381.802,0.804,58.499,1.69,16.847,2.323,34.079,0.165,0.001
Morocco,2016,MAR,35023459.0,276121131010.0,94.742,22.383,5.258,5.258,6376.418,0.809,58.457,1.669,16.235,2.363,34.654,0.165,0.001
Morocco,2017,MAR,35446395.0,290087315215.0,95.028,22.219,4.972,4.972,6595.896,0.806,61.104,1.724,16.875,2.345,36.828,0.17,0.001
Morocco,2018,MAR,35839760.0,298981397583.0,93.301,24.873,6.699,6.699,6747.087,0.809,62.315,1.739,19.519,2.114,35.792,0.17,0.001
Morocco,2019,MAR,36210907.0,307624970074.0,92.89,29.505,7.11,7.11,7286.229,0.858,68.743,1.898,25.263,2.004,36.479,0.185,0.001
Morocco,2020,MAR,36584208.0,285515953096.0,92.858,33.082,7.142,7.142,6625.93,0.849,64.542,1.764,25.355,1.557,33.152,0.184,0.001
Morocco,2021,MAR,36954443.0,308157391278.0,92.874,32.115,7.126,7.126,7275.982,0.873,70.275,1.902,26.592,1.557,36.986,0.191,0.001
Morocco,2022,MAR,37329068.0,311654947615.0,93.384,32.505,6.616,6.616,7146.277,0.856,69.779,1.869,26.936,0.438,37.812,0.186,0.001
Netherlands,1990,NLD,15030886.0,411390791201.0,98.659,11.167,0.273,1.341,60590.891,2.214,163.033,10.847,36.094,75.023,49.437,0.717,0.003
Netherlands,1991,NLD,15155093.0,423942311236.0,98.693,10.09,0.31,1.307,61237.723,2.189,171.469,11.314,34.259,83.913,50.816,0.739,0.003
Netherlands,1992,NLD,15276787.0,433663917114.0,98.546,9.942,0.33,1.454,61473.492,2.166,171.277,11.212,34.467,82.528,51.931,0.761,0.003
Netherlands,1993,NLD,15389718.0,441708287208.0,98.478,9.948,0.363,1.522,61532.391,2.144,171.185,11.123,33.314,83.614,51.942,0.752,0.004
Netherlands,1994,NLD,15485453.0,457377474101.0,98.41,10.708,0.414,1.59,60496.051,2.048,171.952,11.104,36.511,80.557,52.455,0.748,0.004
Netherlands,1995,NLD,15565034.0,474451023067.0,98.413,10.631,0.442,1.587,62637.953,2.055,173.482,11.146,35.865,82.168,53.171,0.738,0.004
Netherlands,1996,NLD,15640032.0,494206817608.0,98.317,9.836,0.546,1.683,65032.52,2.058,182.543,11.671,34.642,91.306,54.527,0.753,0.004
Netherlands,1997,NLD,15723621.0,518458402185.0,98.714,9.737,0.616,1.286,63525.477,1.927,175.466,11.159,33.759,85.289,54.24,0.72,0.004
Netherlands,1998,NLD,15827109.0,545041076356.0,98.245,9.863,0.703,1.755,63558.168,1.846,176.396,11.145,34.435,84.315,55.605,0.726,0.004
Netherlands,1999,NLD,15940183.0,575899135456.0,98.16,8.753,0.77,1.84,62344.133,1.726,171.053,10.731,30.481,82.463,56.175,0.689,0.004
Netherlands,2000,NLD,16058757.0,603803040978.0,98.023,8.971,0.895,1.977,62695.977,1.667,172.154,10.72,31.789,82.368,56.084,0.675,0.004
Netherlands,2001,NLD,16182705.0,620170874924.0,97.992,9.197,0.958,2.008,64609.547,1.686,177.464,10.966,34.235,84.587,56.735,0.691,0.004
Netherlands,2002,NLD,16288060.0,624424625610.0,97.824,9.247,1.15,2.176,64222.574,1.675,176.738,10.851,34.726,83.939,55.279,0.673,0.004
Netherlands,2003,NLD,16366914.0,629811489833.0,97.835,9.502,1.124,2.165,64341.766,1.672,180.169,11.008,36.055,84.789,56.653,0.652,0.004
Netherlands,2004,NLD,16425562.0,646331449347.0,97.596,9.064,1.452,2.404,66283.531,1.684,182.09,11.086,35.516,87.1,56.829,0.636,0.004
Netherlands,2005,NLD,16465707.0,664118269501.0,97.02,8.474,2.013,2.98,67549.0,1.675,178.13,10.818,34.157,84.417,56.811,0.602,0.005
Netherlands,2006,NLD,16493851.0,691453801614.0,96.908,8.242,2.24,3.092,66059.516,1.576,173.279,10.506,32.946,82.233,55.41,0.566,0.005
Netherlands,2007,NLD,16531360.0,721200009128.0,96.649,8.837,2.341,3.351,66995.336,1.536,173.028,10.467,35.541,79.979,54.747,0.549,0.005
Netherlands,2008,NLD,16597259.0,737705013303.0,96.177,8.463,2.817,3.823,65937.922,1.484,175.904,10.598,34.516,83.699,55.119,0.549,0.005
Netherlands,2009,NLD,16684148.0,713986817901.0,95.642,8.092,3.323,4.358,64689.609,1.512,170.433,10.215,31.75,84.076,52.015,0.541,0.005
Netherlands,2010,NLD,16771232.0,728193221597.0,96.077,7.507,3.039,3.923,69801.117,1.608,182.479,10.88,33.055,94.173,52.661,0.548,0.005
Netherlands,2011,NLD,16851061.0,744614396708.0,95.491,7.776,3.546,4.509,66173.398,1.498,169.346,10.05,32.093,82.199,52.533,0.491,0.005
Netherlands,2012,NLD,16915191.0,736942199791.0,95.408,8.695,3.67,4.592,64776.062,1.487,165.752,9.799,34.336,78.574,50.443,0.474,0.005
Netherlands,2013,NLD,16967066.0,735982982299.0,95.693,8.97,3.61,4.307,62644.008,1.444,164.925,9.72,34.682,79.184,48.444,0.468,0.005
Netherlands,2014,NLD,17030085.0,746458868661.0,95.323,10.378,3.651,4.677,59678.543,1.362,157.503,9.249,38.172,69.378,47.304,0.444,0.005
Netherlands,2015,NLD,17107429.0,761083250759.0,94.961,12.559,4.031,5.039,60001.301,1.349,163.958,9.584,45.539,68.561,47.298,0.463,0.005
Netherlands,2016,NLD,17204693.0,777764090323.0,94.906,11.448,4.139,5.094,60683.609,1.342,164.812,9.579,42.642,71.762,47.761,0.466,0.005
Netherlands,2017,NLD,17315376.0,800404023156.0,94.395,10.192,4.795,5.605,60761.145,1.314,162.296,9.373,38.511,73.349,47.637,0.451,0.006
Netherlands,2018,NLD,17421285.0,819300805024.0,93.641,9.389,5.505,6.359,58901.457,1.252,158.264,9.085,35.112,72.736,47.787,0.431,0.006
Netherlands,2019,NLD,17537505.0,835323029559.0,92.341,7.336,6.709,7.659,58248.688,1.223,152.727,8.709,27.576,75.065,47.835,0.412,0.006
Netherlands,2020,NLD,17636732.0,802861622095.0,89.24,4.852,9.735,10.76,56095.609,1.232,136.974,7.766,19.402,73.125,42.415,0.39,0.006
Netherlands,2021,NLD,17730565.0,841906706612.0,87.583,6.449,11.483,12.417,57247.258,1.206,139.886,7.89,24.983,69.826,42.795,0.379,0.006
Netherlands,2022,NLD,17904421.0,879609110665.0,84.505,6.79,14.417,15.495,53288.391,1.085,127.503,7.121,24.317,57.125,43.775,0.34,0.006
New Zealand,1990,NZL,3396981.0,74483238000.0,59.727,7.618,40.273,40.273,54882.578,2.503,25.49,7.504,4.657,7.131,12.229,0.112,0.002
New Zealand,1991,NZL,3480933.0,74961224062.0,60.707,7.114,39.293,39.293,54636.867,2.537,26.17,7.518,4.508,7.943,12.118,0.113,0.002
New Zealand,1992,NZL,3532246.0,75624106462.0,63.598,7.807,36.402,36.402,53932.098,2.519,28.154,7.971,4.929,8.413,13.128,0.125,0.002
New Zealand,1993,NZL,3573609.0,79461848563.0,60.906,7.478,39.094,39.094,54915.422,2.47,27.746,7.764,4.897,8.159,12.998,0.122,0.002
New Zealand,1994,NZL,3621030.0,84890067977.0,59.928,6.705,40.072,40.072,57204.023,2.44,27.885,7.701,4.636,7.604,13.936,0.121,0.002
New Zealand,1995,NZL,3674434.0,88724280201.0,59.179,6.486,40.821,40.821,58486.742,2.422,27.989,7.617,4.64,7.007,14.589,0.119,0.002
New Zealand,1996,NZL,3729383.0,92246848029.0,61.667,6.293,38.333,38.333,58451.441,2.363,29.288,7.853,4.595,8.099,14.754,0.121,0.002
New Zealand,1997,NZL,3776950.0,95195281693.0,65.415,6.775,34.585,34.585,57724.258,2.29,31.261,8.277,4.946,9.267,15.064,0.128,0.002
New Zealand,1998,NZL,3811376.0,96170421359.0,62.302,6.186,37.698,37.698,57203.105,2.267,29.837,7.828,4.53,7.989,15.336,0.123,0.002
New Zealand,1999,NZL,3835561.0,100616403871.0,65.42,6.267,34.58,34.58,57340.453,2.186,31.443,8.198,4.63,9.163,15.632,0.127,0.002
New Zealand,2000,NZL,3857576.0,104942102861.0,64.636,5.692,35.364,35.364,59508.152,2.187,32.221,8.353,4.419,9.481,16.302,0.126,0.002
New Zealand,2001,NZL,3891763.0,107226686179.0,68.233,7.095,31.767,31.767,58452.426,2.122,34.356,8.828,5.422,10.44,16.427,0.134,0.002
New Zealand,2002,NZL,3951116.0,112775904669.0,65.861,6.871,34.139,34.139,59550.859,2.086,34.519,8.737,5.432,9.856,17.165,0.131,0.002
New Zealand,2003,NZL,4022585.0,118221542739.0,66.634,10.22,33.366,33.366,56697.605,1.929,36.22,9.004,7.752,8.52,17.952,0.131,0.002
New Zealand,2004,NZL,4083912.0,123732222489.0,63.01,10.281,36.99,36.99,57464.543,1.897,35.806,8.768,8.025,7.253,18.325,0.125,0.002
New Zealand,2005,NZL,4135002.0,127087212440.0,66.213,11.709,33.787,33.787,55322.531,1.8,37.401,9.045,8.931,7.564,18.516,0.126,0.002
New Zealand,2006,NZL,4181943.0,130823651084.0,65.953,11.444,34.047,34.047,55061.594,1.76,37.304,8.92,8.808,7.547,18.648,0.122,0.002
New Zealand,2007,NZL,4223270.0,136252900902.0,65.299,8.698,34.701,34.701,54329.863,1.684,36.383,8.615,6.739,8.251,18.858,0.116,0.002
New Zealand,2008,NZL,4261819.0,135932629621.0,66.164,10.742,33.836,33.836,53992.191,1.693,37.485,8.796,8.298,7.801,18.726,0.117,0.002
New Zealand,2009,NZL,4304304.0,136500728040.0,62.638,8.279,37.362,37.362,53324.062,1.681,34.594,8.037,6.33,7.446,18.001,0.11,0.002
New Zealand,2010,NZL,4347766.0,139478805582.0,61.689,6.89,38.311,38.311,54081.445,1.686,34.787,8.001,5.472,8.369,18.081,0.104,0.002
New Zealand,2011,NZL,4382699.0,142521900112.0,60.813,6.939,39.187,39.187,53868.23,1.657,34.241,7.813,5.548,7.614,18.28,0.099,0.002
New Zealand,2012,NZL,4411682.0,146280651356.0,63.304,8.559,36.696,36.696,53913.836,1.626,35.918,8.142,6.867,8.329,18.026,0.103,0.002
New Zealand,2013,NZL,4453857.0,149512485774.0,63.231,7.487,36.769,36.769,53789.949,1.602,35.219,7.908,6.028,8.359,18.42,0.1,0.002
New Zealand,2014,NZL,4522976.0,154422989929.0,62.548,6.598,37.452,37.452,55422.555,1.623,35.399,7.827,5.458,8.579,18.724,0.1,0.002
New Zealand,2015,NZL,4614035.0,160782215776.0,61.857,6.61,38.143,38.143,54663.062,1.569,35.805,7.76,5.486,8.311,19.251,0.101,0.002
New Zealand,2016,NZL,4714768.0,167418113760.0,61.183,5.4,38.817,38.817,54230.543,1.527,34.135,7.24,4.481,7.893,19.363,0.096,0.002
New Zealand,2017,NZL,4812749.0,174187918857.0,62.915,5.59,37.085,37.085,53988.824,1.492,35.661,7.41,4.687,8.519,20.227,0.099,0.002
New Zealand,2018,NZL,4900840.0,181445758308.0,61.902,6.059,38.098,38.098,52734.938,1.424,35.687,7.282,5.267,7.897,20.41,0.097,0.002
New Zealand,2019,NZL,4989410.0,187274507980.0,63.1,6.308,36.9,36.9,52824.816,1.407,36.711,7.358,5.618,8.245,20.778,0.099,0.002
New Zealand,2020,NZL,5069895.0,184971347287.0,60.725,6.566,39.275,39.275,47200.766,1.294,34.109,6.728,5.34,7.954,18.997,0.097,0.002
New Zealand,2021,NZL,5107694.0,196312458906.0,59.684,7.766,40.316,40.316,46175.445,1.201,34.597,6.773,6.191,6.968,19.733,0.094,0.003
New Zealand,2022,NZL,5131731.0,200602760076.0,56.705,5.459,43.295,43.295,45347.203,1.16,31.966,6.229,4.302,6.427,19.258,0.085,0.003
North Macedonia,1990,MKD,2063690.0,17074264103.0,95.388,52.303,4.612,4.612,14372.104,1.737,11.098,5.378,5.829,0.0,5.253,0.049,0.0
North Macedonia,1991,MKD,2056002.0,16091738511.0,91.959,53.024,8.041,8.041,14322.663,1.83,7.789,3.788,3.419,0.0,4.36,0.034,0.0
North Macedonia,1992,MKD,2032516.0,15099004830.0,92.17,51.33,7.83,7.83,14876.61,2.003,8.394,4.13,5.24,0.0,3.155,0.037,0.0
North Macedonia,1993,MKD,2006853.0,14032388036.0,95.196,51.412,4.804,4.804,15088.036,2.158,7.599,3.787,5.255,0.0,2.344,0.033,0.0
North Macedonia,1994,MKD,1992669.0,13843334272.0,93.182,56.929,6.818,6.818,14273.225,2.055,7.903,3.966,5.47,0.0,2.433,0.034,0.0
North Macedonia,1995,MKD,1998531.0,13754792054.0,92.195,58.326,7.805,7.805,14336.097,2.083,7.925,3.966,5.643,0.0,2.283,0.034,0.0
North Macedonia,1996,MKD,2012553.0,13985282522.0,92.873,48.562,7.127,7.127,16536.369,2.38,9.416,4.679,5.844,0.0,3.572,0.039,0.0
North Macedonia,1997,MKD,2025764.0,14249362170.0,91.625,50.404,8.375,8.375,14815.951,2.106,8.446,4.169,5.467,0.0,2.979,0.035,0.0
North Macedonia,1998,MKD,2037575.0,14789521174.0,91.081,57.68,8.919,8.919,16649.197,2.294,9.647,4.735,6.873,0.04,2.734,0.04,0.0
North Macedonia,1999,MKD,2048088.0,15508166039.0,88.038,52.602,11.962,11.962,15870.394,2.096,8.783,4.288,6.021,0.077,2.685,0.035,0.0
North Macedonia,2000,MKD,2057254.0,16307994486.0,89.392,50.738,10.608,10.608,14994.607,1.892,8.468,4.116,5.527,0.125,2.816,0.033,0.0
North Macedonia,2001,MKD,2066300.0,15872667390.0,94.019,59.444,5.981,5.981,14046.638,1.829,8.292,4.013,5.828,0.165,2.298,0.032,0.0
North Macedonia,2002,MKD,2074482.0,16017432272.0,92.652,52.939,7.348,7.348,13671.603,1.771,7.837,3.778,5.104,0.172,2.561,0.03,0.0
North Macedonia,2003,MKD,2081417.0,16466000239.0,88.203,54.217,11.797,11.797,15362.422,1.942,8.533,4.1,5.854,0.15,2.529,0.031,0.0
North Macedonia,2004,MKD,2086581.0,17324217189.0,87.178,52.199,12.822,12.822,15133.405,1.823,8.229,3.944,5.496,0.136,2.598,0.029,0.0
North Macedonia,2005,MKD,2089809.0,18219129334.0,87.591,52.49,12.409,12.409,15591.887,1.788,8.596,4.113,5.771,0.143,2.682,0.029,0.0
North Macedonia,2006,MKD,2089232.0,19227779553.0,86.591,50.111,13.409,13.409,15883.402,1.726,8.651,4.141,5.632,0.154,2.865,0.028,0.0
North Macedonia,2007,MKD,2081972.0,20547244002.0,91.788,51.723,8.212,8.212,15791.787,1.6,9.013,4.329,5.722,0.194,3.097,0.029,0.0
North Macedonia,2008,MKD,2070837.0,21752220835.0,92.951,54.776,7.049,7.049,15354.295,1.462,8.936,4.315,5.936,0.224,2.777,0.028,0.0
North Macedonia,2009,MKD,2060601.0,21758909955.0,89.151,50.282,10.849,10.849,15111.765,1.431,8.248,4.002,5.278,0.147,2.822,0.026,0.0
North Macedonia,2010,MKD,2051510.0,22583127369.0,81.077,44.971,18.923,18.923,16523.738,1.501,8.182,3.988,5.223,0.22,2.739,0.025,0.0
North Macedonia,2011,MKD,2040445.0,23201482935.0,88.916,51.257,11.084,11.084,16560.482,1.456,8.823,4.324,5.818,0.253,2.752,0.026,0.0
North Macedonia,2012,MKD,2027288.0,23095684802.0,91.364,51.91,8.636,8.636,15466.217,1.358,8.457,4.171,5.522,0.26,2.675,0.024,0.0
North Macedonia,2013,MKD,2013280.0,23771197646.0,86.317,45.357,13.683,13.683,14960.775,1.267,7.452,3.702,4.557,0.297,2.599,0.021,0.0
North Macedonia,2014,MKD,1997842.0,24633991465.0,88.143,45.148,11.857,11.857,13996.478,1.135,7.167,3.587,4.32,0.253,2.594,0.02,0.0
North Macedonia,2015,MKD,1980366.0,25583815729.0,82.327,38.752,17.673,17.673,14884.378,1.152,6.72,3.393,3.752,0.231,2.737,0.019,0.0
North Macedonia,2016,MKD,1961268.0,26312536822.0,82.759,33.674,17.241,17.241,15598.139,1.163,6.606,3.368,3.433,0.363,2.81,0.019,0.0
North Macedonia,2017,MKD,1940877.0,26597107306.0,88.799,38.099,11.201,11.201,15164.854,1.107,7.09,3.653,3.812,0.465,2.813,0.02,0.0
North Macedonia,2018,MKD,1919730.0,27363281668.0,83.649,33.363,16.351,16.351,15849.292,1.112,6.654,3.466,3.408,0.476,2.77,0.018,0.0
North Macedonia,2019,MKD,1897643.0,28433274864.0,89.097,38.609,10.903,10.903,16366.357,1.092,7.625,4.018,4.051,0.557,3.017,0.021,0.0
North Macedonia,2020,MKD,1872021.0,27100243788.0,86.604,32.049,13.396,13.396,14801.113,1.022,6.98,3.729,3.459,0.641,2.88,0.02,0.0
North Macedonia,2021,MKD,1851109.0,28165634846.0,85.652,26.957,14.348,14.348,15665.124,1.03,6.518,3.521,2.55,0.813,3.155,0.018,0.0
North Macedonia,2022,MKD,1840236.0,28770256385.0,86.947,32.377,13.053,13.053,16701.213,1.068,7.352,3.995,3.323,0.55,3.479,0.02,0.0
Norway,1990,NOR,4241440.0,124859200464.0,28.442,2.003,71.558,71.558,116215.914,3.948,35.009,8.254,3.687,7.499,20.249,0.154,0.001
Norway,1991,NOR,4261618.0,132697585836.0,29.821,1.923,70.179,70.179,107144.062,3.441,33.466,7.853,3.263,7.826,19.449,0.144,0.001
Norway,1992,NOR,4286255.0,141648316012.0,28.974,1.845,71.026,71.026,111569.008,3.376,34.402,8.026,3.292,8.334,19.749,0.153,0.001
Norway,1993,NOR,4311864.0,150177267961.0,29.245,1.945,70.755,70.755,113774.93,3.267,35.948,8.337,3.7,8.719,20.13,0.158,0.001
Norway,1994,NOR,4336467.0,162645039026.0,31.703,2.259,68.297,68.297,109623.219,2.923,37.863,8.731,4.067,9.423,20.876,0.165,0.001
Norway,1995,NOR,4358991.0,174592147085.0,30.571,2.304,69.429,69.429,116855.484,2.917,38.469,8.825,4.138,9.396,21.313,0.164,0.001
Norway,1996,NOR,4381137.0,189011166346.0,35.468,2.49,64.532,64.532,106642.828,2.472,41.54,9.482,4.139,10.118,23.388,0.171,0.001
Norway,1997,NOR,4404988.0,205129717023.0,34.997,2.357,65.003,65.003,111237.547,2.389,41.644,9.454,4.212,10.553,23.045,0.171,0.001
Norway,1998,NOR,4431308.0,216978667712.0,34.101,2.46,65.899,65.899,115044.422,2.35,41.838,9.441,4.417,9.862,23.751,0.172,0.001
Norway,1999,NOR,4461789.0,228192617125.0,32.855,2.237,67.145,67.145,117802.125,2.303,42.609,9.55,4.402,9.615,24.282,0.172,0.001
Norway,2000,NOR,4490864.0,242751277829.0,29.207,2.07,70.793,70.793,129858.625,2.402,42.131,9.381,4.324,11.042,22.346,0.165,0.001
Norway,2001,NOR,4513650.0,255455331302.0,33.002,2.066,66.998,66.998,115019.922,2.032,43.519,9.642,3.939,12.131,23.33,0.169,0.001
Norway,2002,NOR,4538016.0,267081351259.0,31.676,1.715,68.324,68.324,119752.211,2.035,42.571,9.381,3.434,12.302,23.322,0.162,0.001
Norway,2003,NOR,4564666.0,277856282106.0,37.35,1.888,62.65,62.65,105140.305,1.727,43.919,9.622,3.284,13.021,24.382,0.159,0.001
Norway,2004,NOR,4591739.0,297743119876.0,36.587,2.103,63.413,63.413,105950.953,1.634,44.257,9.638,3.67,13.595,24.047,0.155,0.001
Norway,2005,NOR,4623120.0,314940774381.0,31.315,1.571,68.685,68.685,120792.133,1.773,43.279,9.361,3.319,13.426,23.64,0.146,0.001
Norway,2006,NOR,4660487.0,332457531096.0,34.338,1.469,65.662,65.662,109687.391,1.538,43.859,9.411,2.747,13.6,24.743,0.143,0.001
Norway,2007,NOR,4709017.0,352692911227.0,32.202,1.495,67.798,67.798,117374.898,1.567,45.605,9.685,3.11,13.92,24.389,0.145,0.001
Norway,2008,NOR,4768097.0,364943654963.0,30.683,1.524,69.317,69.317,117427.766,1.534,44.692,9.373,3.23,14.09,23.62,0.139,0.001
Norway,2009,NOR,4828625.0,370113292846.0,32.372,1.319,67.628,67.628,106436.703,1.389,43.098,8.926,2.322,14.793,23.144,0.137,0.001
Norway,2010,NOR,4889160.0,383760934305.0,35.371,1.855,64.629,64.629,101844.125,1.298,45.659,9.339,3.053,15.053,24.535,0.137,0.001
Norway,2011,NOR,4952969.0,399420041611.0,34.376,2.033,65.624,65.624,101764.828,1.262,44.775,9.04,3.202,14.368,24.308,0.13,0.001
Norway,2012,NOR,5018453.0,410276121127.0,30.798,1.773,69.202,69.202,111775.836,1.367,44.258,8.819,3.175,14.086,24.279,0.127,0.001
Norway,2013,NOR,5080126.0,414445317738.0,33.127,1.801,66.873,66.873,102996.664,1.262,44.539,8.767,3.242,13.909,24.539,0.126,0.001
Norway,2014,NOR,5137397.0,422933730082.0,32.086,1.904,67.914,67.914,105489.086,1.281,44.975,8.754,3.473,14.651,24.091,0.127,0.001
Norway,2015,NOR,5189777.0,430788988142.0,32.324,1.683,67.676,67.676,105836.883,1.275,45.523,8.772,3.362,15.516,23.893,0.129,0.001
Norway,2016,NOR,5235974.0,435806553454.0,30.954,1.705,69.046,69.046,106500.5,1.28,44.708,8.539,3.479,15.152,23.38,0.126,0.001
Norway,2017,NOR,5276807.0,446543702505.0,31.106,1.773,68.894,68.894,106154.727,1.254,44.197,8.376,3.581,15.498,22.723,0.123,0.001
Norway,2018,NOR,5311751.0,450245217440.0,31.868,1.756,68.132,68.132,103850.727,1.225,44.472,8.372,3.466,15.335,23.347,0.121,0.001
Norway,2019,NOR,5347733.0,455304831150.0,33.259,1.834,66.741,66.741,96479.188,1.133,42.866,8.016,3.485,15.057,22.084,0.116,0.001
Norway,2020,NOR,5379275.0,449485260525.0,29.037,1.685,70.963,70.963,103430.57,1.238,41.275,7.673,3.539,14.318,21.328,0.117,0.002
Norway,2021,NOR,5408082.0,467007972731.0,28.695,1.796,71.305,71.305,105249.945,1.219,41.058,7.592,3.639,13.397,22.07,0.111,0.002
Norway,2022,NOR,5456796.0,482328451592.0,30.352,1.829,69.648,69.648,97780.367,1.106,40.833,7.483,3.68,12.923,22.164,0.109,0.002
Oman,1990,OMN,1763957.0,18309502487.0,100.0,0.0,0.0,0.0,26429.148,2.546,11.285,6.398,0.0,4.203,5.232,0.05,0.0
Oman,1991,OMN,1851476.0,20523449762.0,100.0,0.0,0.0,0.0,32859.074,2.964,11.658,6.297,0.0,4.458,5.494,0.05,0.0
Oman,1992,OMN,1938240.0,23477627483.0,100.0,0.0,0.0,0.0,31123.568,2.569,11.956,6.168,0.0,6.256,4.043,0.053,0.0
Oman,1993,OMN,2021677.0,26328163578.0,100.0,0.0,0.0,0.0,28780.873,2.21,13.291,6.574,0.0,7.588,4.085,0.058,0.0
Oman,1994,OMN,2081839.0,28891343065.0,100.0,0.0,0.0,0.0,26192.926,1.887,17.466,8.39,0.0,8.416,5.276,0.076,0.0
Oman,1995,OMN,2120531.0,32313285852.0,100.0,0.0,0.0,0.0,30118.717,1.977,18.816,8.873,0.0,6.876,7.678,0.08,0.0
Oman,1996,OMN,2156925.0,35842067925.0,100.0,0.0,0.0,0.0,30375.232,1.828,18.197,8.437,0.0,6.383,7.273,0.075,0.0
Oman,1997,OMN,2190726.0,41346951900.0,100.0,0.001,0.0,0.0,30807.531,1.632,18.145,8.282,0.0,7.497,5.518,0.074,0.0
Oman,1998,OMN,2222492.0,46306004470.0,100.0,0.001,0.0,0.0,31152.215,1.495,18.543,8.343,0.0,8.839,5.363,0.076,0.0
Oman,1999,OMN,2252910.0,50522589652.0,100.0,0.0,0.0,0.0,34921.227,1.557,22.076,9.799,0.0,9.754,7.738,0.089,0.0
Oman,2000,OMN,2282139.0,58124187550.0,100.0,0.003,0.0,0.0,48620.898,1.909,23.984,10.51,0.0,11.029,8.163,0.094,0.0
Oman,2001,OMN,2310223.0,64949142360.0,100.0,0.001,0.0,0.0,53324.789,1.897,22.512,9.744,0.0,12.134,5.251,0.088,0.0
Oman,2002,OMN,2337144.0,68131998222.0,100.0,0.003,0.0,0.0,56120.254,1.925,26.979,11.544,0.0,15.314,6.226,0.103,0.0
Oman,2003,OMN,2363801.0,69978417960.0,100.0,0.0,0.0,0.0,57588.852,1.945,34.563,14.622,0.0,16.818,11.12,0.125,0.0
Oman,2004,OMN,2404822.0,74745449481.0,100.0,0.007,0.0,0.0,58819.918,1.892,29.247,12.162,0.001,15.37,7.504,0.102,0.0
Oman,2005,OMN,2459808.0,80936605625.0,100.0,0.002,0.0,0.0,63469.539,1.929,31.835,12.942,0.004,18.892,6.87,0.108,0.0
Oman,2006,OMN,2514794.0,90553430362.0,100.0,0.021,0.0,0.0,67833.375,1.884,40.45,16.085,0.0,20.625,14.029,0.132,0.0
Oman,2007,OMN,2570175.0,100681198254.0,100.0,0.005,0.0,0.0,66942.758,1.709,45.308,17.629,0.003,21.717,18.148,0.144,0.0
Oman,2008,OMN,2626536.0,115217924982.0,100.0,0.007,0.0,0.0,76528.727,1.745,47.436,18.06,0.009,28.689,13.275,0.148,0.0
Oman,2009,OMN,2684665.0,127016653137.0,100.0,0.008,0.0,0.0,74281.891,1.57,44.504,16.577,0.025,28.729,10.53,0.141,0.0
Oman,2010,OMN,2757450.0,135198273857.0,100.0,0.145,0.0,0.0,85979.016,1.754,51.429,18.651,0.029,34.106,12.109,0.154,0.0
Oman,2011,OMN,3076762.0,132756531310.0,100.0,0.046,0.0,0.0,84460.266,1.957,57.305,18.625,0.027,39.117,12.45,0.166,0.0
Oman,2012,OMN,3547104.0,144522749866.0,100.0,0.127,0.0,0.0,79910.391,1.961,63.105,17.791,0.014,41.637,14.983,0.181,0.0
Oman,2013,OMN,3833915.0,152076951430.0,99.999,0.164,0.001,0.001,82844.789,2.089,65.587,17.107,0.021,45.635,13.168,0.186,0.0
Oman,2014,OMN,4002444.0,154041791696.0,99.999,0.132,0.001,0.001,78943.883,2.051,66.19,16.537,0.015,44.965,14.275,0.187,0.0
Oman,2015,OMN,4184898.0,161770059399.0,99.997,0.17,0.003,0.003,80629.07,2.086,67.883,16.221,0.214,48.251,12.703,0.192,0.0
Oman,2016,OMN,4390880.0,169932976616.0,99.997,0.189,0.003,0.003,77124.477,1.993,66.24,15.086,0.186,48.255,10.941,0.187,0.0
Oman,2017,OMN,4537397.0,170449577065.0,99.989,0.251,0.011,0.011,77558.961,2.065,66.344,14.622,0.166,47.496,11.828,0.184,0.001
Oman,2018,OMN,4597878.0,172643265345.0,99.99,0.23,0.01,0.01,81778.438,2.178,70.678,15.372,0.111,51.296,12.599,0.192,0.001
Oman,2019,OMN,4591248.0,170692383655.0,99.983,0.261,0.017,0.017,81330.617,2.188,72.035,15.69,0.191,52.344,12.324,0.194,0.001
Oman,2020,OMN,4522502.0,165230251016.0,99.891,0.31,0.109,0.109,79945.422,2.188,71.845,15.886,0.329,54.171,10.069,0.204,0.001
Oman,2021,OMN,4500429.0,170025212745.0,99.504,0.246,0.496,0.496,88512.25,2.343,75.041,16.674,0.165,56.451,11.147,0.204,0.001
Oman,2022,OMN,4730229.0,177355008173.0,98.864,0.332,1.136,1.136,89754.836,2.394,77.994,16.488,0.024,58.523,12.725,0.208,0.001
Pakistan,1990,PAK,116155584.0,290069526062.0,83.921,7.957,15.694,16.079,2630.075,1.053,67.827,0.584,8.53,23.117,33.128,0.298,0.001
Pakistan,1991,PAK,120060409.0,311483364597.0,83.785,7.434,15.851,16.215,2696.148,1.039,67.477,0.562,8.024,23.983,32.311,0.291,0.001
Pakistan,1992,PAK,123546855.0,327814343506.0,83.076,7.27,16.468,16.924,2752.224,1.037,72.015,0.583,8.361,25.515,34.971,0.32,0.001
Pakistan,1993,PAK,127020117.0,338978430026.0,83.334,6.896,16.362,16.666,2962.63,1.11,77.176,0.608,8.464,26.949,38.384,0.339,0.001
Pakistan,1994,PAK,130748076.0,356454516834.0,84.064,6.613,15.512,15.936,2978.108,1.092,84.018,0.643,9.208,28.539,42.986,0.366,0.001
Pakistan,1995,PAK,134582255.0,376967615526.0,84.103,6.322,15.541,15.897,3051.513,1.089,83.614,0.621,8.332,28.11,43.693,0.356,0.001
Pakistan,1996,PAK,138557089.0,391435181933.0,83.881,6.017,15.909,16.119,3157.013,1.117,93.542,0.675,9.358,30.404,50.178,0.386,0.001
Pakistan,1997,PAK,142531801.0,402359547116.0,87.488,5.805,12.213,12.512,2966.948,1.051,93.788,0.658,8.574,32.218,49.358,0.385,0.001
Pakistan,1998,PAK,146522354.0,419024845538.0,84.859,5.423,14.898,15.141,3097.472,1.083,96.741,0.66,8.182,32.384,52.58,0.398,0.002
Pakistan,1999,PAK,150565381.0,440333180316.0,87.24,5.19,12.713,12.76,3146.288,1.076,99.389,0.66,8.592,34.476,52.448,0.4,0.002
Pakistan,2000,PAK,154879124.0,459798536606.0,88.7,4.909,10.753,11.3,3123.431,1.052,103.94,0.671,8.192,36.368,55.39,0.407,0.002
Pakistan,2001,PAK,159270910.0,477964444881.0,87.999,4.978,10.829,12.001,3108.855,1.036,105.401,0.662,8.042,37.856,55.088,0.41,0.002
Pakistan,2002,PAK,163222552.0,504824722487.0,87.431,5.379,11.551,12.569,3149.744,1.018,110.566,0.677,7.742,44.77,53.659,0.421,0.002
Pakistan,2003,PAK,167110250.0,543920300431.0,86.272,5.371,12.784,13.728,3316.559,1.019,113.142,0.677,8.841,54.912,44.217,0.409,0.002
Pakistan,2004,PAK,171285999.0,592025705114.0,86.82,5.718,12.115,13.18,3613.283,1.045,124.637,0.728,11.923,60.778,46.331,0.436,0.002
Pakistan,2005,PAK,175453212.0,641139042718.0,85.947,6.049,12.98,14.053,3655.326,1.0,129.947,0.741,11.446,63.497,48.365,0.439,0.002
Pakistan,2006,PAK,179682690.0,685965623310.0,87.0,6.6,11.995,13.0,3782.373,0.991,137.912,0.768,12.051,63.757,54.216,0.451,0.002
Pakistan,2007,PAK,184493231.0,719253757580.0,87.294,7.851,11.84,12.706,3886.621,0.997,148.349,0.804,16.067,64.952,57.866,0.471,0.002
Pakistan,2008,PAK,189499112.0,746912719652.0,89.249,8.454,10.105,10.751,3792.511,0.962,147.901,0.78,12.887,65.756,58.93,0.461,0.002
Pakistan,2009,PAK,194376535.0,774880575078.0,88.904,8.786,10.194,11.096,3834.629,0.962,148.355,0.763,11.446,66.987,58.311,0.471,0.002
Pakistan,2010,PAK,199239048.0,805491514683.0,88.675,8.406,10.436,11.325,3761.661,0.93,147.504,0.74,11.021,63.123,62.145,0.443,0.002
Pakistan,2011,PAK,203746069.0,845096928750.0,88.029,7.954,10.606,11.971,3697.388,0.891,149.488,0.734,12.003,65.959,60.504,0.434,0.002
Pakistan,2012,PAK,207667129.0,878485024934.0,95.011,8.723,3.989,4.989,3379.42,0.799,150.555,0.725,10.369,64.177,63.616,0.431,0.002
Pakistan,2013,PAK,211073979.0,918328534363.0,88.025,7.917,10.559,11.975,3673.495,0.844,148.183,0.702,10.318,63.721,61.042,0.42,0.002
Pakistan,2014,PAK,214264649.0,961516822345.0,87.745,8.374,10.733,12.255,3669.797,0.818,150.81,0.704,13.117,64.202,60.428,0.425,0.002
Pakistan,2015,PAK,217290884.0,1010825281718.0,88.27,8.222,10.407,11.73,3816.599,0.82,144.896,0.667,12.506,64.407,54.382,0.409,0.003
Pakistan,2016,PAK,220138863.0,1061146810870.0,88.228,8.228,10.286,11.772,4090.315,0.849,176.741,0.803,22.614,64.522,74.33,0.499,0.003
Pakistan,2017,PAK,223273974.0,1117267177186.0,88.88,9.946,8.975,11.12,4263.787,0.852,211.981,0.949,37.259,75.724,83.47,0.589,0.003
Pakistan,2018,PAK,226928893.0,1165406508457.0,88.728,13.788,8.879,11.272,4263.363,0.83,203.5,0.897,46.21,74.561,66.654,0.554,0.003
Pakistan,2019,PAK,230800908.0,1172330212219.0,87.21,14.758,10.438,12.79,4218.508,0.831,190.826,0.827,44.715,68.337,61.867,0.515,0.003
Pakistan,2020,PAK,235001745.0,1202026422230.0,86.056,16.577,11.468,13.944,4083.671,0.798,215.51,0.917,52.01,66.395,80.077,0.613,0.003
Pakistan,2021,PAK,239477805.0,1278204948031.0,86.422,16.707,9.927,13.578,4451.399,0.834,243.552,1.017,62.292,67.872,94.018,0.661,0.003
Pakistan,2022,PAK,243700667.0,1318834969356.0,83.805,15.533,10.571,16.195,4017.639,0.742,211.97,0.87,59.54,61.74,73.32,0.565,0.003
Peru,1990,PER,22014772.0,103572000000.0,71.935,1.603,28.065,28.065,4861.144,1.033,21.401,0.972,0.542,1.308,18.144,0.094,0.002
Peru,1991,PER,22483784.0,108468600578.0,68.93,3.138,31.07,31.07,4721.149,0.979,20.758,0.923,0.967,1.183,17.236,0.089,0.002
Peru,1992,PER,22946345.0,110495351335.0,73.103,3.145,26.897,26.897,4504.196,0.935,20.986,0.915,1.048,1.268,17.697,0.093,0.002
Peru,1993,PER,23413783.0,92121419172.0,70.121,3.031,29.879,29.879,4824.25,1.226,23.885,1.02,1.579,1.334,19.811,0.105,0.002
Peru,1994,PER,23881497.0,103509723878.0,70.312,3.433,29.688,29.688,5142.526,1.186,24.177,1.012,1.246,1.392,19.65,0.105,0.002
Peru,1995,PER,24348922.0,111333590886.0,72.227,3.318,27.773,27.773,5475.475,1.197,25.143,1.033,1.393,0.945,20.58,0.107,0.002
Peru,1996,PER,24811174.0,114659592873.0,72.276,3.374,27.724,27.724,5539.343,1.199,24.717,0.996,1.315,1.022,20.115,0.102,0.002
Peru,1997,PER,25274149.0,122417899136.0,71.909,3.582,28.091,28.091,5332.26,1.101,27.747,1.098,1.264,0.788,23.259,0.114,0.003
Peru,1998,PER,25738101.0,122316689368.0,71.623,3.807,28.377,28.377,5402.268,1.137,28.066,1.09,1.466,1.092,23.069,0.116,0.003
Peru,1999,PER,26186499.0,124629013218.0,70.842,3.367,29.158,29.158,5446.822,1.144,29.562,1.129,1.411,1.48,24.549,0.119,0.003
Peru,2000,PER,26598328.0,128561599053.0,68.55,5.07,31.45,31.45,5540.167,1.146,28.678,1.078,1.971,1.396,23.167,0.112,0.003
Peru,2001,PER,26964610.0,130005019162.0,65.608,4.648,34.392,34.392,5417.318,1.124,25.26,0.937,2.059,1.048,20.185,0.098,0.003
Peru,2002,PER,27288211.0,137911092694.0,65.707,6.219,34.293,34.293,5481.374,1.085,25.592,0.938,2.796,1.147,19.364,0.097,0.003
Peru,2003,PER,27580485.0,144583674826.0,64.481,6.762,35.519,35.519,5354.208,1.021,24.914,0.903,2.766,1.268,18.445,0.09,0.003
Peru,2004,PER,27852190.0,152840586065.0,68.848,6.84,31.152,31.152,5651.12,1.03,28.504,1.023,3.25,1.982,20.698,0.1,0.003
Peru,2005,PER,28101175.0,163489485317.0,69.173,6.675,30.827,30.827,5826.442,1.001,30.321,1.079,3.419,3.346,20.953,0.102,0.003
Peru,2006,PER,28324488.0,176775277493.0,66.468,5.621,33.532,33.532,5846.282,0.937,28.299,0.999,2.869,3.829,18.727,0.092,0.003
Peru,2007,PER,28530704.0,192942634714.0,69.355,6.803,30.645,30.645,6318.965,0.934,34.567,1.212,3.605,5.346,22.501,0.11,0.003
Peru,2008,PER,28719038.0,211009673563.0,72.394,5.61,27.606,27.606,6777.529,0.922,35.572,1.239,3.389,7.431,21.423,0.111,0.003
Peru,2009,PER,28896819.0,212830474173.0,71.531,4.944,28.469,28.469,6867.194,0.932,39.424,1.364,3.056,9.386,23.664,0.125,0.003
Peru,2010,PER,29086021.0,230353256282.0,74.487,4.264,25.513,25.513,7745.521,0.978,42.505,1.461,3.301,12.579,23.193,0.128,0.003
Peru,2011,PER,29304083.0,244711917914.0,75.344,3.884,24.656,24.656,8481.961,1.016,42.327,1.444,3.129,11.666,23.911,0.123,0.003
Peru,2012,PER,29550367.0,259737230567.0,75.173,4.012,24.827,24.827,8687.723,0.988,45.509,1.54,2.898,12.945,25.696,0.13,0.003
Peru,2013,PER,29817908.0,274939626306.0,75.009,3.957,24.991,24.991,8806.167,0.955,42.718,1.433,3.371,11.864,23.277,0.121,0.003
Peru,2014,PER,30115825.0,281488723310.0,75.228,3.815,24.772,24.772,8926.504,0.955,49.388,1.64,3.049,16.533,24.847,0.139,0.003
Peru,2015,PER,30457598.0,290642734598.0,75.11,3.394,24.89,24.89,9247.921,0.969,49.204,1.615,3.089,16.245,24.994,0.139,0.003
Peru,2016,PER,30866497.0,302131843581.0,76.44,3.409,23.56,23.56,9684.865,0.989,52.698,1.707,3.213,17.089,27.861,0.149,0.003
Peru,2017,PER,31324639.0,309742529723.0,72.376,2.918,27.624,27.624,9691.741,0.98,54.726,1.747,2.807,14.458,33.123,0.152,0.003
Peru,2018,PER,31897590.0,322061010919.0,71.753,2.512,28.247,28.247,9982.715,0.989,56.014,1.756,2.503,14.95,33.898,0.152,0.004
Peru,2019,PER,32449302.0,329252610797.0,71.949,2.549,28.051,28.051,10064.474,0.992,58.668,1.808,2.572,15.678,35.457,0.158,0.004
Peru,2020,PER,32838577.0,292988745490.0,68.887,2.103,31.113,31.113,8766.572,0.983,47.237,1.438,1.883,13.172,29.235,0.134,0.004
Peru,2021,PER,33155883.0,332691638600.0,71.392,2.419,28.608,28.608,9877.367,0.984,59.962,1.808,2.649,17.375,34.533,0.163,0.004
Peru,2022,PER,33475436.0,341677633395.0,73.845,2.516,26.155,26.155,10099.025,0.989,64.785,1.935,2.804,19.81,36.218,0.173,0.004
Philippines,1990,PHL,62854668.0,227937191062.0,81.237,7.766,18.763,18.763,2982.894,0.823,40.774,0.649,3.162,0.0,34.958,0.179,0.005
Philippines,1991,PHL,64382249.0,228436344826.0,82.555,9.671,17.445,17.445,2863.199,0.807,42.874,0.666,3.69,0.0,36.321,0.185,0.006
Philippines,1992,PHL,65926130.0,230909837938.0,84.847,7.915,15.153,15.153,3004.926,0.858,47.772,0.725,3.869,0.0,41.161,0.212,0.006
Philippines,1993,PHL,67530621.0,237664033762.0,85.464,8.02,14.536,14.536,3216.592,0.914,48.342,0.716,3.811,0.0,41.282,0.212,0.006
Philippines,1994,PHL,69019297.0,250065486564.0,84.131,7.832,15.869,15.869,3278.71,0.905,53.479,0.775,3.763,0.011,45.793,0.233,0.006
Philippines,1995,PHL,70546245.0,263742284726.0,85.92,7.379,14.08,14.08,3663.711,0.98,59.22,0.839,4.25,0.015,50.699,0.252,0.006
Philippines,1996,PHL,72190237.0,281422828353.0,85.613,9.278,14.387,14.387,3837.642,0.984,60.437,0.837,5.452,0.018,49.999,0.249,0.006
Philippines,1997,PHL,73908813.0,298360005981.0,86.982,10.505,13.018,13.018,4089.382,1.013,69.147,0.936,6.338,0.011,56.98,0.284,0.006
Philippines,1998,PHL,75791031.0,299105469124.0,86.104,11.444,13.896,13.896,3959.139,1.003,67.379,0.889,6.405,0.018,55.883,0.277,0.006
Philippines,1999,PHL,77753256.0,310804334612.0,82.113,12.838,17.887,17.887,3925.195,0.982,67.295,0.865,11.42,0.015,50.956,0.271,0.006
Philippines,2000,PHL,79625401.0,327247671365.0,81.271,17.367,18.729,18.729,3864.514,0.94,71.467,0.898,15.848,0.018,50.969,0.28,0.006
Philippines,2001,PHL,81401488.0,339580401272.0,82.743,17.322,17.257,17.257,3695.904,0.886,69.799,0.857,16.184,0.26,50.054,0.272,0.006
Philippines,2002,PHL,83068889.0,354896572700.0,83.152,16.153,16.848,16.848,3638.974,0.852,69.492,0.837,14.103,3.265,47.038,0.265,0.006
Philippines,2003,PHL,84731836.0,375676507230.0,83.388,15.944,16.612,16.612,3680.832,0.83,69.501,0.82,14.678,4.976,45.023,0.251,0.006
Philippines,2004,PHL,86394510.0,404092179609.0,82.762,16.395,17.238,17.238,3695.391,0.79,71.999,0.833,15.957,4.76,46.496,0.252,0.006
Philippines,2005,PHL,88015959.0,426864086040.0,83.347,19.228,16.653,16.653,3628.22,0.748,72.334,0.822,18.631,6.302,41.971,0.244,0.006
Philippines,2006,PHL,89508992.0,452834616353.0,80.682,19.044,19.318,19.318,3410.94,0.674,65.646,0.733,17.51,5.21,38.648,0.215,0.006
Philippines,2007,PHL,91075180.0,486739179739.0,82.659,19.62,17.341,17.341,3478.436,0.651,70.01,0.769,21.536,7.078,36.638,0.222,0.006
Philippines,2008,PHL,92699091.0,511142140299.0,81.648,22.37,18.352,18.352,3533.459,0.641,76.605,0.826,25.106,7.449,39.234,0.239,0.006
Philippines,2009,PHL,94384256.0,521163648845.0,82.083,21.104,17.917,17.917,3511.202,0.636,75.581,0.801,23.963,7.504,38.652,0.24,0.007
Philippines,2010,PHL,96337127.0,565514808274.0,84.333,23.752,15.667,15.667,3539.975,0.603,82.246,0.854,27.769,7.068,41.597,0.247,0.007
Philippines,2011,PHL,98248614.0,590943092007.0,83.126,25.604,16.874,16.874,3540.375,0.589,82.98,0.845,30.519,7.629,38.983,0.241,0.007
Philippines,2012,PHL,100175511.0,631700459807.0,82.823,25.886,17.177,17.177,3592.559,0.57,87.476,0.873,31.933,7.314,41.434,0.25,0.007
Philippines,2013,PHL,102076334.0,674346563689.0,84.507,29.912,15.493,15.493,3778.861,0.572,94.825,0.929,39.509,6.738,41.319,0.269,0.007
Philippines,2014,PHL,103767127.0,717154029846.0,85.196,30.22,14.804,14.804,3909.477,0.566,100.074,0.964,42.036,7.086,43.212,0.282,0.007
Philippines,2015,PHL,105312988.0,762678999551.0,85.625,30.095,14.375,14.375,4220.296,0.583,111.046,1.054,45.82,6.661,49.862,0.314,0.007
Philippines,2016,PHL,106735721.0,817202925336.0,86.202,31.068,13.798,13.798,4547.887,0.594,120.216,1.126,50.684,7.632,53.546,0.34,0.007
Philippines,2017,PHL,108119691.0,873843247356.0,86.839,33.553,13.161,13.161,4925.253,0.609,133.576,1.235,60.931,7.529,55.787,0.371,0.007
Philippines,2018,PHL,109465284.0,929253628653.0,87.169,34.283,12.831,12.831,5028.468,0.592,139.857,1.278,64.171,8.405,57.4,0.381,0.007
Philippines,2019,PHL,110804685.0,986114678778.0,88.026,35.621,11.974,11.974,5109.184,0.574,142.601,1.287,68.894,8.464,55.411,0.385,0.007
Philippines,2020,PHL,112081270.0,892256290776.0,87.173,39.344,12.827,12.827,4583.8,0.576,131.457,1.173,69.305,7.676,46.295,0.374,0.007
Philippines,2021,PHL,113100947.0,943141651518.0,87.052,40.01,12.948,12.948,4823.633,0.578,140.27,1.24,74.705,6.581,49.391,0.38,0.007
Philippines,2022,PHL,113964343.0,1014811024029.0,86.968,38.553,13.032,13.032,5010.157,0.563,150.963,1.325,75.346,6.097,59.36,0.402,0.008
Poland,1990,POL,38055448.0,310673160937.0,99.661,75.389,0.339,0.339,31804.375,3.896,376.342,9.889,302.284,18.722,39.909,1.656,0.009
Poland,1991,POL,38152947.0,291288814472.0,99.644,76.32,0.356,0.356,31037.289,4.065,373.366,9.786,303.094,17.129,40.318,1.609,0.009
Poland,1992,POL,38233636.0,301270050123.0,99.6,77.16,0.4,0.4,29617.811,3.759,364.283,9.528,293.86,16.611,41.081,1.618,0.009
Poland,1993,POL,38294882.0,315272045792.0,99.618,76.308,0.382,0.382,29556.105,3.59,364.958,9.53,293.178,16.836,42.687,1.604,0.01
Poland,1994,POL,38344312.0,334402893305.0,99.541,74.265,0.459,0.459,28248.781,3.239,359.991,9.388,283.683,18.124,45.428,1.567,0.01
Poland,1995,POL,38364668.0,360934041475.0,99.508,73.789,0.492,0.492,28899.574,3.072,362.483,9.448,282.565,19.091,46.431,1.541,0.01
Poland,1996,POL,38359164.0,386314591617.0,99.503,71.945,0.497,0.497,30343.461,3.013,377.119,9.831,293.186,19.81,50.641,1.556,0.01
Poland,1997,POL,38348307.0,414942244343.0,99.481,70.905,0.519,0.519,30054.537,2.778,367.199,9.575,277.516,21.004,53.636,1.506,0.01
Poland,1998,POL,38326431.0,437955026714.0,99.356,66.692,0.644,0.644,28810.391,2.521,338.98,8.845,251.777,20.625,52.514,1.395,0.01
Poland,1999,POL,38287717.0,462542429541.0,99.39,65.252,0.61,0.61,28278.568,2.341,329.204,8.598,239.663,20.428,54.681,1.325,0.011
Poland,2000,POL,38258077.0,488207682001.0,99.356,64.31,0.644,0.644,26596.332,2.084,317.306,8.294,228.827,21.839,52.421,1.244,0.011
Poland,2001,POL,38247359.0,499086644170.0,99.223,64.0,0.777,0.777,26418.986,2.025,313.267,8.191,226.152,22.636,52.183,1.219,0.011
Poland,2002,POL,38229407.0,514089670231.0,99.225,63.472,0.775,0.775,26146.867,1.944,305.852,8.0,219.897,22.423,51.404,1.164,0.011
Poland,2003,POL,38203527.0,537330337680.0,99.358,63.151,0.642,0.642,27070.973,1.925,318.733,8.343,226.406,24.834,54.731,1.153,0.011
Poland,2004,POL,38167568.0,570430122148.0,99.151,60.888,0.849,0.849,27280.193,1.825,323.621,8.479,226.424,26.565,58.002,1.131,0.011
Poland,2005,POL,38124377.0,595958527688.0,98.912,60.393,1.088,1.088,27854.531,1.782,322.577,8.461,222.638,27.404,59.595,1.09,0.011
Poland,2006,POL,38071169.0,638713864539.0,98.797,60.152,1.203,1.203,29165.352,1.738,336.387,8.836,232.308,27.634,62.093,1.1,0.012
Poland,2007,POL,38020420.0,690249985288.0,98.485,58.938,1.515,1.515,29053.967,1.6,335.735,8.83,227.707,27.914,65.011,1.066,0.012
Poland,2008,POL,37995902.0,726319216200.0,97.846,57.15,2.154,2.154,29593.398,1.548,329.428,8.67,220.472,28.135,66.173,1.028,0.012
Poland,2009,POL,38002153.0,760579624624.0,97.077,55.602,2.923,2.923,28556.041,1.427,315.886,8.312,209.074,27.274,66.945,1.002,0.012
Poland,2010,POL,38095356.0,795619859853.0,96.621,55.407,3.379,3.379,30377.729,1.455,334.028,8.768,220.927,29.135,69.973,1.003,0.012
Poland,2011,POL,38208644.0,843236863910.0,96.041,55.047,3.959,3.959,30429.385,1.379,333.406,8.726,218.379,29.325,69.599,0.967,0.012
Poland,2012,POL,38247867.0,856266755052.0,94.87,52.907,5.13,5.13,29489.93,1.317,325.778,8.518,214.04,30.559,66.312,0.932,0.012
Poland,2013,POL,38259267.0,863601156195.0,94.948,54.973,5.052,5.052,29569.779,1.31,321.757,8.41,214.314,30.808,61.681,0.912,0.013
Poland,2014,POL,38265113.0,896737189458.0,94.078,52.899,5.922,5.922,28468.607,1.215,309.415,8.086,202.997,29.468,61.381,0.872,0.013
Poland,2015,POL,38266314.0,936043804062.0,93.613,51.445,6.387,6.387,28824.648,1.178,312.549,8.168,201.647,30.634,64.794,0.883,0.013
Poland,2016,POL,38263260.0,963689941627.0,94.122,50.177,5.878,5.878,30061.346,1.194,323.3,8.449,202.099,32.42,72.897,0.913,0.013
Poland,2017,POL,38254964.0,1013223736654.0,94.076,48.039,5.924,5.924,31585.154,1.193,336.505,8.796,203.504,34.13,82.452,0.935,0.013
Poland,2018,POL,38241070.0,1073462064151.0,94.379,47.502,5.621,5.621,31957.33,1.138,335.719,8.779,198.673,34.274,85.491,0.914,0.013
Poland,2019,POL,38225884.0,1121231497071.0,93.29,43.592,6.71,6.71,31059.262,1.059,317.444,8.304,177.753,35.495,87.278,0.856,0.013
Poland,2020,POL,38171005.0,1098581305284.0,92.337,42.13,7.663,7.663,29845.539,1.037,302.102,7.914,164.196,36.731,84.235,0.859,0.013
Poland,2021,POL,38040303.0,1173809548862.0,92.401,43.346,7.599,7.599,32196.334,1.043,330.694,8.693,184.114,39.734,89.709,0.897,0.014
Poland,2022,POL,38385734.0,1231021338216.0,90.63,41.937,9.37,9.37,30919.512,0.964,314.892,8.203,172.493,34.294,90.97,0.839,0.014
Portugal,1990,PRT,9989526.0,171225929203.0,86.264,16.482,13.736,13.736,20286.498,1.184,45.311,4.536,10.984,1.0,29.564,0.199,0.001
Portugal,1991,PRT,9969181.0,177606537211.0,86.752,16.62,13.248,13.248,21113.816,1.185,46.879,4.702,11.585,0.938,30.656,0.202,0.001
Portugal,1992,PRT,9960345.0,183951331948.0,92.661,16.436,7.339,7.339,21550.443,1.167,50.957,5.116,11.872,0.583,34.734,0.226,0.001
Portugal,1993,PRT,9972341.0,183378088561.0,87.839,17.509,12.161,12.161,22072.75,1.2,49.469,4.961,12.527,0.545,32.544,0.217,0.001
Portugal,1994,PRT,9998487.0,186788072120.0,85.666,17.484,14.334,14.334,22995.904,1.231,50.243,5.025,13.179,0.433,32.446,0.219,0.001
Portugal,1995,PRT,10031756.0,191728089193.0,89.132,20.089,10.868,10.868,24403.65,1.277,54.503,5.433,14.585,0.775,34.592,0.232,0.001
Portugal,1996,PRT,10067655.0,199215852007.0,82.29,18.261,17.71,17.71,25066.492,1.267,51.8,5.145,13.54,0.915,32.912,0.214,0.001
Portugal,1997,PRT,10110548.0,208848444082.0,84.286,16.33,15.714,15.714,25357.215,1.228,54.669,5.407,13.722,1.129,35.048,0.224,0.001
Portugal,1998,PRT,10159524.0,219709918106.0,85.678,14.963,14.322,14.322,27510.383,1.272,59.211,5.828,12.297,2.445,39.703,0.244,0.001
Portugal,1999,PRT,10214877.0,229149917332.0,91.381,15.177,8.619,8.619,27907.893,1.244,66.878,6.547,14.898,6.448,40.49,0.269,0.001
Portugal,2000,PRT,10283196.0,238756377443.0,87.591,14.79,12.409,12.409,28593.107,1.232,65.504,6.37,14.853,5.717,39.902,0.257,0.001
Portugal,2001,PRT,10354329.0,244348167969.0,85.142,12.464,14.858,14.858,28855.318,1.223,65.187,6.296,12.702,6.27,41.266,0.254,0.001
Portugal,2002,PRT,10413045.0,247190712485.0,90.767,13.781,9.233,9.233,28511.492,1.201,69.583,6.682,13.709,7.35,43.318,0.265,0.001
Portugal,2003,PRT,10454246.0,245847246169.0,83.843,12.892,16.157,16.157,29191.654,1.241,64.482,6.168,12.973,7.315,39.266,0.233,0.001
Portugal,2004,PRT,10481386.0,251279602163.0,88.525,12.988,11.475,11.475,28503.047,1.189,67.302,6.421,13.079,9.107,39.741,0.235,0.001
Portugal,2005,PRT,10502993.0,254196923131.0,92.299,13.061,7.701,7.701,28397.916,1.173,69.64,6.63,13.061,9.582,41.481,0.235,0.001
Portugal,2006,PRT,10524123.0,259159946424.0,85.192,13.092,14.808,14.808,28113.924,1.142,64.856,6.163,13.065,9.071,37.34,0.212,0.001
Portugal,2007,PRT,10546822.0,266663287450.0,84.565,11.332,15.435,15.435,28206.701,1.116,62.38,5.915,11.43,9.742,35.579,0.198,0.001
Portugal,2008,PRT,10564086.0,268239264717.0,85.447,10.329,14.553,14.553,27025.984,1.064,60.01,5.681,9.833,10.449,34.273,0.187,0.001
Portugal,2009,PRT,10576265.0,261270596745.0,81.867,11.635,18.133,18.133,27252.889,1.103,57.147,5.403,10.735,9.701,32.181,0.181,0.001
Portugal,2010,PRT,10578659.0,267277408809.0,73.598,6.395,26.402,26.402,28746.99,1.138,52.89,5.0,6.424,10.409,31.346,0.159,0.001
Portugal,2011,PRT,10557050.0,263425010810.0,76.34,9.024,23.66,23.66,27453.758,1.1,51.784,4.905,8.632,10.526,28.457,0.15,0.001
Portugal,2012,PRT,10513155.0,252737143203.0,79.035,12.937,20.965,20.965,25155.795,1.046,49.932,4.749,11.135,9.103,25.601,0.143,0.001
Portugal,2013,PRT,10458287.0,250405237435.0,71.798,10.807,28.202,28.202,27696.83,1.157,48.146,4.604,10.191,8.119,24.973,0.136,0.001
Portugal,2014,PRT,10406203.0,252388910611.0,70.239,10.856,29.761,29.761,28038.432,1.156,47.942,4.607,10.316,7.661,24.989,0.135,0.001
Portugal,2015,PRT,10370264.0,256911888409.0,76.315,13.255,23.685,23.685,27918.504,1.127,52.233,5.037,12.563,9.103,25.623,0.148,0.001
Portugal,2016,PRT,10346377.0,262100101273.0,71.732,10.853,28.268,28.268,29949.295,1.182,50.311,4.863,10.82,9.684,25.592,0.142,0.001
Portugal,2017,PRT,10330838.0,271290329012.0,79.394,12.642,20.606,20.606,29221.047,1.113,55.165,5.34,12.394,12.318,25.93,0.153,0.001
Portugal,2018,PRT,10325355.0,279020275961.0,73.8,10.56,26.2,26.2,29450.785,1.09,51.34,4.972,10.376,11.242,25.501,0.14,0.001
Portugal,2019,PRT,10343218.0,286505655767.0,74.634,5.021,25.366,25.366,28333.217,1.023,47.583,4.6,5.026,12.125,26.18,0.128,0.001
Portugal,2020,PRT,10370519.0,262724232089.0,69.365,2.521,30.635,30.635,25577.088,1.01,41.738,4.025,2.417,12.012,23.175,0.119,0.001
Portugal,2021,PRT,10390957.0,277181288542.0,67.803,0.868,32.197,32.197,25646.334,0.961,40.3,3.878,1.038,11.576,23.781,0.109,0.001
Portugal,2022,PRT,10417074.0,295712910456.0,71.247,0.031,28.753,28.753,25206.664,0.888,40.722,3.909,0.245,11.357,24.878,0.109,0.001
Qatar,1990,QAT,440184.0,5221963495.0,100.0,0.0,0.0,0.0,179101.609,15.097,11.428,25.962,0.0,8.9,2.4,0.05,0.0
Qatar,1991,QAT,454860.0,5733970758.0,100.0,0.0,0.0,0.0,199650.047,15.838,17.414,38.285,0.0,14.378,2.785,0.075,0.0
Qatar,1992,QAT,469657.0,7176897674.0,100.0,0.0,0.0,0.0,307229.719,20.105,26.816,57.097,0.0,22.054,4.503,0.119,0.0
Qatar,1993,QAT,484553.0,7997299870.0,100.0,0.0,0.0,0.0,318559.688,19.301,30.721,63.4,0.0,25.912,4.551,0.135,0.0
Qatar,1994,QAT,499469.0,9138716419.0,100.0,0.0,0.0,0.0,313668.375,17.143,32.375,64.819,0.0,25.915,4.199,0.141,0.0
Qatar,1995,QAT,514334.0,10472257097.0,100.0,0.0,0.0,0.0,303592.562,14.911,33.17,64.491,0.0,25.915,5.192,0.141,0.0
Qatar,1996,QAT,529024.0,12098817027.0,100.0,0.0,0.0,0.0,217682.234,9.518,34.472,65.162,0.0,26.297,5.097,0.142,0.0
Qatar,1997,QAT,550511.0,17467653871.0,100.0,0.0,0.0,0.0,228679.562,7.207,42.232,76.715,0.0,28.096,8.42,0.173,0.0
Qatar,1998,QAT,580543.0,21692788085.0,100.0,0.0,0.0,0.0,233498.297,6.249,36.96,63.665,0.0,20.02,11.314,0.152,0.0
Qatar,1999,QAT,612510.0,25157531177.0,100.0,0.0,0.0,0.0,246359.906,5.998,36.325,59.305,0.0,22.383,7.973,0.146,0.0
Qatar,2000,QAT,644993.0,30159719266.0,100.0,0.0,0.0,0.0,209063.484,4.471,40.406,62.646,0.0,24.286,9.258,0.158,0.0
Qatar,2001,QAT,677934.0,34920337897.0,100.0,0.0,0.0,0.0,191210.297,3.712,45.914,67.727,0.0,24.61,15.559,0.179,0.0
Qatar,2002,QAT,711215.0,41661485450.0,100.0,0.0,0.0,0.0,227637.844,3.886,45.175,63.518,0.0,24.992,14.638,0.172,0.0
Qatar,2003,QAT,744690.0,47126236240.0,100.0,0.0,0.0,0.0,219715.359,3.472,46.631,62.618,0.0,26.791,13.425,0.169,0.0
Qatar,2004,QAT,773341.0,63193934807.0,100.0,0.0,0.0,0.0,255475.859,3.126,47.44,61.344,0.0,32.837,8.801,0.166,0.0
Qatar,2005,QAT,825419.0,76893678098.0,100.0,0.0,0.0,0.0,270980.625,2.909,47.682,57.767,0.0,31.815,10.853,0.161,0.0
Qatar,2006,QAT,972841.0,103895902583.0,100.0,0.0,0.0,0.0,252214.672,2.362,59.753,61.421,0.0,36.087,18.672,0.195,0.0
Qatar,2007,QAT,1208601.0,127834802409.0,100.0,0.0,0.0,0.0,231557.078,2.189,59.53,49.255,0.0,41.467,12.486,0.189,0.0
Qatar,2008,QAT,1426942.0,156781224399.0,100.0,0.0,0.0,0.0,202220.734,1.841,61.871,43.359,0.0,41.564,14.414,0.193,0.0
Qatar,2009,QAT,1586052.0,186164264424.0,100.0,0.0,0.0,0.0,181811.375,1.549,65.305,41.175,0.0,44.73,14.766,0.207,0.0
Qatar,2010,QAT,1709238.0,238648100494.0,100.0,0.0,0.0,0.0,196225.344,1.405,73.651,43.09,0.0,53.395,15.22,0.221,0.001
Qatar,2011,QAT,1810960.0,296148824653.0,99.992,0.0,0.008,0.008,217097.234,1.328,81.809,45.175,0.0,66.681,10.146,0.237,0.001
Qatar,2012,QAT,1907122.0,310156648715.0,99.993,0.012,0.007,0.007,235144.422,1.446,93.738,49.152,0.0,81.667,7.449,0.268,0.001
Qatar,2013,QAT,2032650.0,327388964338.0,99.949,0.016,0.051,0.051,237978.625,1.478,91.433,44.982,0.0,84.704,3.045,0.259,0.001
Qatar,2014,QAT,2218378.0,344851898869.0,99.935,0.093,0.065,0.065,233130.469,1.5,91.642,41.31,0.0,82.502,4.694,0.258,0.001
Qatar,2015,QAT,2427340.0,361242719905.0,99.935,0.048,0.065,0.065,245295.047,1.648,93.31,38.441,0.0,83.704,4.873,0.264,0.001
Qatar,2016,QAT,2599382.0,372311173588.0,99.931,0.051,0.069,0.069,225636.406,1.575,91.378,35.154,0.0,80.794,6.211,0.258,0.001
Qatar,2017,QAT,2706716.0,366733973367.0,99.925,0.058,0.075,0.075,208396.75,1.538,105.657,39.035,0.0,87.083,14.274,0.294,0.001
Qatar,2018,QAT,2761144.0,371263146890.0,99.923,0.081,0.077,0.077,207650.469,1.544,102.621,37.166,0.0,87.148,11.384,0.279,0.001
Qatar,2019,QAT,2797927.0,373817411294.0,99.934,0.07,0.066,0.066,209158.016,1.565,101.43,36.252,0.0,87.434,10.578,0.273,0.001
Qatar,2020,QAT,2803375.0,360517012801.0,99.914,0.015,0.086,0.086,183122.625,1.424,101.329,36.145,0.0,86.822,11.095,0.288,0.001
Qatar,2021,QAT,2814988.0,366245595916.0,99.919,0.005,0.081,0.081,192920.656,1.483,104.386,37.082,0.0,90.38,10.394,0.283,0.001
Qatar,2022,QAT,2892466.0,381778107010.0,99.808,0.02,0.192,0.192,195336.344,1.48,109.594,37.89,0.003,88.571,17.225,0.292,0.001
Romania,1990,ROU,22939530.0,127957829968.0,95.676,19.921,4.324,4.324,32050.145,5.746,176.535,7.696,54.862,70.456,43.889,0.777,0.003
Romania,1991,ROU,22947416.0,114884267222.0,93.483,19.605,6.517,6.517,27211.963,5.435,142.258,6.199,42.963,57.281,36.511,0.613,0.003
Romania,1992,ROU,22912389.0,109843021990.0,94.074,21.881,5.926,5.926,24033.893,5.013,132.003,5.761,45.194,45.767,36.013,0.586,0.004
Romania,1993,ROU,22842257.0,115101791639.0,93.344,22.277,6.656,6.656,23431.217,4.65,122.709,5.372,40.523,43.571,33.76,0.539,0.004
Romania,1994,ROU,22756247.0,123373706511.0,92.788,23.66,7.212,7.212,22185.154,4.092,120.868,5.311,40.997,42.39,32.704,0.526,0.004
Romania,1995,ROU,22657722.0,136457737663.0,91.597,22.267,8.403,8.403,24486.252,4.066,125.675,5.547,42.23,44.039,34.15,0.534,0.004
Romania,1996,ROU,22541915.0,146513857110.0,91.319,22.386,7.979,8.681,24461.168,3.763,129.117,5.728,41.873,43.587,38.347,0.533,0.004
Romania,1997,ROU,22411511.0,145416621981.0,87.752,21.463,9.362,12.248,23350.738,3.599,118.115,5.27,37.198,35.89,39.969,0.484,0.004
Romania,1998,ROU,22284901.0,144240925408.0,85.853,19.791,11.044,14.147,21487.428,3.32,104.783,4.702,31.524,33.487,34.242,0.431,0.004
Romania,1999,ROU,22166156.0,148247538550.0,84.376,19.576,12.167,15.624,19000.631,2.841,88.899,4.011,26.093,30.364,27.475,0.358,0.004
Romania,2000,ROU,22046264.0,157839292272.0,86.533,20.495,9.836,13.467,19065.902,2.663,93.206,4.228,29.552,30.804,28.166,0.365,0.004
Romania,2001,ROU,21919916.0,173763436827.0,86.672,20.953,9.765,13.328,19393.555,2.446,98.928,4.513,31.919,29.556,32.908,0.385,0.004
Romania,2002,ROU,21770020.0,190219311781.0,86.515,21.746,10.037,13.485,20271.309,2.32,99.069,4.551,32.966,30.758,30.783,0.377,0.004
Romania,2003,ROU,21593448.0,204513401651.0,88.714,24.307,8.239,11.286,20434.184,2.158,103.707,4.803,35.896,33.636,29.4,0.375,0.004
Romania,2004,ROU,21403215.0,228570981481.0,86.889,22.986,9.814,13.111,21456.91,2.009,103.233,4.823,35.875,31.856,30.308,0.361,0.004
Romania,2005,ROU,21213395.0,244044803180.0,84.828,21.898,11.901,15.172,21705.584,1.887,101.337,4.777,35.572,30.46,29.807,0.342,0.004
Romania,2006,ROU,21035732.0,274969703969.0,86.178,24.401,10.578,13.822,22229.311,1.701,104.29,4.958,38.262,31.31,28.353,0.341,0.004
Romania,2007,ROU,20870714.0,304650701380.0,85.81,25.499,9.612,14.19,21609.418,1.48,108.497,5.199,42.116,31.249,28.304,0.344,0.004
Romania,2008,ROU,20718745.0,339689310169.0,83.045,24.628,10.317,16.955,21709.68,1.324,106.997,5.164,40.69,31.756,27.638,0.334,0.004
Romania,2009,ROU,20576922.0,326954238767.0,81.447,22.53,10.621,18.553,19056.42,1.199,87.806,4.267,32.365,25.559,24.691,0.279,0.004
Romania,2010,ROU,20432575.0,335489566640.0,78.453,20.877,13.83,21.547,19401.561,1.182,84.488,4.135,29.403,26.805,23.252,0.254,0.004
Romania,2011,ROU,20282009.0,350086824382.0,81.487,23.574,10.997,18.513,20133.164,1.166,92.391,4.555,34.091,28.944,24.273,0.268,0.004
Romania,2012,ROU,20158451.0,356825919340.0,82.024,22.549,10.404,17.976,19512.025,1.102,89.848,4.457,31.523,27.774,25.511,0.257,0.004
Romania,2013,ROU,20062913.0,357789262640.0,77.365,18.698,14.507,22.635,18420.879,1.033,78.795,3.927,25.269,25.248,23.728,0.223,0.004
Romania,2014,ROU,19968179.0,372532510801.0,74.552,18.052,17.513,25.448,18986.027,1.018,79.335,3.973,25.006,24.429,24.887,0.224,0.005
Romania,2015,ROU,19871018.0,384306463712.0,73.974,18.624,18.196,26.026,19180.48,0.992,78.046,3.928,25.128,23.493,24.146,0.22,0.005
Romania,2016,ROU,19777049.0,395288226514.0,73.592,16.587,18.867,26.408,19269.059,0.964,76.587,3.873,22.147,23.304,25.899,0.216,0.005
Romania,2017,ROU,19689405.0,456012361225.0,75.748,16.302,16.748,24.252,19702.773,0.851,79.432,4.034,21.774,24.355,27.908,0.221,0.005
Romania,2018,ROU,19597874.0,473122658487.0,74.921,15.392,17.773,25.079,20004.775,0.829,79.874,4.076,20.766,24.966,28.456,0.217,0.005
Romania,2019,ROU,19501542.0,456564507688.0,75.341,15.234,17.297,24.659,19681.396,0.841,76.69,3.933,18.362,22.675,29.781,0.207,0.005
Romania,2020,ROU,19392467.0,483499378450.0,74.128,11.428,18.117,25.872,19053.199,0.764,73.946,3.813,14.298,25.009,29.063,0.21,0.005
Romania,2021,ROU,19248159.0,505119539256.0,74.637,12.226,18.153,25.363,20261.834,0.772,77.501,4.026,15.53,25.271,30.971,0.21,0.005
Romania,2022,ROU,19166776.0,504741667296.0,74.567,11.802,17.783,25.433,18791.148,0.714,73.186,3.818,13.752,21.612,32.428,0.195,0.005
Russia,1990,RUS,148979537.0,1834865200000.0,92.107,21.119,4.619,7.893,67634.141,5.491,2536.284,17.024,750.959,788.209,889.901,11.157,0.067
Russia,1991,RUS,149448433.0,1782589449407.0,91.916,19.623,4.718,8.084,66502.156,5.575,2407.642,16.11,702.966,755.038,846.034,10.375,0.068
Russia,1992,RUS,148915993.0,1557839202683.0,91.479,19.16,5.034,8.521,64241.723,6.141,1963.458,13.185,515.78,774.418,586.419,8.719,0.069
Russia,1993,RUS,148135419.0,1453308047704.0,90.818,18.555,5.454,9.182,60209.305,6.137,1866.525,12.6,504.624,781.884,510.838,8.205,0.07
Russia,1994,RUS,148200734.0,1297672618325.0,90.611,17.791,6.035,9.389,54914.871,6.272,1646.876,11.112,451.573,733.163,407.268,7.168,0.071
Russia,1995,RUS,148291406.0,1274033410385.0,90.002,18.114,6.39,9.998,51938.5,6.045,1618.286,10.913,475.626,699.742,387.021,6.881,0.072
Russia,1996,RUS,148084580.0,1256336600822.0,90.085,18.466,5.811,9.915,50060.594,5.901,1586.633,10.714,474.697,700.379,361.704,6.547,0.073
Russia,1997,RUS,147853769.0,1303661447743.0,89.409,18.01,6.271,10.591,47418.508,5.378,1481.964,10.023,409.786,669.45,353.158,6.079,0.073
Russia,1998,RUS,147635543.0,1263722609285.0,89.537,16.895,6.325,10.463,47400.148,5.538,1465.859,9.929,399.043,673.595,345.998,6.033,0.074
Russia,1999,RUS,147241973.0,1375023643662.0,88.873,16.821,6.326,11.127,48128.516,5.154,1494.088,10.147,405.097,686.812,350.867,6.015,0.075
Russia,2000,RUS,146717784.0,1547057523527.0,88.587,17.139,6.354,11.413,49169.844,4.663,1480.576,10.091,425.71,682.078,318.265,5.804,0.076
Russia,2001,RUS,146117290.0,1662886727147.0,88.216,16.46,6.595,11.784,50153.324,4.407,1518.081,10.389,444.52,694.105,324.29,5.909,0.076
Russia,2002,RUS,145939502.0,1781424730851.0,88.529,16.595,6.127,11.471,50010.18,4.097,1508.33,10.335,422.617,703.449,315.523,5.743,0.077
Russia,2003,RUS,145794230.0,1955875991276.0,88.735,16.356,5.738,11.265,51088.902,3.808,1539.006,10.556,424.648,736.345,309.457,5.565,0.078
Russia,2004,RUS,145180091.0,2143914665541.0,88.367,15.54,6.387,11.633,51757.012,3.505,1545.353,10.644,414.711,744.37,309.808,5.401,0.078
Russia,2005,RUS,144597886.0,2331247104465.0,88.383,14.734,6.235,11.617,51894.969,3.219,1563.98,10.816,416.446,747.169,320.286,5.284,0.079
Russia,2006,RUS,144102948.0,2576148450528.0,88.675,14.469,5.962,11.325,54384.289,3.042,1623.428,11.266,436.04,767.75,335.318,5.306,0.08
Russia,2007,RUS,143859767.0,2858759376272.0,88.545,13.931,6.025,11.455,54763.992,2.756,1624.315,11.291,421.199,780.313,326.253,5.157,0.081
Russia,2008,RUS,143811837.0,3078094367564.0,88.998,14.87,5.539,11.002,55034.594,2.571,1652.731,11.492,449.833,780.849,343.679,5.157,0.081
Russia,2009,RUS,143869128.0,2903690263125.0,88.133,14.32,6.13,11.867,52284.949,2.591,1545.236,10.741,417.327,733.658,322.578,4.903,0.082
Russia,2010,RUS,143934468.0,3105249267337.0,88.695,13.538,5.597,11.305,54290.234,2.516,1633.147,11.346,417.855,795.448,333.202,4.902,0.083
Russia,2011,RUS,144043751.0,3306765993750.0,89.156,13.593,5.274,10.844,56097.879,2.444,1684.989,11.698,428.317,818.427,344.934,4.887,0.084
Russia,2012,RUS,144291025.0,3439833075673.0,89.12,14.145,5.226,10.88,56333.117,2.363,1700.104,11.782,443.293,807.719,352.425,4.864,0.085
Russia,2013,RUS,144604105.0,3500216789791.0,88.664,13.17,5.816,11.336,55548.391,2.295,1637.547,11.324,405.805,782.899,354.879,4.642,0.086
Russia,2014,RUS,144925639.0,3525987597216.0,88.733,12.7,5.531,11.267,55599.285,2.285,1637.311,11.298,394.974,775.514,383.699,4.617,0.087
Russia,2015,RUS,145307612.0,3456429719677.0,88.308,13.573,5.423,11.692,54577.699,2.294,1635.244,11.254,414.854,739.417,406.41,4.619,0.088
Russia,2016,RUS,145778668.0,3463123938280.0,88.052,12.903,5.807,11.948,55468.086,2.335,1629.328,11.177,402.76,752.164,400.525,4.604,0.089
Russia,2017,RUS,146186798.0,3526353842599.0,87.957,12.058,5.769,12.043,55653.059,2.307,1661.012,11.362,386.28,779.798,414.626,4.617,0.089
Russia,2018,RUS,146430146.0,3625347362801.0,88.227,12.01,5.709,11.773,57585.199,2.326,1709.91,11.677,399.665,828.794,392.624,4.655,0.09
Russia,2019,RUS,146533063.0,3705035583500.0,87.933,11.897,5.855,12.067,57120.422,2.259,1704.459,11.632,395.976,807.034,400.012,4.596,0.091
Russia,2020,RUS,146371295.0,3606716578675.0,86.683,11.343,6.679,13.317,55172.793,2.239,1631.902,11.149,368.047,784.255,381.968,4.642,0.092
Russia,2021,RUS,145836172.0,3809571453737.0,86.804,11.435,6.586,13.196,57127.566,2.187,1674.524,11.482,375.442,822.695,375.4,4.542,0.093
Russia,2022,RUS,145579889.0,3731440829579.0,87.678,12.371,5.92,12.322,59257.91,2.312,1675.461,11.509,369.694,811.088,391.392,4.465,0.094
Saudi Arabia,1990,SAU,10640697.0,230231005239.0,100.0,0.0,0.0,0.0,87244.008,4.032,181.971,17.101,0.0,64.344,111.4,0.801,0.001
Saudi Arabia,1991,SAU,11160752.0,279266370692.0,100.0,0.0,0.0,0.0,87131.43,3.482,244.534,21.91,0.024,67.51,170.679,1.054,0.002
Saudi Arabia,1992,SAU,11686682.0,306102220149.0,100.0,0.0,0.0,0.0,84006.414,3.207,276.011,23.618,0.007,73.423,194.701,1.226,0.002
Saudi Arabia,1993,SAU,12215864.0,318013026200.0,100.0,0.0,0.0,0.0,82094.094,3.153,297.754,24.374,0.052,76.86,212.794,1.309,0.002
Saudi Arabia,1994,SAU,12750037.0,336457977370.0,100.0,0.0,0.0,0.0,90947.219,3.446,291.208,22.84,0.068,82.099,195.159,1.268,0.002
Saudi Arabia,1995,SAU,13289246.0,354296184185.0,100.0,0.0,0.0,0.0,85031.602,3.189,274.604,20.664,0.05,82.407,178.451,1.168,0.002
Saudi Arabia,1996,SAU,13831002.0,381675255575.0,100.0,0.0,0.0,0.0,84487.93,3.062,269.498,19.485,0.046,85.441,169.343,1.112,0.002
Saudi Arabia,1997,SAU,14374948.0,404619673714.0,100.0,0.0,0.0,0.0,82800.234,2.942,227.149,15.802,0.061,87.991,124.004,0.932,0.002
Saudi Arabia,1998,SAU,14922188.0,436367217571.0,100.0,0.0,0.0,0.0,83940.57,2.87,218.915,14.67,0.075,89.682,114.916,0.901,0.002
Saudi Arabia,1999,SAU,15472076.0,440370701905.0,100.0,0.0,0.0,0.0,82434.336,2.896,237.716,15.364,0.059,88.683,135.143,0.957,0.002
Saudi Arabia,2000,SAU,16177733.0,488272422255.0,100.0,0.0,0.0,0.0,82513.391,2.734,309.639,19.14,0.001,95.613,198.371,1.214,0.003
Saudi Arabia,2001,SAU,17041405.0,506978101388.0,100.0,0.006,0.0,0.0,83463.328,2.806,324.374,19.034,0.005,103.061,205.004,1.262,0.003
Saudi Arabia,2002,SAU,17910909.0,518347038548.0,100.0,0.01,0.0,0.0,82708.406,2.858,346.93,19.37,0.028,110.029,219.46,1.321,0.003
Saudi Arabia,2003,SAU,18786771.0,607244594721.0,100.0,0.012,0.0,0.0,83526.383,2.584,351.228,18.695,0.029,115.288,216.839,1.27,0.003
Saudi Arabia,2004,SAU,19669486.0,690846607941.0,100.0,0.01,0.0,0.0,86552.734,2.464,407.702,20.728,0.036,126.075,263.196,1.425,0.003
Saudi Arabia,2005,SAU,20559886.0,768984265306.0,100.0,0.018,0.0,0.0,88089.297,2.355,412.234,20.05,0.07,136.748,256.689,1.393,0.003
Saudi Arabia,2006,SAU,21459141.0,833723402383.0,100.0,0.012,0.0,0.0,88548.273,2.279,444.977,20.736,0.038,141.013,283.766,1.454,0.004
Saudi Arabia,2007,SAU,22368313.0,896025266041.0,100.0,0.033,0.0,0.0,86911.211,2.17,423.314,18.925,0.055,142.852,258.466,1.344,0.004
Saudi Arabia,2008,SAU,23287884.0,1005243539213.0,100.0,0.035,0.0,0.0,91397.906,2.117,469.43,20.158,0.108,154.41,288.817,1.465,0.004
Saudi Arabia,2009,SAU,24217656.0,1040467027041.0,100.0,0.012,0.0,0.0,91054.977,2.119,503.97,20.81,0.067,150.59,326.067,1.599,0.004
Saudi Arabia,2010,SAU,25157134.0,1156842077931.0,100.0,0.032,0.0,0.0,97431.875,2.119,555.64,22.087,0.17,168.268,359.645,1.668,0.004
Saudi Arabia,2011,SAU,26105636.0,1347950226660.0,99.999,0.03,0.001,0.001,97959.344,1.897,540.236,20.694,0.17,177.099,335.71,1.567,0.005
Saudi Arabia,2012,SAU,27062447.0,1421109142119.0,99.998,0.033,0.002,0.002,100294.359,1.91,605.712,22.382,0.193,190.671,386.219,1.733,0.005
Saudi Arabia,2013,SAU,28026825.0,1461615692896.0,99.996,0.042,0.004,0.004,97450.227,1.869,583.178,20.808,0.239,192.011,359.381,1.653,0.005
Saudi Arabia,2014,SAU,28998127.0,1520484201383.0,99.996,0.054,0.004,0.004,101100.227,1.928,585.109,20.177,0.257,196.522,355.28,1.65,0.005
Saudi Arabia,2015,SAU,29974944.0,1591797027903.0,99.996,0.034,0.004,0.004,101972.688,1.92,624.547,20.836,0.26,200.499,390.526,1.764,0.006
Saudi Arabia,2016,SAU,30717804.0,1629412617614.0,99.996,0.027,0.004,0.004,103517.945,1.952,641.174,20.873,0.33,212.8,395.724,1.812,0.006
Saudi Arabia,2017,SAU,30782400.0,1628276592787.0,99.995,0.042,0.005,0.005,103364.891,1.954,644.487,20.937,0.52,222.859,393.125,1.792,0.006
Saudi Arabia,2018,SAU,30365119.0,1673253984473.0,99.987,0.036,0.013,0.013,102146.078,1.854,652.204,21.479,0.462,231.045,391.612,1.775,0.007
Saudi Arabia,2019,SAU,30472809.0,1687180073621.0,99.982,0.04,0.018,0.018,97377.938,1.759,708.335,23.245,0.484,233.225,446.993,1.91,0.007
Saudi Arabia,2020,SAU,30991206.0,1613932868835.0,99.922,0.036,0.078,0.078,93195.883,1.79,653.565,21.089,0.425,234.953,388.279,1.859,0.007
Saudi Arabia,2021,SAU,31328374.0,1677226744197.0,99.917,0.043,0.083,0.083,95196.312,1.778,695.394,22.197,0.517,241.864,420.649,1.886,0.008
Saudi Arabia,2022,SAU,32175351.0,1823886192336.0,99.843,0.04,0.157,0.157,97902.695,1.727,666.994,20.73,0.509,197.945,435.507,1.777,0.008
Singapore,1990,SGP,3039593.0,69065570813.0,99.903,0.091,0.097,0.097,89848.742,3.954,43.536,14.323,0.077,0.0,43.459,0.192,0.0
Singapore,1991,SGP,3136294.0,74103369043.0,99.725,0.053,0.275,0.275,88740.07,3.756,44.235,14.104,0.044,0.0,44.192,0.191,0.0
Singapore,1992,SGP,3226461.0,80052595653.0,99.744,0.072,0.256,0.256,92543.344,3.73,47.441,14.704,0.066,0.916,46.46,0.211,0.0
Singapore,1993,SGP,3317892.0,89698198294.0,99.765,0.073,0.235,0.235,98319.023,3.637,49.662,14.968,0.073,2.726,46.863,0.218,0.0
Singapore,1994,SGP,3417818.0,100708565980.0,99.795,0.076,0.205,0.205,109158.398,3.705,60.086,17.58,0.088,3.25,56.748,0.262,0.0
Singapore,1995,SGP,3533624.0,109097198275.0,99.803,0.034,0.197,0.197,110068.547,3.565,40.546,11.474,0.04,3.382,37.124,0.172,0.0
Singapore,1996,SGP,3664566.0,120135527253.0,99.805,0.001,0.195,0.195,107100.578,3.267,48.013,13.102,0.0,3.016,44.997,0.198,0.0
Singapore,1997,SGP,3796629.0,132363368332.0,99.815,0.0,0.185,0.185,108728.195,3.119,56.737,14.944,0.0,2.975,53.762,0.233,0.0
Singapore,1998,SGP,3901418.0,131914179626.0,99.817,0.0,0.183,0.183,107271.07,3.173,47.412,12.153,0.0,3.257,44.155,0.195,0.0
Singapore,1999,SGP,3966562.0,139187634120.0,99.815,0.0,0.185,0.185,104454.742,2.977,49.2,12.404,0.0,2.653,46.547,0.198,0.001
Singapore,2000,SGP,4035251.0,152153574500.0,99.827,0.0,0.173,0.173,109786.094,2.912,37.369,9.261,0.0,2.708,34.661,0.146,0.001
Singapore,2001,SGP,4116169.0,152550774197.0,99.705,0.0,0.295,0.295,121647.219,3.282,38.525,9.359,0.0,4.089,34.437,0.15,0.001
Singapore,2002,SGP,4146898.0,157982989858.0,99.693,0.016,0.307,0.307,116289.367,3.052,40.208,9.696,0.0,6.636,33.573,0.153,0.001
Singapore,2003,SGP,4138241.0,160287778605.0,99.659,0.022,0.341,0.341,109774.617,2.834,39.534,9.553,0.029,10.264,29.241,0.143,0.001
Singapore,2004,SGP,4172767.0,175483138246.0,99.708,0.016,0.292,0.292,123064.773,2.926,41.0,9.826,0.04,12.099,28.861,0.143,0.001
Singapore,2005,SGP,4268363.0,190691514722.0,99.725,0.018,0.275,0.275,127051.617,2.844,39.6,9.278,0.04,11.476,28.084,0.134,0.001
Singapore,2006,SGP,4407064.0,211578605777.0,99.753,0.01,0.247,0.247,135878.344,2.83,40.6,9.212,0.033,12.373,28.194,0.133,0.001
Singapore,2007,SGP,4596516.0,237920174358.0,99.762,0.015,0.238,0.238,141082.234,2.726,41.1,8.942,0.055,13.251,27.794,0.13,0.001
Singapore,2008,SGP,4806742.0,252508208683.0,99.764,0.008,0.236,0.236,143673.141,2.735,40.2,8.363,0.033,13.564,26.603,0.125,0.001
Singapore,2009,SGP,4968574.0,256114472232.0,99.777,0.006,0.223,0.223,149339.188,2.897,40.8,8.212,0.026,13.711,27.064,0.129,0.001
Singapore,2010,SGP,5077020.0,297586792174.0,99.767,0.011,0.233,0.233,156003.531,2.662,44.4,8.745,0.051,14.859,29.49,0.133,0.001
Singapore,2011,SGP,5182242.0,319718127421.0,99.769,0.009,0.231,0.231,159035.375,2.578,47.0,9.069,0.029,15.008,31.963,0.136,0.001
Singapore,2012,SGP,5293345.0,333899221028.0,99.758,0.035,0.242,0.242,157040.891,2.49,46.1,8.709,0.095,16.274,29.73,0.132,0.001
Singapore,2013,SGP,5385589.0,349985256634.0,99.735,0.363,0.265,0.265,156552.797,2.409,47.0,8.727,1.0,18.324,27.676,0.133,0.001
Singapore,2014,SGP,5457899.0,363759075569.0,99.723,0.525,0.277,0.277,157654.781,2.365,47.6,8.721,1.473,19.215,26.912,0.134,0.001
Singapore,2015,SGP,5525343.0,374587437267.0,99.708,0.519,0.292,0.292,164988.625,2.434,49.4,8.941,1.539,19.556,28.305,0.14,0.001
Singapore,2016,SGP,5577936.0,388078809982.0,99.716,0.516,0.284,0.284,172266.609,2.476,49.1,8.803,1.616,20.046,27.438,0.139,0.001
Singapore,2017,SGP,5604087.0,405715948493.0,99.723,1.059,0.277,0.277,175960.0,2.431,50.1,8.94,3.404,20.155,26.542,0.139,0.001
Singapore,2018,SGP,5634366.0,420221993120.0,99.726,0.559,0.274,0.274,176342.375,2.364,50.3,8.927,1.81,20.583,27.907,0.137,0.001
Singapore,2019,SGP,5669562.0,425816263950.0,99.707,0.547,0.293,0.293,171884.062,2.289,49.0,8.643,1.737,20.888,26.375,0.132,0.001
Singapore,2020,SGP,5620151.0,409204971045.0,99.686,0.552,0.314,0.314,162517.109,2.232,46.7,8.309,1.641,21.116,23.943,0.133,0.001
Singapore,2021,SGP,5546291.0,445551993008.0,99.662,0.592,0.338,0.338,164442.578,2.047,50.1,9.033,1.759,21.553,26.789,0.136,0.001
Singapore,2022,SGP,5649888.0,461801118473.0,99.479,0.539,0.521,0.521,158521.719,1.939,48.934,8.661,1.572,21.08,26.282,0.13,0.001
Slovakia,1990,SVK,5266077.0,65119612994.0,84.369,36.829,2.112,15.631,47161.055,3.814,61.529,11.684,33.59,12.317,12.778,0.271,0.001
Slovakia,1991,SVK,5284876.0,55297380289.0,83.556,36.583,1.768,16.444,42042.316,4.018,53.334,10.092,28.848,12.032,10.413,0.23,0.001
Slovakia,1992,SVK,5306445.0,51864851101.0,83.042,33.896,2.529,16.958,40279.746,4.121,48.931,9.221,25.832,12.131,8.85,0.217,0.001
Slovakia,1993,SVK,5326363.0,55439229551.0,80.095,34.116,4.615,19.905,39422.043,3.788,46.394,8.71,24.649,11.678,8.14,0.204,0.001
Slovakia,1994,SVK,5343230.0,58762730616.0,77.067,30.926,5.892,22.933,38711.277,3.52,43.804,8.198,22.188,11.278,8.311,0.191,0.001
Slovakia,1995,SVK,5354287.0,63261333115.0,78.229,30.41,6.511,21.771,39174.078,3.316,44.194,8.254,21.334,12.516,8.156,0.188,0.001
Slovakia,1996,SVK,5362430.0,67378056744.0,79.507,29.691,5.597,20.493,39385.582,3.135,44.076,8.219,20.727,13.136,8.089,0.182,0.002
Slovakia,1997,SVK,5369781.0,71311497148.0,79.582,28.403,5.482,20.418,38608.91,2.907,44.147,8.221,20.47,13.399,8.072,0.181,0.002
Slovakia,1998,SVK,5374801.0,74015465370.0,79.093,25.599,5.696,20.907,38982.078,2.831,43.878,8.164,19.133,13.792,8.012,0.181,0.002
Slovakia,1999,SVK,5378105.0,73695869861.0,76.699,25.261,5.926,23.301,39287.695,2.867,43.088,8.012,18.345,14.002,7.753,0.173,0.002
Slovakia,2000,SVK,5380001.0,74595099937.0,72.908,22.988,5.923,27.092,40566.387,2.926,41.187,7.656,17.69,13.809,7.346,0.161,0.002
Slovakia,2001,SVK,5379439.0,76744257548.0,72.307,23.096,6.48,27.693,41743.789,2.926,43.273,8.044,18.319,14.544,7.964,0.168,0.002
Slovakia,2002,SVK,5377685.0,80059373942.0,71.421,22.206,6.658,28.579,42104.883,2.828,42.034,7.816,17.89,13.724,7.94,0.16,0.002
Slovakia,2003,SVK,5376197.0,84281952821.0,73.196,24.741,4.499,26.804,40899.352,2.609,42.359,7.879,18.818,13.375,8.016,0.153,0.002
Slovakia,2004,SVK,5376038.0,88594621302.0,73.129,24.816,5.248,26.871,40000.277,2.427,42.857,7.972,18.865,13.16,8.238,0.15,0.002
Slovakia,2005,SVK,5376697.0,94444699022.0,73.105,21.878,5.658,26.895,42082.98,2.396,42.857,7.971,17.631,13.389,9.202,0.145,0.002
Slovakia,2006,SVK,5376847.0,102275719553.0,71.769,23.445,6.177,28.231,40949.367,2.153,42.639,7.93,18.644,12.475,8.811,0.139,0.002
Slovakia,2007,SVK,5376993.0,113160253049.0,73.265,22.378,6.844,26.735,38428.328,1.826,41.032,7.631,17.428,11.648,9.165,0.13,0.002
Slovakia,2008,SVK,5379127.0,119380219073.0,72.827,21.735,6.238,27.173,39450.379,1.778,41.425,7.701,16.928,12.035,9.497,0.129,0.002
Slovakia,2009,SVK,5385074.0,112760232233.0,73.216,23.35,7.41,26.784,35713.121,1.706,37.681,6.997,15.909,10.646,8.886,0.12,0.002
Slovakia,2010,SVK,5391857.0,118344324253.0,73.053,21.988,8.314,26.947,38113.008,1.736,38.464,7.134,15.945,11.259,9.229,0.115,0.002
Slovakia,2011,SVK,5398105.0,120554965758.0,72.127,21.655,7.51,27.873,36622.363,1.64,38.045,7.048,16.191,10.649,8.75,0.11,0.002
Slovakia,2012,SVK,5404877.0,122144694992.0,70.437,21.27,8.349,29.563,35133.703,1.555,35.961,6.654,14.461,10.299,9.003,0.103,0.002
Slovakia,2013,SVK,5410422.0,122917618179.0,69.822,20.654,9.315,30.178,35965.223,1.583,35.622,6.584,14.153,10.482,8.868,0.101,0.002
Slovakia,2014,SVK,5415238.0,126232947119.0,67.839,21.792,10.176,32.161,33446.344,1.435,33.708,6.225,13.966,8.721,8.748,0.095,0.002
Slovakia,2015,SVK,5420278.0,132755573802.0,68.929,20.776,9.931,31.071,33760.246,1.378,34.528,6.37,13.797,8.957,9.528,0.098,0.002
Slovakia,2016,SVK,5427262.0,135336424966.0,69.137,20.325,10.577,30.863,34039.949,1.365,34.978,6.445,13.701,9.105,9.897,0.099,0.002
Slovakia,2017,SVK,5435702.0,139312659832.0,70.558,20.149,9.896,29.442,35799.367,1.397,36.184,6.657,14.158,9.642,10.011,0.101,0.002
Slovakia,2018,SVK,5443229.0,144927513498.0,71.496,20.328,9.047,28.504,35143.781,1.32,36.184,6.648,14.095,9.581,10.124,0.099,0.002
Slovakia,2019,SVK,5450627.0,148579167627.0,68.793,17.163,10.549,31.207,33913.332,1.244,33.853,6.211,11.674,9.578,10.222,0.091,0.002
Slovakia,2020,SVK,5455028.0,143565091421.0,67.706,15.016,11.039,32.294,33203.387,1.262,31.176,5.715,9.854,9.492,9.518,0.089,0.002
Slovakia,2021,SVK,5442766.0,147892579134.0,69.773,16.894,10.213,30.227,35868.371,1.32,35.251,6.477,12.076,10.609,10.145,0.096,0.002
Slovakia,2022,SVK,5473195.0,150360426456.0,68.405,15.653,9.672,31.595,32867.98,1.196,31.589,5.772,9.926,8.886,10.349,0.084,0.002
Slovenia,1990,SVN,1998010.0,36026961823.0,69.125,26.779,12.088,30.875,34608.984,1.919,15.097,7.556,7.128,1.74,5.386,0.066,0.0
Slovenia,1991,SVN,1999191.0,32795388629.0,65.201,24.453,14.667,34.799,34650.098,2.112,13.977,6.991,6.36,1.768,5.123,0.06,0.0
Slovenia,1992,SVN,1995862.0,30913203776.0,67.855,27.241,14.881,32.145,32439.707,2.094,13.886,6.957,6.818,1.478,4.91,0.062,0.0
Slovenia,1993,SVN,1990815.0,31743130038.0,70.497,25.204,12.808,29.503,33455.078,2.098,14.254,7.16,6.298,1.477,5.908,0.063,0.0
Slovenia,1994,SVN,1988262.0,33346742100.0,68.216,22.08,13.491,31.784,35644.629,2.125,14.639,7.363,5.965,1.519,6.475,0.064,0.0
Slovenia,1995,SVN,1988098.0,35684022325.0,69.641,21.814,12.293,30.359,37397.617,2.084,15.357,7.724,6.07,1.532,7.06,0.065,0.0
Slovenia,1996,SVN,1986792.0,36825997171.0,70.345,19.19,13.217,29.655,39269.395,2.119,16.003,8.054,5.591,1.634,8.071,0.066,0.0
Slovenia,1997,SVN,1984404.0,38526556210.0,71.454,20.784,10.88,28.546,40198.957,2.071,16.513,8.321,6.022,1.567,8.203,0.068,0.0
Slovenia,1998,SVN,1980071.0,39631442356.0,70.246,21.008,12.121,29.754,40394.176,2.018,16.045,8.103,6.181,1.627,7.505,0.066,0.0
Slovenia,1999,SVN,1981198.0,41542298475.0,69.892,19.444,13.415,30.108,39923.93,1.904,15.419,7.782,5.563,1.669,7.45,0.062,0.0
Slovenia,2000,SVN,1986817.0,43078787444.0,68.907,20.374,14.026,31.093,39492.625,1.821,15.06,7.58,5.819,1.705,6.795,0.059,0.0
Slovenia,2001,SVN,1989684.0,44148368411.0,68.948,20.598,13.181,31.052,41328.18,1.863,16.309,8.197,6.488,1.75,7.289,0.063,0.0
Slovenia,2002,SVN,1991571.0,45659924240.0,69.651,22.549,11.619,30.349,41073.066,1.792,16.571,8.321,6.897,1.714,7.239,0.063,0.0
Slovenia,2003,SVN,1992499.0,46758348275.0,71.506,21.788,10.627,28.494,40269.707,1.716,16.278,8.17,6.484,1.884,7.161,0.059,0.0
Slovenia,2004,SVN,1993548.0,48578174459.0,68.775,20.908,13.64,31.225,42709.363,1.753,16.711,8.382,6.686,1.898,7.357,0.058,0.0
Slovenia,2005,SVN,1996915.0,50309132737.0,69.809,20.927,11.438,30.191,42720.215,1.696,16.942,8.484,6.649,1.928,7.543,0.057,0.0
Slovenia,2006,SVN,2003116.0,52944721543.0,70.791,21.201,11.735,29.209,42848.508,1.621,17.184,8.579,6.697,1.902,7.71,0.056,0.0
Slovenia,2007,SVN,2014159.0,56590130937.0,71.226,21.647,10.853,28.774,42389.488,1.509,17.349,8.614,6.941,1.886,7.608,0.055,0.0
Slovenia,2008,SVN,2025090.0,57981920900.0,69.377,19.039,12.746,30.623,46247.805,1.615,18.285,9.029,6.68,1.878,8.785,0.057,0.0
Slovenia,2009,SVN,2035610.0,53266134006.0,66.698,19.189,15.641,33.302,42449.91,1.622,16.209,7.963,6.141,1.785,7.57,0.051,0.0
Slovenia,2010,SVN,2044611.0,53649775101.0,67.53,19.543,15.228,32.47,42338.941,1.614,16.466,8.053,6.284,1.882,7.622,0.049,0.0
Slovenia,2011,SVN,2048805.0,53761447942.0,67.852,20.379,12.763,32.148,41018.535,1.563,16.364,7.987,6.327,1.751,7.654,0.047,0.0
Slovenia,2012,SVN,2053322.0,52342432631.0,67.592,19.922,14.747,32.408,39769.223,1.56,15.765,7.678,5.992,1.684,7.459,0.045,0.0
Slovenia,2013,SVN,2056452.0,51803647300.0,65.529,19.493,17.451,34.471,39280.562,1.559,15.137,7.361,5.741,1.646,7.085,0.043,0.0
Slovenia,2014,SVN,2058395.0,53237651266.0,58.658,15.044,21.441,41.342,40255.164,1.556,13.568,6.592,4.505,1.491,6.924,0.038,0.0
Slovenia,2015,SVN,2059946.0,54414237086.0,64.99,16.792,15.619,35.01,36270.613,1.373,13.659,6.631,4.615,1.587,6.844,0.039,0.0
Slovenia,2016,SVN,2061379.0,56151179265.0,65.131,16.811,16.631,34.869,38740.152,1.422,14.468,7.019,4.964,1.689,7.216,0.041,0.0
Slovenia,2017,SVN,2062410.0,58855036945.0,65.733,16.557,14.55,34.267,39139.125,1.372,14.637,7.097,4.907,1.769,7.284,0.041,0.001
Slovenia,2018,SVN,2069484.0,61476689663.0,65.046,15.868,17.278,34.954,39812.316,1.34,14.563,7.037,4.792,1.732,7.331,0.04,0.001
Slovenia,2019,SVN,2083438.0,63598215879.0,64.307,15.456,17.43,35.693,38399.168,1.258,14.053,6.745,4.53,1.761,7.034,0.038,0.001
Slovenia,2020,SVN,2102421.0,60849951865.0,59.614,15.428,19.778,40.386,36764.934,1.27,12.873,6.123,4.391,1.763,5.996,0.037,0.001
Slovenia,2021,SVN,2113495.0,65846342756.0,61.774,14.289,19.61,38.226,36234.727,1.163,13.076,6.187,3.99,1.857,6.515,0.035,0.001
Slovenia,2022,SVN,2115231.0,69385349463.0,64.346,12.494,15.912,35.654,33377.797,1.018,12.728,6.017,3.242,1.67,7.117,0.034,0.001
South Africa,1990,ZAF,40746274.0,235128506976.0,97.447,76.085,0.273,2.553,25270.26,4.379,312.934,7.68,265.101,3.444,40.615,1.377,0.005
South Africa,1991,ZAF,41687903.0,237880804016.0,96.975,75.269,0.539,3.025,24521.457,4.297,326.03,7.821,277.717,3.492,41.238,1.405,0.006
South Africa,1992,ZAF,42443510.0,238567245851.0,97.283,75.187,0.204,2.717,24197.768,4.305,301.329,7.1,259.671,3.517,34.753,1.338,0.006
South Africa,1993,ZAF,43297155.0,247203444018.0,97.994,75.598,0.04,2.006,23679.57,4.147,320.353,7.399,289.731,3.924,23.156,1.408,0.006
South Africa,1994,ZAF,44004140.0,261851802567.0,97.2,74.834,0.279,2.8,24300.189,4.084,338.701,7.697,299.206,3.924,31.646,1.474,0.006
South Africa,1995,ZAF,44541557.0,277583803133.0,97.057,74.297,0.132,2.943,25089.297,4.026,361.712,8.121,319.548,3.924,33.767,1.538,0.006
South Africa,1996,ZAF,45123023.0,296908021392.0,96.79,73.981,0.338,3.21,25259.006,3.839,363.732,8.061,324.11,3.532,31.65,1.501,0.006
South Africa,1997,ZAF,45666835.0,311987478453.0,96.445,73.951,0.538,3.555,25522.74,3.736,385.215,8.435,333.288,3.155,44.243,1.58,0.007
South Africa,1998,ZAF,46223888.0,320149741740.0,96.247,73.015,0.45,3.753,24771.293,3.577,377.273,8.162,325.832,2.656,44.587,1.553,0.007
South Africa,1999,ZAF,46730331.0,334638442219.0,96.763,73.78,0.223,3.237,25331.398,3.537,374.869,8.022,336.725,3.473,30.69,1.509,0.007
South Africa,2000,ZAF,47159715.0,356072104365.0,96.562,73.285,0.386,3.438,25135.504,3.329,378.333,8.022,337.909,3.199,33.302,1.483,0.007
South Africa,2001,ZAF,47566805.0,374889022813.0,97.0,73.162,0.513,3.0,25049.746,3.178,371.602,7.812,337.671,4.155,25.886,1.446,0.007
South Africa,2002,ZAF,48019414.0,396137571619.0,96.506,71.432,0.661,3.494,24180.324,2.931,356.501,7.424,325.506,4.122,22.449,1.357,0.008
South Africa,2003,ZAF,48500351.0,413710071358.0,96.927,73.264,0.328,3.073,25937.09,3.041,404.406,8.338,357.442,2.47,39.743,1.462,0.008
South Africa,2004,ZAF,48991420.0,439265862379.0,97.033,73.559,0.327,2.967,28020.674,3.125,449.322,9.171,384.101,6.364,54.238,1.571,0.008
South Africa,2005,ZAF,49490041.0,470188845104.0,97.278,71.648,0.384,2.722,26254.201,2.763,416.205,8.41,376.721,6.313,27.832,1.406,0.008
South Africa,2006,ZAF,49998271.0,505574497707.0,97.285,71.514,0.692,2.715,26522.131,2.623,446.744,8.935,381.99,6.126,53.08,1.46,0.008
South Africa,2007,ZAF,50528575.0,542976204451.0,97.066,71.486,0.723,2.934,26958.873,2.509,465.034,9.203,392.159,7.892,59.334,1.476,0.009
South Africa,2008,ZAF,51114595.0,571660802378.0,97.275,74.416,0.373,2.725,28557.336,2.553,494.673,9.678,418.275,8.119,62.764,1.543,0.009
South Africa,2009,ZAF,51728518.0,574768021657.0,97.296,75.138,0.39,2.704,28093.094,2.528,474.512,9.173,390.664,7.038,71.07,1.506,0.009
South Africa,2010,ZAF,52344047.0,607601612432.0,97.282,73.792,0.31,2.718,27968.58,2.409,467.353,8.928,406.924,8.867,46.324,1.403,0.009
South Africa,2011,ZAF,52995212.0,645388107070.0,96.995,72.852,0.692,3.005,27289.521,2.241,474.273,8.949,400.454,8.801,60.247,1.376,0.009
South Africa,2012,ZAF,53782570.0,660853021773.0,97.294,72.189,0.358,2.706,26478.908,2.155,461.438,8.58,398.009,9.255,49.468,1.32,0.01
South Africa,2013,ZAF,54678789.0,677278303675.0,97.079,71.887,0.397,2.921,26163.137,2.112,456.188,8.343,392.345,9.384,49.515,1.293,0.01
South Africa,2014,ZAF,55594840.0,686853872664.0,96.764,71.942,0.81,3.236,26046.393,2.108,481.638,8.663,413.196,8.94,54.539,1.358,0.01
South Africa,2015,ZAF,56723536.0,695933197143.0,96.518,69.073,1.29,3.482,24952.885,2.034,457.473,8.065,387.494,9.827,54.688,1.292,0.01
South Africa,2016,ZAF,57259550.0,700558003750.0,95.963,71.052,1.482,4.037,25848.275,2.113,457.05,7.982,384.489,7.815,59.012,1.291,0.01
South Africa,2017,ZAF,57635158.0,708670169977.0,95.43,70.153,2.16,4.57,25594.477,2.082,440.01,7.634,369.903,7.339,57.257,1.223,0.011
South Africa,2018,ZAF,58613001.0,719458334697.0,95.663,69.654,2.29,4.337,24053.697,1.96,453.766,7.742,384.222,9.746,54.275,1.235,0.011
South Africa,2019,ZAF,59587880.0,721641639539.0,95.527,71.12,2.24,4.473,24698.113,2.039,470.727,7.9,405.224,9.842,50.167,1.269,0.011
South Africa,2020,ZAF,60562374.0,675871755463.0,95.667,73.21,2.582,4.333,23110.006,2.071,435.298,7.188,374.003,9.563,46.606,1.238,0.011
South Africa,2021,ZAF,61502602.0,709077881289.0,94.583,71.035,3.247,5.417,22855.135,1.982,439.464,7.145,366.528,7.104,59.91,1.192,0.011
South Africa,2022,ZAF,62378417.0,723559323969.0,94.504,69.892,3.648,5.496,21580.689,1.86,428.782,6.874,357.02,6.931,59.159,1.143,0.012
South Korea,1990,KOR,44081425.0,594764506000.0,85.12,27.287,1.211,14.88,24471.578,1.814,250.511,5.683,94.308,6.433,130.947,1.102,0.002
South Korea,1991,KOR,44439146.0,651871510125.0,86.395,24.64,0.793,13.605,27564.314,1.879,275.688,6.204,94.094,7.441,151.671,1.188,0.002
South Korea,1992,KOR,44653699.0,687368661445.0,87.934,21.208,0.627,12.066,30831.4,2.003,299.905,6.716,91.32,9.733,173.971,1.332,0.002
South Korea,1993,KOR,44887721.0,729369247675.0,88.494,21.213,0.78,11.506,33638.797,2.07,330.174,7.356,99.62,12.159,189.427,1.451,0.002
South Korea,1994,KOR,45130842.0,791073852664.0,89.592,20.424,0.401,10.408,36159.184,2.063,355.695,7.881,101.801,16.186,206.573,1.548,0.002
South Korea,1995,KOR,45368425.0,860793752056.0,89.04,19.328,0.476,10.96,39243.332,2.068,383.665,8.457,105.3,19.574,226.079,1.631,0.002
South Korea,1996,KOR,45638701.0,919812618896.0,89.118,20.32,0.408,10.882,43066.879,2.137,420.996,9.225,122.689,25.859,239.471,1.737,0.003
South Korea,1997,KOR,45941541.0,967604910890.0,89.627,19.71,0.377,10.373,46735.441,2.219,444.968,9.686,133.313,31.427,246.07,1.825,0.003
South Korea,1998,KOR,46230885.0,908368091121.0,86.662,22.217,0.617,13.338,42494.496,2.163,378.038,8.177,137.598,29.399,183.586,1.556,0.003
South Korea,1999,KOR,46500382.0,1004162502333.0,86.022,21.571,0.556,13.978,46019.258,2.131,410.519,8.828,145.635,35.797,200.628,1.653,0.003
South Korea,2000,KOR,46766660.0,1086261690312.0,86.061,22.813,0.508,13.939,48342.094,2.081,439.981,9.408,163.883,40.204,206.229,1.725,0.003
South Korea,2001,KOR,47043467.0,1127616204375.0,86.29,23.699,0.293,13.71,49219.945,2.053,455.631,9.685,174.626,44.163,206.083,1.773,0.003
South Korea,2002,KOR,47299118.0,1203066586464.0,86.083,24.287,0.393,13.917,51178.883,2.012,476.065,10.065,187.637,49.069,207.116,1.813,0.004
South Korea,2003,KOR,47514158.0,1229830453921.0,85.241,24.451,0.562,14.759,52558.207,2.031,485.213,10.212,195.319,51.401,205.372,1.755,0.004
South Korea,2004,KOR,47697076.0,1281243847324.0,85.645,25.111,0.499,14.355,53768.141,2.002,491.389,10.302,203.138,60.234,196.256,1.718,0.004
South Korea,2005,KOR,47851646.0,1322354601142.0,84.595,24.783,0.421,15.405,55225.629,1.998,498.688,10.422,209.293,65.27,195.069,1.685,0.004
South Korea,2006,KOR,48006518.0,1381281470156.0,84.723,25.195,0.42,15.277,55951.609,1.945,503.478,10.488,216.428,67.995,190.054,1.646,0.005
South Korea,2007,KOR,48178122.0,1446721509093.0,85.736,25.711,0.477,14.264,57405.418,1.912,521.709,10.829,228.427,73.37,187.258,1.656,0.005
South Korea,2008,KOR,48356485.0,1477425172333.0,85.306,28.1,0.502,14.694,58236.988,1.906,532.651,11.015,253.041,75.924,171.088,1.662,0.005
South Korea,2009,KOR,48546690.0,1477640571750.0,85.721,29.001,0.545,14.279,58354.625,1.917,537.82,11.078,262.395,72.171,172.708,1.707,0.005
South Korea,2010,KOR,48769329.0,1562822824921.0,86.668,30.073,0.63,13.332,62667.0,1.956,594.339,12.187,295.05,91.541,176.156,1.784,0.006
South Korea,2011,KOR,49127640.0,1609219825000.0,86.725,31.343,0.743,13.275,65306.441,1.994,623.443,12.69,320.169,98.513,171.469,1.808,0.006
South Korea,2012,KOR,49599580.0,1647889319531.0,87.203,29.735,0.816,12.797,65380.469,1.968,627.943,12.66,316.99,106.566,170.817,1.796,0.006
South Korea,2013,KOR,50071168.0,1700045113031.0,88.022,29.724,0.999,11.978,64755.305,1.907,634.581,12.674,320.644,111.531,168.582,1.799,0.006
South Korea,2014,KOR,50539055.0,1754480590300.0,86.53,30.387,1.259,13.47,64689.973,1.863,629.366,12.453,331.304,101.445,161.534,1.775,0.007
South Korea,2015,KOR,50983909.0,1803763858886.0,85.947,30.05,1.451,14.053,65128.559,1.841,634.177,12.439,335.411,92.589,170.594,1.791,0.007
South Korea,2016,KOR,51297836.0,1856920794289.0,86.475,28.243,1.65,13.525,67038.734,1.852,637.914,12.435,320.697,96.655,184.034,1.802,0.007
South Korea,2017,KOR,51486268.0,1915599559593.0,87.331,29.614,1.971,12.669,67581.461,1.816,654.537,12.713,337.669,100.861,179.413,1.819,0.008
South Korea,2018,KOR,51640894.0,1971285914824.0,88.268,29.779,2.384,11.732,68987.422,1.807,670.169,12.977,340.348,117.173,177.633,1.824,0.008
South Korea,2019,KOR,51767844.0,2015521635585.0,86.886,28.457,2.807,13.114,67917.344,1.744,646.102,12.481,321.606,113.586,175.797,1.742,0.008
South Korea,2020,KOR,51858481.0,2001231642062.0,84.82,26.147,3.466,15.18,65364.605,1.694,597.634,11.524,282.883,116.635,165.068,1.7,0.008
South Korea,2021,KOR,51848401.0,2084182684453.0,85.19,25.538,3.877,14.81,68918.578,1.714,616.075,11.882,283.908,126.79,171.484,1.671,0.009
South Korea,2022,KOR,51782515.0,2137558645699.0,83.668,24.24,4.333,16.332,69899.453,1.693,606.877,11.72,272.884,126.732,173.664,1.617,0.009
Spain,1990,ESP,39084975.0,756125036542.0,78.972,21.061,6.819,21.028,27344.383,1.413,229.383,5.869,79.032,12.061,121.129,1.009,0.003
Spain,1991,ESP,39201750.0,786757895205.0,78.883,21.178,7.06,21.117,28226.254,1.406,239.291,6.104,81.631,13.462,127.647,1.031,0.004
Spain,1992,ESP,39420344.0,803260934603.0,81.81,20.593,4.743,18.19,29404.311,1.443,247.687,6.283,84.817,14.57,132.92,1.1,0.004
Spain,1993,ESP,39651627.0,794221319057.0,79.744,19.166,6.274,20.256,28283.867,1.412,239.099,6.03,81.632,14.168,128.46,1.051,0.004
Spain,1994,ESP,39858721.0,820138301435.0,79.899,18.869,6.927,20.101,29471.383,1.432,251.388,6.307,82.225,15.212,137.068,1.094,0.004
Spain,1995,ESP,40052733.0,855020227557.0,81.665,18.203,5.624,18.335,30445.111,1.426,265.069,6.618,85.124,18.878,143.411,1.127,0.004
Spain,1996,ESP,40237375.0,885027554238.0,78.386,14.841,9.156,21.614,31477.406,1.431,252.562,6.277,71.959,21.289,141.98,1.042,0.004
Spain,1997,ESP,40423823.0,925901360531.0,80.358,16.322,7.897,19.642,32594.49,1.423,264.899,6.553,74.57,27.489,144.648,1.087,0.004
Spain,1998,ESP,40617436.0,976805803240.0,80.483,14.874,7.534,19.517,33915.09,1.41,273.65,6.737,72.72,28.462,152.912,1.126,0.004
Spain,1999,ESP,40812855.0,1031651264612.0,83.254,15.904,5.341,16.746,35324.004,1.397,297.025,7.278,82.676,32.502,161.338,1.196,0.004
Spain,2000,ESP,41019772.0,1094998702299.0,81.999,16.068,6.598,18.001,37185.68,1.393,309.26,7.539,87.404,37.153,163.449,1.212,0.005
Spain,2001,ESP,41245602.0,1147959133197.0,80.117,14.154,8.709,19.883,38478.723,1.383,311.031,7.541,80.276,39.97,169.381,1.211,0.005
Spain,2002,ESP,41755703.0,1191323484900.0,83.226,15.652,6.016,16.774,38668.391,1.355,331.028,7.928,89.977,45.027,173.902,1.26,0.005
Spain,2003,ESP,42506540.0,1239651963472.0,80.767,13.921,9.207,19.233,39871.066,1.367,335.539,7.894,83.433,51.279,178.237,1.213,0.005
Spain,2004,ESP,43234562.0,1289831715789.0,82.031,14.129,8.02,17.969,40348.723,1.352,352.139,8.145,86.472,58.727,183.588,1.231,0.005
Spain,2005,ESP,43958883.0,1348839731490.0,84.769,13.556,6.442,15.231,40272.402,1.312,367.447,8.359,86.873,68.893,187.742,1.241,0.005
Spain,2006,ESP,44695446.0,1415738502534.0,82.989,11.76,7.933,17.011,39893.699,1.259,358.869,8.029,77.171,73.998,183.435,1.173,0.006
Spain,2007,ESP,45516501.0,1481143208580.0,83.061,12.832,8.869,16.939,40170.227,1.234,366.469,8.051,83.696,75.616,182.931,1.163,0.006
Spain,2008,ESP,46235055.0,1510615290401.0,81.191,8.919,9.972,18.809,38382.004,1.175,335.284,7.252,58.726,82.518,173.2,1.046,0.006
Spain,2009,ESP,46635182.0,1468765814163.0,78.628,6.699,12.913,21.372,35426.023,1.125,296.159,6.351,44.668,73.68,161.09,0.94,0.006
Spain,2010,ESP,46840469.0,1480376411582.0,73.916,4.796,16.49,26.084,36130.031,1.143,282.585,6.033,35.997,73.623,156.331,0.848,0.006
Spain,2011,ESP,46998040.0,1477187548437.0,75.574,9.048,15.329,24.426,35349.469,1.125,283.275,6.027,53.685,68.024,146.012,0.822,0.006
Spain,2012,ESP,47018323.0,1433478645419.0,74.366,11.051,15.917,25.634,35039.766,1.149,277.432,5.901,62.626,65.077,134.672,0.794,0.006
Spain,2013,ESP,46860394.0,1413362053623.0,71.392,8.512,19.29,28.608,33685.816,1.117,252.109,5.38,48.724,59.055,129.976,0.715,0.006
Spain,2014,ESP,46720187.0,1433089409797.0,71.046,8.827,19.445,28.954,33266.539,1.085,253.658,5.429,53.621,54.251,129.905,0.715,0.007
Spain,2015,ESP,46683683.0,1488098863146.0,73.693,10.236,16.977,26.307,33697.949,1.057,270.248,5.789,61.246,56.603,136.365,0.763,0.007
Spain,2016,ESP,46732768.0,1533303930046.0,72.459,7.81,18.117,27.541,33871.598,1.032,259.555,5.554,45.478,57.653,140.305,0.733,0.007
Spain,2017,ESP,46868594.0,1578931492849.0,75.517,9.866,15.319,24.483,34181.582,1.015,273.484,5.835,53.499,62.512,141.123,0.76,0.007
Spain,2018,ESP,47092817.0,1615001473949.0,73.46,8.325,17.923,26.54,34584.289,1.008,268.521,5.702,47.904,61.825,142.106,0.731,0.007
Spain,2019,ESP,47435121.0,1647042667976.0,73.724,3.767,17.063,26.276,33390.262,0.962,250.674,5.285,23.528,71.16,140.044,0.676,0.007
Spain,2020,ESP,47679482.0,1460507935923.0,67.808,2.451,21.929,32.192,29844.283,0.974,211.765,4.441,14.23,64.231,118.78,0.602,0.007
Spain,2021,ESP,47735670.0,1541121952313.0,68.505,2.473,22.272,31.495,32091.293,0.994,228.806,4.793,16.011,68.103,129.714,0.621,0.007
Spain,2022,ESP,47828386.0,1625139888517.0,69.964,2.766,20.877,30.036,33289.133,0.98,234.223,4.897,17.703,67.262,135.029,0.624,0.007
Sri Lanka,1990,LKA,16352460.0,67098669421.0,70.21,0.0,29.79,29.79,1827.675,0.445,3.802,0.233,0.004,0.0,3.664,0.017,0.001
Sri Lanka,1991,LKA,16475354.0,73808548639.0,70.421,0.023,29.579,29.579,1810.375,0.404,4.107,0.249,0.007,0.0,3.968,0.018,0.001
Sri Lanka,1992,LKA,16739297.0,71237383826.0,74.41,0.021,25.59,25.59,1911.578,0.449,5.036,0.301,0.004,0.0,4.771,0.022,0.001
Sri Lanka,1993,LKA,17025924.0,76317434648.0,69.187,0.013,30.813,30.813,2049.865,0.457,4.912,0.289,0.004,0.0,4.697,0.022,0.001
Sri Lanka,1994,LKA,17275777.0,82083780545.0,69.365,0.011,30.635,30.635,2188.583,0.461,5.342,0.309,0.007,0.0,5.053,0.023,0.001
Sri Lanka,1995,LKA,17564065.0,86882842988.0,68.597,0.029,31.403,31.403,2319.408,0.469,5.717,0.325,0.004,0.0,5.448,0.024,0.001
Sri Lanka,1996,LKA,17905020.0,96972233018.0,78.631,0.006,21.369,21.369,2393.455,0.442,6.863,0.383,0.004,0.0,6.591,0.028,0.001
Sri Lanka,1997,LKA,18248205.0,106468157343.0,78.045,0.0,21.955,21.955,2424.001,0.415,7.401,0.406,0.007,0.0,7.123,0.03,0.001
Sri Lanka,1998,LKA,18596006.0,104039873858.0,76.59,0.005,23.41,23.41,2535.792,0.453,7.621,0.41,0.004,0.0,7.379,0.031,0.001
Sri Lanka,1999,LKA,18944734.0,106224336044.0,76.758,0.0,23.242,23.242,2677.223,0.477,8.381,0.442,0.004,0.0,8.119,0.034,0.001
Sri Lanka,2000,LKA,19293056.0,114541758869.0,83.177,0.007,16.823,16.823,2775.435,0.467,9.99,0.518,0.004,0.0,9.728,0.039,0.001
Sri Lanka,2001,LKA,19600361.0,111509565283.0,83.248,0.002,16.752,16.752,2654.694,0.467,10.158,0.518,0.004,0.0,9.878,0.04,0.001
Sri Lanka,2002,LKA,19805750.0,114770992462.0,86.021,0.239,13.979,13.979,2701.697,0.466,10.787,0.545,0.004,0.0,10.538,0.041,0.001
Sri Lanka,2003,LKA,19951521.0,121043287225.0,83.372,1.276,16.628,16.628,2759.773,0.455,10.761,0.539,0.231,0.0,10.259,0.039,0.001
Sri Lanka,2004,LKA,20087608.0,127113013921.0,84.784,0.345,15.216,15.216,2663.676,0.421,11.908,0.593,0.231,0.0,11.362,0.042,0.001
Sri Lanka,2005,LKA,20216531.0,134388316813.0,84.756,1.111,15.244,15.244,3056.231,0.46,11.67,0.577,0.231,0.0,11.113,0.039,0.001
Sri Lanka,2006,LKA,20352416.0,144414690368.0,81.016,0.778,18.984,18.984,3259.271,0.459,11.503,0.565,0.227,0.0,10.941,0.038,0.001
Sri Lanka,2007,LKA,20492546.0,153829219297.0,84.203,0.745,15.797,15.797,3290.961,0.438,11.844,0.578,0.161,0.0,11.34,0.038,0.001
Sri Lanka,2008,LKA,20629377.0,162474916511.0,82.558,1.066,17.442,17.442,3081.809,0.391,11.648,0.565,0.22,0.0,11.08,0.036,0.001
Sri Lanka,2009,LKA,20756438.0,167647716585.0,83.838,1.069,16.162,16.162,3105.535,0.384,12.572,0.606,0.223,0.0,11.996,0.04,0.001
Sri Lanka,2010,LKA,20879092.0,180642805306.0,78.206,1.016,21.793,21.793,3334.24,0.385,12.697,0.608,0.227,0.0,12.161,0.038,0.001
Sri Lanka,2011,LKA,21009054.0,195461606183.0,83.642,4.651,16.358,16.358,3597.448,0.387,14.476,0.689,1.132,0.0,13.007,0.042,0.001
Sri Lanka,2012,LKA,21169461.0,212333854625.0,88.39,6.853,11.61,11.61,3682.307,0.367,15.389,0.727,1.92,0.0,13.102,0.044,0.001
Sri Lanka,2013,LKA,21358829.0,220937614421.0,76.36,7.152,23.64,23.64,3708.73,0.359,14.143,0.662,2.019,0.0,11.761,0.04,0.001
Sri Lanka,2014,LKA,21547454.0,235029015924.0,85.305,12.584,14.695,14.695,3986.135,0.365,17.076,0.792,3.877,0.0,12.827,0.048,0.001
Sri Lanka,2015,LKA,21729975.0,244914328998.0,81.931,15.962,18.069,18.069,4201.579,0.373,19.179,0.883,5.218,0.0,13.593,0.054,0.001
Sri Lanka,2016,LKA,21910763.0,257292293131.0,88.08,15.239,11.92,11.92,4603.753,0.392,22.339,1.02,5.524,0.0,16.438,0.063,0.001
Sri Lanka,2017,LKA,22087525.0,273915973018.0,88.898,14.91,11.102,11.102,4832.206,0.39,22.168,1.004,5.722,0.0,16.079,0.062,0.001
Sri Lanka,2018,LKA,22253116.0,280243422762.0,83.971,13.726,16.029,16.029,5049.593,0.401,20.137,0.905,5.53,0.0,14.241,0.055,0.001
Sri Lanka,2019,LKA,22410552.0,279626891521.0,87.176,14.536,12.824,12.824,5043.847,0.404,21.106,0.942,5.903,0.0,14.832,0.057,0.001
Sri Lanka,2020,LKA,22561808.0,269918239631.0,85.11,18.829,14.89,14.89,4653.029,0.389,20.412,0.905,7.094,0.0,12.956,0.058,0.001
Sri Lanka,2021,LKA,22700377.0,278898406287.0,78.995,18.208,21.005,21.005,4795.043,0.39,20.823,0.917,6.185,0.0,14.268,0.056,0.001
Sri Lanka,2022,LKA,22834965.0,254748598293.0,76.551,19.1,23.449,23.449,4265.696,0.382,18.377,0.805,5.882,0.0,11.997,0.049,0.001
Sweden,1990,SWE,8558571.0,240234012000.0,36.698,5.495,33.094,63.302,75270.344,2.682,57.417,6.709,11.759,1.589,41.886,0.253,0.003
Sweden,1991,SWE,8616955.0,237950140941.0,36.947,5.372,28.996,63.053,74519.977,2.699,57.664,6.692,11.845,1.717,42.145,0.248,0.003
Sweden,1992,SWE,8667576.0,235756851945.0,38.74,4.927,33.494,61.26,75337.344,2.77,57.51,6.635,11.1,1.995,42.541,0.255,0.003
Sweden,1993,SWE,8718038.0,231558425903.0,38.912,5.062,34.016,61.088,74231.828,2.795,57.517,6.597,11.046,2.067,42.452,0.253,0.003
Sweden,1994,SWE,8780190.0,241524284977.0,40.984,5.1,26.997,59.016,74005.148,2.69,59.997,6.833,11.233,2.029,44.718,0.261,0.003
Sweden,1995,SWE,8826298.0,251741126533.0,39.844,4.978,30.274,60.156,75529.906,2.648,59.487,6.74,11.221,2.063,44.007,0.253,0.003
Sweden,1996,SWE,8840330.0,256498914326.0,43.889,5.633,23.689,56.111,73551.977,2.535,63.349,7.166,12.384,2.226,46.605,0.261,0.003
Sweden,1997,SWE,8845525.0,264171121939.0,39.797,4.664,30.62,60.203,76127.047,2.549,58.355,6.597,10.78,2.255,43.256,0.239,0.003
Sweden,1998,SWE,8850606.0,276040695651.0,38.68,4.485,31.589,61.32,79713.688,2.556,58.767,6.64,11.104,2.231,43.277,0.242,0.003
Sweden,1999,SWE,8857691.0,289702793085.0,38.762,4.382,31.011,61.238,77901.969,2.382,55.937,6.315,10.043,2.174,41.542,0.225,0.003
Sweden,2000,SWE,8872099.0,303452362920.0,38.229,4.707,36.656,61.771,73464.344,2.148,54.892,6.187,10.104,2.082,40.406,0.215,0.003
Sweden,2001,SWE,8896018.0,308398096624.0,36.394,4.773,34.203,63.606,78209.859,2.256,55.782,6.27,10.944,2.4,40.116,0.217,0.003
Sweden,2002,SWE,8925045.0,317463771012.0,39.418,5.485,31.103,60.582,72769.648,2.046,56.634,6.345,11.422,2.444,40.439,0.216,0.003
Sweden,2003,SWE,8958434.0,326402407102.0,41.848,5.717,27.305,58.152,68007.117,1.867,57.221,6.387,11.545,2.269,41.14,0.207,0.003
Sweden,2004,SWE,8993805.0,341901244849.0,38.245,5.394,29.336,61.755,73894.945,1.944,56.428,6.274,11.811,2.198,40.088,0.197,0.003
Sweden,2005,SWE,9029771.0,354496929423.0,36.271,4.885,33.911,63.729,74532.344,1.898,53.787,5.957,10.949,1.869,38.542,0.182,0.003
Sweden,2006,SWE,9080628.0,372234670461.0,39.05,5.748,31.833,60.95,69394.227,1.693,53.651,5.908,10.681,2.056,37.987,0.175,0.003
Sweden,2007,SWE,9148280.0,387881844813.0,37.365,5.266,34.16,62.635,70079.531,1.653,52.879,5.78,10.765,2.165,37.014,0.168,0.003
Sweden,2008,SWE,9219903.0,388980516356.0,36.847,5.298,36.048,63.153,69259.43,1.642,50.765,5.506,10.334,1.893,35.579,0.158,0.003
Sweden,2009,SWE,9298738.0,373026350439.0,37.095,4.113,38.656,62.905,62353.945,1.554,47.143,5.07,7.365,2.487,34.615,0.15,0.003
Sweden,2010,SWE,9378234.0,399838964466.0,37.797,5.134,37.37,62.203,66295.578,1.555,53.029,5.654,10.311,3.434,36.433,0.159,0.003
Sweden,2011,SWE,9449263.0,397617949429.0,35.016,4.652,38.676,64.984,64768.621,1.539,49.114,5.198,9.467,2.721,34.027,0.142,0.003
Sweden,2012,SWE,9519477.0,395278763366.0,31.323,3.804,42.346,68.677,67781.508,1.632,46.607,4.896,8.637,2.359,32.626,0.133,0.003
Sweden,2013,SWE,9600620.0,399973749048.0,32.824,4.159,38.22,67.176,62865.043,1.509,45.106,4.698,8.736,2.362,31.245,0.128,0.003
Sweden,2014,SWE,9696438.0,410604225974.0,32.036,3.943,39.703,67.964,61958.484,1.463,43.385,4.474,8.284,2.058,30.292,0.122,0.003
Sweden,2015,SWE,9799483.0,429037422635.0,30.83,3.827,45.535,69.17,63479.047,1.45,43.31,4.42,8.016,1.97,30.38,0.122,0.003
Sweden,2016,SWE,9923281.0,437921057919.0,32.326,3.822,40.906,67.674,61411.199,1.392,43.308,4.364,8.021,2.267,30.237,0.122,0.003
Sweden,2017,SWE,10057864.0,449166531542.0,31.609,3.683,41.625,68.391,62771.066,1.406,42.355,4.211,8.307,1.816,29.316,0.118,0.003
Sweden,2018,SWE,10175400.0,457925387676.0,29.607,3.8,41.607,70.393,59869.379,1.33,41.856,4.113,8.087,1.889,28.894,0.114,0.003
Sweden,2019,SWE,10279120.0,467020665386.0,29.312,3.706,43.747,70.688,60882.551,1.34,40.772,3.967,8.108,1.777,28.464,0.11,0.003
Sweden,2020,SWE,10353682.0,456885314424.0,28.042,3.203,51.056,71.958,57977.379,1.314,36.622,3.537,6.641,1.446,26.282,0.104,0.003
Sweden,2021,SWE,10416134.0,481492421258.0,28.762,3.08,50.01,71.238,60836.348,1.316,38.568,3.703,6.984,1.9,27.891,0.105,0.003
Sweden,2022,SWE,10487335.0,494214521158.0,26.392,3.06,52.434,73.608,59279.207,1.258,36.342,3.465,6.54,1.163,25.627,0.097,0.003
Switzerland,1990,CHE,6713168.0,234154439697.0,54.028,1.273,25.902,45.972,49399.234,1.416,44.149,6.576,1.467,3.91,35.932,0.194,0.001
Switzerland,1991,CHE,6796942.0,236201938759.0,53.875,1.054,27.136,46.125,50106.68,1.442,46.131,6.787,1.211,4.369,38.033,0.199,0.001
Switzerland,1992,CHE,6875049.0,239958549277.0,53.642,0.718,27.266,46.358,50334.934,1.442,46.018,6.693,0.896,4.581,38.169,0.204,0.001
Switzerland,1993,CHE,6938106.0,243429634467.0,51.028,0.604,29.895,48.972,49793.703,1.419,43.61,6.286,0.763,4.794,35.868,0.192,0.001
Switzerland,1994,CHE,6993594.0,250752168329.0,49.936,0.582,31.106,50.064,51901.148,1.448,42.668,6.101,0.778,4.721,34.797,0.186,0.001
Switzerland,1995,CHE,7040481.0,257142565611.0,49.972,0.659,29.6,50.028,48859.637,1.338,43.414,6.166,0.797,5.181,35.187,0.185,0.001
Switzerland,1996,CHE,7071885.0,263448607219.0,53.579,0.508,25.121,46.421,46987.613,1.261,44.107,6.237,0.576,5.622,35.857,0.182,0.001
Switzerland,1997,CHE,7089161.0,274617021730.0,52.038,0.367,27.801,47.962,50121.055,1.294,43.046,6.072,0.5,5.439,35.249,0.177,0.001
Switzerland,1998,CHE,7110294.0,287985364256.0,52.416,0.303,27.211,47.584,50254.688,1.241,44.622,6.276,0.439,5.6,36.724,0.184,0.001
Switzerland,1999,CHE,7144119.0,298226666662.0,50.019,0.302,31.122,49.981,52270.391,1.252,44.447,6.221,0.453,5.807,36.327,0.179,0.001
Switzerland,2000,CHE,7184003.0,315545366882.0,50.038,0.45,29.476,49.962,50714.938,1.155,43.621,6.072,0.645,5.788,35.211,0.171,0.001
Switzerland,2001,CHE,7226391.0,325520166982.0,49.914,0.44,30.748,50.086,53847.977,1.195,45.085,6.239,0.654,6.025,36.394,0.175,0.001
Switzerland,2002,CHE,7278744.0,331802188855.0,51.062,0.436,28.021,48.938,49767.43,1.092,43.467,5.972,0.594,5.921,35.018,0.165,0.001
Switzerland,2003,CHE,7333451.0,337991874208.0,50.92,0.452,27.866,49.08,48866.387,1.06,44.651,6.089,0.602,6.255,35.898,0.161,0.001
Switzerland,2004,CHE,7384196.0,353894703206.0,52.22,0.43,27.041,47.78,48367.953,1.009,45.231,6.125,0.588,6.466,36.158,0.158,0.001
Switzerland,2005,CHE,7431824.0,371135459405.0,55.197,0.503,26.14,44.803,45854.402,0.918,45.776,6.159,0.633,6.634,36.37,0.155,0.001
Switzerland,2006,CHE,7478514.0,393075108386.0,53.257,0.528,25.217,46.743,46813.234,0.891,45.365,6.066,0.68,6.459,36.104,0.148,0.001
Switzerland,2007,CHE,7545386.0,416832821635.0,50.651,0.584,28.119,49.349,47034.438,0.851,43.359,5.746,0.741,6.296,34.172,0.138,0.001
Switzerland,2008,CHE,7641730.0,433739216893.0,51.564,0.514,27.972,48.436,47442.336,0.836,44.701,5.85,0.681,6.702,35.209,0.139,0.001
Switzerland,2009,CHE,7737644.0,431737407420.0,51.043,0.495,28.184,48.957,45880.383,0.822,43.526,5.625,0.636,6.423,34.404,0.138,0.001
Switzerland,2010,CHE,7825750.0,451139715920.0,52.38,0.491,27.969,47.62,45935.188,0.797,45.034,5.755,0.649,7.179,35.013,0.135,0.001
Switzerland,2011,CHE,7914379.0,467103594697.0,51.594,0.486,27.144,48.406,42318.344,0.717,40.973,5.177,0.608,6.383,31.814,0.119,0.001
Switzerland,2012,CHE,7998927.0,472611933649.0,50.472,0.415,30.448,49.528,44264.0,0.749,42.242,5.281,0.557,6.978,32.669,0.121,0.001
Switzerland,2013,CHE,8091199.0,481081829913.0,50.996,0.441,29.926,49.004,44387.238,0.747,43.183,5.337,0.583,7.332,33.233,0.122,0.001
Switzerland,2014,CHE,8190238.0,492386642888.0,47.888,0.471,31.115,52.112,42054.887,0.7,39.244,4.792,0.602,6.373,30.183,0.111,0.001
Switzerland,2015,CHE,8283940.0,500484653705.0,49.96,0.44,32.122,50.04,40599.23,0.672,38.756,4.678,0.56,6.798,29.499,0.109,0.001
Switzerland,2016,CHE,8374903.0,510838097521.0,51.305,0.431,31.376,48.695,37761.055,0.619,39.225,4.684,0.525,7.145,29.605,0.111,0.001
Switzerland,2017,CHE,8453630.0,517799793781.0,52.153,0.413,31.293,47.847,37498.082,0.612,38.234,4.523,0.503,7.104,28.684,0.106,0.001
Switzerland,2018,CHE,8516341.0,532611137213.0,49.242,0.379,31.434,50.758,37746.012,0.604,36.945,4.338,0.475,6.703,27.851,0.101,0.001
Switzerland,2019,CHE,8577525.0,538693495449.0,48.366,0.325,32.559,51.634,39166.934,0.624,36.822,4.293,0.431,6.897,27.584,0.099,0.001
Switzerland,2020,CHE,8640582.0,525896489462.0,45.604,0.34,35.598,54.396,35831.172,0.589,34.343,3.975,0.414,6.67,25.416,0.098,0.001
Switzerland,2021,CHE,8707019.0,548098275898.0,46.596,0.366,37.276,53.404,33316.562,0.529,35.902,4.123,0.423,7.272,26.31,0.097,0.001
Switzerland,2022,CHE,8792180.0,559384947989.0,49.408,0.37,31.096,50.592,33835.207,0.532,32.951,3.748,0.434,6.023,24.636,0.088,0.002
Taiwan,1990,TWN,20594907.0,319544652000.0,81.126,21.624,3.164,18.874,28367.777,1.828,124.258,6.033,42.935,3.06,67.581,0.547,0.001
Taiwan,1991,TWN,20781752.0,345211462786.0,82.181,22.4,1.866,17.819,29703.441,1.788,133.631,6.43,46.533,5.44,70.96,0.576,0.001
Taiwan,1992,TWN,20982088.0,372503882517.0,82.679,24.367,2.916,17.321,31257.176,1.761,142.432,6.788,53.93,5.523,71.124,0.632,0.001
Taiwan,1993,TWN,21174678.0,396575970496.0,84.435,25.873,1.757,15.565,32770.891,1.75,154.046,7.275,59.317,5.256,75.594,0.677,0.001
Taiwan,1994,TWN,21357145.0,425304537408.0,84.767,25.373,2.026,15.233,34483.172,1.732,161.564,7.565,62.47,7.251,78.584,0.703,0.001
Taiwan,1995,TWN,21534497.0,451738410710.0,85.537,24.612,1.878,14.463,36338.0,1.732,170.064,7.897,65.445,7.76,84.093,0.723,0.001
Taiwan,1996,TWN,21709270.0,477921929086.0,85.262,26.661,1.804,14.738,37529.094,1.705,178.059,8.202,73.952,8.159,83.303,0.735,0.001
Taiwan,1997,TWN,21885332.0,504501700824.0,86.386,28.807,1.887,13.614,39398.664,1.709,190.782,8.717,83.914,9.36,84.115,0.783,0.001
Taiwan,1998,TWN,22049226.0,524131056297.0,86.636,29.525,2.103,13.364,41396.062,1.741,200.546,9.095,90.347,11.809,86.825,0.825,0.001
Taiwan,1999,TWN,22203788.0,557640971015.0,87.188,29.125,1.723,12.812,43024.375,1.713,208.023,9.369,94.085,11.846,91.347,0.838,0.002
Taiwan,2000,TWN,22332873.0,591153923509.0,87.927,32.11,1.566,12.073,45722.125,1.727,226.934,10.161,110.895,13.411,92.142,0.89,0.002
Taiwan,2001,TWN,22446254.0,582366336280.0,88.936,32.643,1.734,11.064,46945.289,1.809,231.431,10.31,118.133,15.141,88.183,0.901,0.002
Taiwan,2002,TWN,22566898.0,612808812199.0,88.927,34.028,1.158,11.073,48563.367,1.788,238.567,10.572,125.727,16.931,85.26,0.908,0.002
Taiwan,2003,TWN,22664130.0,636240085985.0,89.51,34.7,1.214,10.49,50539.492,1.8,249.129,10.992,135.62,17.867,85.301,0.901,0.002
Taiwan,2004,TWN,22745432.0,675272430215.0,89.788,34.641,1.222,10.212,52462.762,1.767,259.367,11.403,141.041,20.875,86.759,0.907,0.002
Taiwan,2005,TWN,22824932.0,709313986797.0,89.678,34.835,1.409,10.322,52957.516,1.704,266.888,11.693,145.935,21.88,87.816,0.902,0.002
Taiwan,2006,TWN,22914644.0,745965982529.0,89.977,35.608,1.411,10.023,54161.758,1.664,276.552,12.069,153.557,23.031,88.935,0.904,0.002
Taiwan,2007,TWN,23006921.0,791900583149.0,90.109,35.797,1.531,9.891,56193.273,1.633,280.08,12.174,160.562,24.981,84.166,0.889,0.002
Taiwan,2008,TWN,23086238.0,794389614968.0,89.811,35.599,1.513,10.189,53926.07,1.567,266.975,11.564,154.853,26.853,75.889,0.833,0.003
Taiwan,2009,TWN,23164353.0,779014502319.0,89.478,34.984,1.468,10.522,52161.855,1.551,253.028,10.923,147.445,26.14,70.98,0.803,0.003
Taiwan,2010,TWN,23224049.0,859487483344.0,90.071,35.035,1.532,9.929,55741.184,1.506,270.718,11.657,157.049,32.653,72.398,0.813,0.003
Taiwan,2011,TWN,23273078.0,888546864638.0,89.916,36.438,1.604,10.084,55435.527,1.452,276.771,11.892,162.701,35.839,68.657,0.803,0.003
Taiwan,2012,TWN,23345963.0,908290377366.0,89.864,35.93,1.971,10.136,54801.141,1.409,273.282,11.706,160.364,37.726,65.86,0.782,0.003
Taiwan,2013,TWN,23416870.0,930852328389.0,89.85,35.945,1.964,10.15,55716.605,1.402,274.576,11.726,163.101,37.48,64.128,0.778,0.003
Taiwan,2014,TWN,23472811.0,974779255338.0,90.205,35.526,1.688,9.795,56826.914,1.368,276.959,11.799,164.219,39.636,64.377,0.781,0.003
Taiwan,2015,TWN,23529260.0,989069527295.0,91.297,34.475,1.76,8.703,56650.766,1.348,276.264,11.741,160.696,42.933,64.288,0.78,0.003
Taiwan,2016,TWN,23586140.0,1010482869589.0,91.885,34.724,2.162,8.115,56802.785,1.326,280.197,11.88,161.76,44.596,66.724,0.792,0.004
Taiwan,2017,TWN,23632950.0,1043939947916.0,93.717,35.206,2.089,6.283,56732.984,1.284,285.736,12.091,164.346,49.07,66.051,0.794,0.004
Taiwan,2018,TWN,23659308.0,1073034529603.0,92.812,35.037,2.094,7.188,57252.355,1.262,284.151,12.01,165.841,49.783,62.118,0.774,0.004
Taiwan,2019,TWN,23674137.0,1105912366266.0,91.348,35.046,2.611,8.652,56101.125,1.201,274.704,11.604,161.552,48.715,57.936,0.741,0.004
Taiwan,2020,TWN,23663461.0,1143369531447.0,91.286,33.745,2.676,8.714,54479.203,1.128,272.464,11.514,156.384,54.412,55.162,0.775,0.004
Taiwan,2021,TWN,23558330.0,1218008773904.0,92.06,34.075,2.932,7.94,58168.164,1.125,283.821,12.048,167.94,59.21,49.903,0.77,0.004
Taiwan,2022,TWN,23420107.0,1247874288934.0,91.319,33.466,4.235,8.681,56225.938,1.055,273.989,11.699,154.672,59.999,52.858,0.73,0.004
Thailand,1990,THA,54738329.0,407627796816.0,96.122,12.847,3.878,3.878,6465.264,0.868,86.563,1.581,16.594,10.28,53.221,0.381,0.006
Thailand,1991,THA,55637436.0,437871480572.0,96.764,13.631,3.236,3.236,7017.81,0.892,95.045,1.708,19.425,13.129,56.495,0.41,0.006
Thailand,1992,THA,56528832.0,473484188457.0,97.276,13.33,2.724,2.724,7557.287,0.902,105.513,1.867,20.79,14.074,62.417,0.469,0.006
Thailand,1993,THA,57408198.0,509703199590.0,97.908,13.079,2.092,2.092,8444.095,0.951,121.855,2.123,23.109,16.01,70.672,0.536,0.007
Thailand,1994,THA,58260855.0,545365114818.0,97.722,13.458,2.278,2.278,9351.679,0.999,136.87,2.349,26.664,18.252,78.419,0.596,0.007
Thailand,1995,THA,59098231.0,584005907369.0,96.944,13.606,3.056,3.056,10407.508,1.053,153.65,2.6,30.339,18.956,88.777,0.653,0.007
Thailand,1996,THA,59920059.0,611290639859.0,97.022,14.629,2.978,2.978,11614.824,1.139,173.566,2.897,36.777,22.27,96.915,0.716,0.007
Thailand,1997,THA,60724588.0,589240402273.0,97.193,14.33,2.807,2.807,12064.948,1.243,181.203,2.984,38.024,28.148,95.44,0.743,0.007
Thailand,1998,THA,61522632.0,539314649597.0,97.76,12.474,2.24,2.24,10972.201,1.252,159.704,2.596,30.637,30.146,85.415,0.657,0.007
Thailand,1999,THA,62299039.0,558464047703.0,98.479,12.509,1.521,1.521,11481.495,1.281,167.235,2.684,32.373,33.856,84.654,0.673,0.007
Thailand,2000,THA,63007815.0,579217712636.0,97.568,12.381,2.432,2.432,11771.415,1.281,167.352,2.656,33.1,39.32,79.347,0.656,0.007
Thailand,2001,THA,63651137.0,596448007832.0,97.568,13.069,2.432,2.432,12288.995,1.311,172.267,2.706,36.81,42.534,75.165,0.67,0.007
Thailand,2002,THA,64266433.0,630177413705.0,97.338,12.869,2.662,2.662,13194.149,1.346,184.665,2.873,39.244,46.469,78.938,0.703,0.008
Thailand,2003,THA,64868164.0,672602585235.0,97.42,12.223,2.58,2.58,14054.511,1.355,191.088,2.946,39.903,49.47,83.86,0.691,0.008
Thailand,2004,THA,65452049.0,712165919937.0,97.796,12.611,2.204,2.204,15121.47,1.39,207.331,3.168,44.763,52.102,91.753,0.725,0.008
Thailand,2005,THA,66017415.0,739238460898.0,97.892,13.212,2.108,2.108,15467.393,1.381,214.325,3.246,48.333,54.462,90.839,0.724,0.008
Thailand,2006,THA,66567685.0,773067090714.0,97.276,13.809,2.724,2.724,15668.239,1.349,215.825,3.242,51.313,55.579,87.308,0.705,0.008
Thailand,2007,THA,67102388.0,811667437725.0,97.168,15.005,2.832,2.832,16074.729,1.329,224.083,3.339,57.803,59.253,84.633,0.711,0.008
Thailand,2008,THA,67619835.0,822020817321.0,97.138,16.182,2.862,2.862,15950.123,1.312,224.249,3.316,62.251,63.7,78.484,0.7,0.008
Thailand,2009,THA,68121077.0,812859746470.0,97.02,15.791,2.98,2.98,16278.564,1.364,228.836,3.359,62.403,67.513,79.822,0.726,0.008
Thailand,2010,THA,68579443.0,870109340511.0,97.25,15.233,2.75,2.75,17198.229,1.356,241.019,3.514,64.008,77.345,80.785,0.723,0.009
Thailand,2011,THA,69007212.0,873642799890.0,96.558,15.073,3.442,3.442,17570.367,1.388,244.878,3.549,65.35,76.017,84.609,0.71,0.009
Thailand,2012,THA,69436091.0,936920832597.0,96.219,14.837,3.781,3.781,18619.578,1.38,262.348,3.778,68.155,83.615,90.833,0.751,0.009
Thailand,2013,THA,69845112.0,962095812070.0,96.2,14.378,3.8,3.8,18796.785,1.365,263.754,3.776,67.149,85.504,91.381,0.748,0.009
Thailand,2014,THA,70216362.0,971562808709.0,95.76,15.335,4.24,4.24,19328.395,1.397,272.488,3.881,73.794,87.093,91.137,0.768,0.009
Thailand,2015,THA,70540787.0,1002011619070.0,95.798,14.832,4.202,4.202,19526.947,1.375,277.099,3.928,72.142,88.912,95.218,0.783,0.009
Thailand,2016,THA,70859835.0,1036430730493.0,95.383,14.819,4.617,4.617,19835.943,1.356,284.045,4.009,73.6,87.759,98.924,0.803,0.009
Thailand,2017,THA,71160183.0,1079732734924.0,94.682,14.601,5.318,5.318,20133.205,1.327,283.348,3.982,73.824,85.289,101.146,0.788,0.01
Thailand,2018,THA,71376081.0,1125329902301.0,93.621,15.092,6.379,6.379,20712.488,1.314,288.305,4.039,78.564,84.332,102.33,0.785,0.01
Thailand,2019,THA,71522264.0,1149130685920.0,93.049,13.441,6.951,6.951,20689.293,1.288,281.877,3.941,70.06,85.27,103.652,0.76,0.01
Thailand,2020,THA,71641484.0,1078332670656.0,93.03,15.411,6.97,6.97,19257.477,1.279,271.923,3.796,74.799,78.28,96.312,0.773,0.01
Thailand,2021,THA,71727338.0,1095187026392.0,92.966,15.7,7.034,7.034,19334.578,1.266,267.142,3.724,76.648,77.923,90.92,0.725,0.01
Thailand,2022,THA,71735321.0,1124143758569.0,92.752,14.275,7.248,7.248,19347.238,1.235,272.573,3.8,69.809,75.532,105.828,0.726,0.01
Trinidad and Tobago,1990,TTO,1252215.0,17710560000.0,99.861,0.0,0.139,0.139,55581.473,3.93,16.978,13.559,0.0,10.75,3.554,0.075,0.0
Trinidad and Tobago,1991,TTO,1262174.0,17744930735.0,99.887,0.0,0.113,0.113,54975.676,3.91,16.964,13.441,0.0,10.848,3.196,0.073,0.0
Trinidad and Tobago,1992,TTO,1271681.0,18033685367.0,99.872,0.0,0.128,0.128,57755.402,4.073,19.098,15.018,0.0,11.109,4.855,0.085,0.0
Trinidad and Tobago,1993,TTO,1280474.0,17565341385.0,99.887,0.0,0.113,0.113,60460.055,4.407,17.405,13.593,0.0,11.018,3.609,0.077,0.0
Trinidad and Tobago,1994,TTO,1288353.0,17136543834.0,99.878,0.0,0.122,0.122,63680.742,4.788,15.342,11.908,0.0,11.697,2.909,0.067,0.0
Trinidad and Tobago,1995,TTO,1295167.0,18276117548.0,99.884,0.0,0.116,0.116,68695.367,4.868,14.725,11.369,0.0,11.516,2.755,0.063,0.0
Trinidad and Tobago,1996,TTO,1300937.0,19382659994.0,99.947,0.0,0.053,0.053,77483.578,5.201,18.449,14.181,0.0,13.198,4.551,0.076,0.0
Trinidad and Tobago,1997,TTO,1305838.0,20630081772.0,99.944,0.0,0.056,0.056,77172.805,4.885,18.9,14.473,0.0,13.81,4.514,0.078,0.0
Trinidad and Tobago,1998,TTO,1310226.0,22081300091.0,99.945,0.0,0.055,0.055,78071.281,4.632,19.892,15.182,0.0,16.224,3.232,0.082,0.0
Trinidad and Tobago,1999,TTO,1314711.0,23618240997.0,99.951,0.0,0.049,0.049,86474.562,4.814,22.58,17.175,0.0,18.269,3.902,0.091,0.0
Trinidad and Tobago,2000,TTO,1319781.0,24996996038.0,99.946,0.0,0.054,0.054,90199.227,4.762,24.35,18.45,0.0,19.602,4.272,0.095,0.0
Trinidad and Tobago,2001,TTO,1325573.0,25814786793.0,99.926,0.0,0.074,0.074,95792.359,4.919,26.74,20.172,0.0,22.548,3.727,0.104,0.0
Trinidad and Tobago,2002,TTO,1332017.0,27665233734.0,99.94,0.0,0.06,0.06,106069.664,5.107,28.683,21.533,0.0,24.666,3.613,0.109,0.0
Trinidad and Tobago,2003,TTO,1338718.0,31435997895.0,99.972,0.0,0.028,0.028,115621.211,4.924,32.37,24.18,0.0,27.454,4.477,0.117,0.0
Trinidad and Tobago,2004,TTO,1345386.0,33689560531.0,99.954,0.0,0.046,0.046,126194.438,5.04,32.688,24.297,0.0,29.69,2.568,0.114,0.0
Trinidad and Tobago,2005,TTO,1352040.0,35495977662.0,99.959,0.0,0.041,0.041,138480.672,5.275,38.205,28.257,0.0,33.643,4.019,0.129,0.0
Trinidad and Tobago,2006,TTO,1358706.0,39852731106.0,99.959,0.0,0.041,0.041,159670.766,5.444,42.708,31.433,0.0,38.054,4.001,0.14,0.0
Trinidad and Tobago,2007,TTO,1365381.0,41413662308.0,99.969,0.0,0.031,0.031,162135.047,5.345,45.564,33.371,0.0,39.908,4.965,0.145,0.0
Trinidad and Tobago,2008,TTO,1372090.0,42494149374.0,99.967,0.0,0.033,0.033,158945.203,5.132,44.443,32.39,0.0,38.699,5.016,0.139,0.0
Trinidad and Tobago,2009,TTO,1379056.0,40299152132.0,99.968,0.0,0.032,0.032,156985.703,5.372,44.417,32.209,0.0,39.085,4.788,0.141,0.001
Trinidad and Tobago,2010,TTO,1386657.0,41285434067.0,99.995,0.0,0.005,0.005,168405.953,5.656,47.092,33.961,0.0,42.008,4.639,0.141,0.001
Trinidad and Tobago,2011,TTO,1394990.0,40819362692.0,99.995,0.0,0.005,0.005,165262.562,5.648,47.043,33.723,0.0,41.448,4.906,0.136,0.001
Trinidad and Tobago,2012,TTO,1403814.0,42669299120.0,99.993,0.0,0.007,0.007,160933.156,5.295,46.159,32.881,0.0,40.579,4.723,0.132,0.001
Trinidad and Tobago,2013,TTO,1412658.0,44309506041.0,99.993,0.0,0.007,0.007,161807.719,5.159,45.799,32.421,0.0,41.07,3.855,0.13,0.001
Trinidad and Tobago,2014,TTO,1421135.0,45781910542.0,99.993,0.0,0.007,0.007,161022.281,4.998,46.866,32.978,0.0,41.301,4.76,0.132,0.001
Trinidad and Tobago,2015,TTO,1429190.0,45435797433.0,99.993,0.0,0.007,0.007,155078.094,4.878,45.534,31.86,0.0,39.663,5.133,0.129,0.001
Trinidad and Tobago,2016,TTO,1437031.0,42362516644.0,99.992,0.0,0.008,0.008,136234.078,4.621,39.867,27.743,0.0,35.201,4.056,0.113,0.001
Trinidad and Tobago,2017,TTO,1445265.0,40368511597.0,99.992,0.0,0.008,0.008,143272.672,5.129,40.297,27.882,0.0,34.58,5.108,0.112,0.001
Trinidad and Tobago,2018,TTO,1470522.0,40016907555.0,99.992,0.0,0.008,0.008,131952.172,4.849,40.307,27.41,0.0,35.775,3.931,0.11,0.001
Trinidad and Tobago,2019,TTO,1484898.0,40060922958.0,99.992,0.0,0.008,0.008,131459.0,4.873,40.755,27.446,0.0,36.416,3.748,0.11,0.001
Trinidad and Tobago,2020,TTO,1481026.0,36985045051.0,99.991,0.0,0.009,0.009,114341.891,4.579,35.043,23.661,0.0,31.001,3.44,0.1,0.001
Trinidad and Tobago,2021,TTO,1487715.0,36605213818.0,99.991,0.0,0.009,0.009,116369.273,4.729,36.389,24.46,0.0,32.709,3.144,0.099,0.001
Trinidad and Tobago,2022,TTO,1495923.0,37513383973.0,99.991,0.0,0.009,0.009,115685.422,4.613,37.493,25.063,0.0,32.779,4.163,0.1,0.001
Turkey,1990,TUR,56015627.0,486761175773.0,88.415,33.476,11.585,11.585,10020.523,1.153,154.572,2.759,70.393,8.902,61.206,0.68,0.003
Turkey,1991,TUR,57009892.0,498030901697.0,88.862,35.014,11.138,11.138,10053.146,1.151,161.126,2.826,75.122,10.391,59.922,0.694,0.003
Turkey,1992,TUR,57990121.0,535075772045.0,87.599,33.198,12.401,12.401,10394.637,1.127,167.234,2.884,75.2,11.234,64.451,0.743,0.003
Turkey,1993,TUR,58999164.0,586262069548.0,85.408,28.299,14.592,14.592,11105.725,1.118,174.291,2.954,70.693,12.483,74.234,0.766,0.003
Turkey,1994,TUR,60033832.0,562010879560.0,86.429,29.291,13.571,13.571,10569.057,1.129,170.592,2.842,68.715,12.768,71.561,0.743,0.003
Turkey,1995,TUR,61024501.0,610881311777.0,85.835,27.33,14.165,14.165,11636.42,1.162,184.675,3.026,71.239,15.957,79.154,0.785,0.003
Turkey,1996,TUR,61951134.0,662700429389.0,85.244,28.193,14.756,14.756,12504.012,1.169,203.098,3.278,82.834,18.352,83.31,0.838,0.003
Turkey,1997,TUR,62852968.0,722433616413.0,86.083,30.093,13.917,13.917,12891.698,1.122,215.512,3.429,90.689,22.32,83.012,0.884,0.003
Turkey,1998,TUR,63734385.0,754598720693.0,85.623,30.465,14.377,14.377,13033.552,1.101,215.586,3.383,94.199,23.216,78.611,0.887,0.003
Turkey,1999,TUR,64591916.0,725083487631.0,87.91,29.026,12.09,12.09,12523.523,1.116,211.238,3.27,84.441,28.197,79.991,0.85,0.004
Turkey,2000,TUR,65425957.0,785054993224.0,89.904,30.445,10.096,10.096,13198.735,1.1,232.934,3.56,98.746,31.52,83.478,0.913,0.004
Turkey,2001,TUR,66245125.0,732284634333.0,91.368,27.505,8.632,8.632,11841.918,1.071,216.872,3.274,84.738,34.08,79.198,0.844,0.004
Turkey,2002,TUR,67048792.0,796073298321.0,89.082,26.272,10.918,10.918,12814.346,1.079,224.32,3.346,87.46,36.118,81.248,0.854,0.004
Turkey,2003,TUR,67831735.0,848549642280.0,89.266,26.802,10.734,10.734,13406.965,1.072,239.849,3.536,92.222,44.58,82.782,0.867,0.004
Turkey,2004,TUR,68592621.0,931152861082.0,87.0,26.591,13.0,13.0,14197.467,1.046,247.843,3.613,93.6,45.741,86.729,0.866,0.004
Turkey,2005,TUR,69329557.0,1017383777200.0,89.193,26.05,10.807,10.807,14367.83,0.979,267.711,3.861,102.317,55.996,85.264,0.904,0.004
Turkey,2006,TUR,70045351.0,1096826103018.0,89.126,27.731,10.874,10.874,15776.228,1.007,285.429,4.075,111.846,63.272,84.056,0.933,0.004
Turkey,2007,TUR,70750593.0,1158406990670.0,91.674,29.346,8.326,8.326,16589.539,1.013,316.497,4.473,126.307,72.95,88.686,1.005,0.004
Turkey,2008,TUR,71562343.0,1179868355277.0,92.216,29.397,7.784,7.784,16442.74,0.997,312.628,4.369,123.11,72.056,87.255,0.975,0.005
Turkey,2009,TUR,72464846.0,1122756788420.0,91.528,30.283,8.472,8.472,16459.547,1.062,318.568,4.396,130.557,72.087,84.008,1.011,0.005
Turkey,2010,TUR,73346766.0,1240496805446.0,88.29,29.389,11.71,11.71,17085.506,1.01,318.71,4.345,129.887,72.076,81.342,0.957,0.005
Turkey,2011,TUR,74215203.0,1364782716000.0,88.608,29.675,11.392,11.392,18015.533,0.98,344.215,4.638,135.545,86.095,84.966,0.998,0.005
Turkey,2012,TUR,75197196.0,1430132002360.0,87.969,30.082,12.031,12.031,18897.527,0.994,358.645,4.769,141.931,87.321,90.715,1.026,0.005
Turkey,2013,TUR,76403032.0,1551491738617.0,86.967,26.191,13.033,13.033,18483.398,0.91,350.634,4.589,125.758,87.21,95.672,0.994,0.005
Turkey,2014,TUR,78036154.0,1628131977724.0,90.499,29.027,9.501,9.501,18636.939,0.893,367.272,4.706,130.662,93.898,100.357,1.036,0.005
Turkey,2015,TUR,80014222.0,1727192876718.0,86.327,25.603,13.673,13.673,19859.234,0.92,387.704,4.845,139.511,97.265,109.354,1.095,0.006
Turkey,2016,TUR,81652087.0,1784590365590.0,86.014,26.975,13.986,13.986,20443.309,0.935,405.552,4.967,152.353,91.833,116.646,1.146,0.006
Turkey,2017,TUR,83083667.0,1918472081554.0,87.368,25.811,12.632,12.632,21512.551,0.932,430.622,5.183,158.754,104.5,119.63,1.197,0.006
Turkey,2018,TUR,84415966.0,1975637604336.0,85.87,26.725,14.13,14.13,21179.322,0.905,423.818,5.021,163.517,95.751,116.761,1.154,0.006
Turkey,2019,TUR,85357670.0,1991116616493.0,81.616,26.569,18.384,18.384,21663.299,0.929,406.568,4.763,166.01,84.189,115.728,1.096,0.006
Turkey,2020,TUR,86091691.0,2029749392174.0,81.897,26.102,18.103,18.103,21161.5,0.898,416.328,4.836,159.424,92.305,115.652,1.184,0.007
Turkey,2021,TUR,86686254.0,2260196231771.0,84.304,24.842,15.696,15.696,22505.564,0.863,457.377,5.276,166.276,115.661,122.541,1.241,0.007
Turkey,2022,TUR,87058469.0,2385996374127.0,81.964,24.964,18.036,18.036,22617.557,0.825,443.603,5.095,166.445,100.05,128.859,1.182,0.007
Turkmenistan,1990,TKM,3760561.0,21201768000.0,99.995,2.658,0.005,0.005,42814.887,7.594,33.361,8.871,1.416,16.75,14.324,0.147,0.001
Turkmenistan,1991,TKM,3855902.0,20437989542.0,99.994,2.561,0.006,0.006,37923.375,7.155,30.439,7.894,1.207,16.413,12.003,0.131,0.001
Turkmenistan,1992,TKM,3944689.0,17569987922.0,99.992,1.163,0.008,0.008,34994.605,7.857,31.994,8.111,1.59,12.617,17.34,0.142,0.001
Turkmenistan,1993,TKM,4032415.0,18037537140.0,99.989,0.0,0.011,0.011,31568.975,7.057,27.516,6.824,0.359,17.922,8.789,0.121,0.001
Turkmenistan,1994,TKM,4116662.0,15091315379.0,99.992,0.043,0.008,0.008,32938.043,8.985,34.216,8.312,0.0,24.346,8.813,0.149,0.001
Turkmenistan,1995,TKM,4191207.0,14166397093.0,99.989,0.056,0.011,0.011,24878.238,7.36,34.569,8.248,0.0,25.645,8.111,0.147,0.001
Turkmenistan,1996,TKM,4263818.0,13366623522.0,99.991,0.339,0.009,0.009,37066.004,11.824,31.654,7.424,0.264,20.738,9.42,0.131,0.001
Turkmenistan,1997,TKM,4336732.0,11995995999.0,99.989,0.0,0.011,0.011,28395.035,10.265,31.196,7.193,0.0,21.166,9.209,0.128,0.001
Turkmenistan,1998,TKM,4410511.0,12945785203.0,99.988,0.0,0.012,0.012,31887.438,10.864,33.446,7.583,0.0,20.035,11.809,0.138,0.001
Turkmenistan,1999,TKM,4492174.0,15251899688.0,99.989,0.0,0.011,0.011,27443.494,8.083,39.797,8.859,0.0,24.518,12.906,0.16,0.001
Turkmenistan,2000,TKM,4582675.0,18299208667.0,99.993,0.0,0.007,0.007,28428.357,7.119,39.361,8.589,0.0,24.948,12.337,0.154,0.001
Turkmenistan,2001,TKM,4675416.0,22282743473.0,99.994,0.0,0.006,0.006,32493.838,6.818,34.034,7.279,0.0,20.372,11.611,0.132,0.001
Turkmenistan,2002,TKM,4769473.0,26092440396.0,99.993,0.0,0.007,0.007,27329.037,4.996,30.131,6.317,0.0,14.52,13.124,0.115,0.001
Turkmenistan,2003,TKM,4863871.0,30907677346.0,99.995,0.0,0.005,0.005,34533.0,5.434,40.568,8.341,0.0,22.552,14.836,0.147,0.001
Turkmenistan,2004,TKM,4958091.0,35857575608.0,99.995,0.0,0.005,0.005,37745.398,5.219,49.355,9.954,0.0,30.884,15.345,0.173,0.001
Turkmenistan,2005,TKM,5052260.0,41000508021.0,99.995,0.0,0.005,0.005,34686.0,4.274,47.929,9.487,0.0,29.821,15.359,0.162,0.001
Turkmenistan,2006,TKM,5147103.0,46019998793.0,99.995,0.0,0.005,0.005,34979.223,3.912,49.5,9.617,0.0,31.518,14.997,0.162,0.001
Turkmenistan,2007,TKM,5244047.0,51693703669.0,99.995,0.0,0.005,0.005,31647.539,3.21,49.183,9.379,0.0,30.718,15.679,0.156,0.001
Turkmenistan,2008,TKM,5345033.0,60001295021.0,99.995,0.0,0.005,0.005,28982.496,2.582,59.438,11.12,0.0,40.073,16.202,0.185,0.001
Turkmenistan,2009,TKM,5451597.0,64409212896.0,99.996,0.0,0.004,0.004,41572.953,3.519,52.462,9.623,0.0,34.497,15.253,0.166,0.001
Turkmenistan,2010,TKM,5564356.0,71115148352.0,99.997,0.0,0.003,0.003,44347.527,3.47,59.184,10.636,0.0,39.685,16.986,0.178,0.001
Turkmenistan,2011,TKM,5683413.0,82520290491.0,99.996,0.0,0.004,0.004,46974.797,3.235,65.155,11.464,0.0,43.327,17.752,0.189,0.001
Turkmenistan,2012,TKM,5808548.0,87581261691.0,99.997,0.0,0.003,0.003,54328.891,3.603,66.939,11.524,0.0,42.865,18.576,0.192,0.001
Turkmenistan,2013,TKM,5939348.0,87286119372.0,99.995,0.0,0.005,0.005,45064.047,3.066,64.34,10.833,0.0,40.0,19.093,0.182,0.001
Turkmenistan,2014,TKM,6075286.0,90639646545.0,99.994,0.0,0.006,0.006,46697.828,3.13,62.799,10.337,0.0,37.97,19.98,0.177,0.001
Turkmenistan,2015,TKM,6215773.0,93346148579.0,99.993,0.0,0.007,0.007,51843.594,3.452,63.092,10.15,0.0,39.487,18.881,0.178,0.001
Turkmenistan,2016,TKM,6360041.0,92434154525.0,99.993,0.0,0.007,0.007,54821.168,3.772,62.091,9.763,0.0,39.485,17.971,0.175,0.002
Turkmenistan,2017,TKM,6507065.0,96785037864.0,99.992,0.0,0.008,0.008,49726.68,3.343,62.957,9.675,0.0,39.487,18.965,0.175,0.002
Turkmenistan,2018,TKM,6655523.0,97638670425.0,99.993,0.0,0.007,0.007,54902.934,3.742,61.302,9.211,0.0,39.487,17.983,0.167,0.002
Turkmenistan,2019,TKM,6803943.0,94329707021.0,99.993,0.0,0.007,0.007,51540.266,3.718,62.254,9.15,0.0,41.143,17.668,0.168,0.002
Turkmenistan,2020,TKM,6949915.0,91559235694.0,99.994,0.0,0.006,0.006,63923.27,4.852,62.905,9.051,0.0,42.814,16.232,0.179,0.002
Turkmenistan,2021,TKM,7092042.0,95789282239.0,99.994,0.0,0.006,0.006,62717.742,4.643,91.694,12.929,0.0,72.269,16.462,0.249,0.002
Turkmenistan,2022,TKM,7230197.0,97502944727.0,99.995,0.0,0.005,0.005,65250.055,4.839,102.063,14.116,0.0,82.073,17.177,0.272,0.002
Ukraine,1990,UKR,52054096.0,495935180914.0,92.447,30.297,0.916,7.553,61372.645,6.442,706.526,13.573,263.168,216.489,205.658,3.108,0.013
Ukraine,1991,UKR,52170967.0,460353469353.0,91.927,28.695,1.089,8.073,57399.133,6.505,633.194,12.137,222.622,225.154,167.016,2.729,0.013
Ukraine,1992,UKR,52323675.0,421710473536.0,91.019,33.428,0.867,8.981,48363.441,6.001,589.505,11.267,245.344,197.352,129.091,2.618,0.014
Ukraine,1993,UKR,52350122.0,367893677382.0,89.164,33.986,1.386,10.836,42373.891,6.03,510.495,9.752,235.88,166.041,94.454,2.244,0.014
Ukraine,1994,UKR,52076000.0,288418666392.0,88.098,31.75,1.781,11.902,36405.477,6.573,419.63,8.058,185.817,144.444,77.552,1.826,0.014
Ukraine,1995,UKR,51665535.0,257477945796.0,87.876,32.169,1.5,12.124,35802.496,7.184,390.173,7.552,174.093,134.149,72.284,1.659,0.014
Ukraine,1996,UKR,51226111.0,235602711740.0,85.736,25.982,1.396,14.264,33656.121,7.318,351.834,6.868,146.215,137.963,60.753,1.452,0.014
Ukraine,1997,UKR,50786881.0,232333254592.0,85.026,26.288,1.653,14.974,32742.49,7.157,340.586,6.706,154.305,129.79,49.44,1.397,0.015
Ukraine,1998,UKR,50379728.0,231737294856.0,84.178,27.936,2.738,15.822,31851.186,6.924,328.878,6.528,123.079,155.991,42.523,1.354,0.015
Ukraine,1999,UKR,49976445.0,235148309693.0,84.751,28.047,2.529,15.249,31626.572,6.722,298.636,5.976,123.714,130.423,37.496,1.202,0.015
Ukraine,2000,UKR,49556654.0,253196030608.0,84.408,28.394,1.985,15.592,31992.809,6.262,285.663,5.764,122.878,124.314,31.578,1.12,0.015
Ukraine,2001,UKR,49106854.0,281110336028.0,84.343,28.041,2.138,15.657,31826.52,5.56,303.876,6.188,131.831,130.417,33.959,1.183,0.015
Ukraine,2002,UKR,48677280.0,301087057315.0,84.477,28.395,1.709,15.523,31908.885,5.159,295.901,6.079,136.228,116.284,35.329,1.127,0.015
Ukraine,2003,UKR,48315133.0,335257370240.0,84.418,28.467,1.593,15.582,32948.844,4.748,307.245,6.359,132.444,128.304,37.207,1.111,0.015
Ukraine,2004,UKR,47979502.0,381078098070.0,83.042,27.159,2.023,16.958,33053.113,4.162,310.626,6.474,135.323,128.409,36.424,1.086,0.016
Ukraine,2005,UKR,47585558.0,399366244154.0,82.984,27.144,2.086,17.016,33739.07,4.02,313.513,6.588,135.906,130.345,36.209,1.059,0.016
Ukraine,2006,UKR,47278691.0,436786761547.0,82.945,28.841,2.136,17.055,34358.633,3.719,333.054,7.044,154.04,126.73,40.458,1.089,0.016
Ukraine,2007,UKR,47062802.0,480580682697.0,82.988,30.791,1.736,17.012,34377.082,3.367,336.829,7.157,161.469,119.453,43.07,1.069,0.016
Ukraine,2008,UKR,46819168.0,499592169886.0,82.74,31.264,2.014,17.26,33363.531,3.127,325.983,6.963,154.64,114.802,43.841,1.017,0.016
Ukraine,2009,UKR,46623731.0,431074416655.0,81.153,31.509,2.408,18.847,28538.205,3.087,277.593,5.954,136.611,89.978,42.642,0.881,0.016
Ukraine,2010,UKR,46455997.0,439429783004.0,81.179,31.342,2.464,18.821,30715.402,3.247,294.366,6.336,145.421,100.442,39.788,0.884,0.016
Ukraine,2011,UKR,46307854.0,471221167316.0,82.09,32.875,1.981,17.91,31846.529,3.13,308.376,6.659,153.853,104.231,39.729,0.894,0.017
Ukraine,2012,UKR,46210051.0,472276721174.0,81.805,34.59,2.021,18.195,31226.742,3.055,304.43,6.588,158.981,97.275,38.431,0.871,0.017
Ukraine,2013,UKR,46126760.0,472286166147.0,81.5,35.368,2.878,18.5,29691.408,2.9,297.54,6.45,160.185,90.538,37.337,0.843,0.017
Ukraine,2014,UKR,45972379.0,441233307180.0,79.088,34.426,2.199,20.912,26284.715,2.739,257.703,5.606,138.373,75.249,35.33,0.727,0.017
Ukraine,2015,UKR,45784904.0,398045419167.0,75.914,31.875,1.85,24.086,21915.693,2.521,223.85,4.889,119.393,65.549,30.481,0.632,0.017
Ukraine,2016,UKR,45616831.0,407666198456.0,78.239,36.151,2.277,21.761,23017.719,2.576,234.106,5.132,126.828,64.212,34.119,0.661,0.017
Ukraine,2017,UKR,45436037.0,417287091525.0,75.052,30.914,2.87,24.948,21466.02,2.337,223.288,4.914,112.586,66.828,35.336,0.621,0.017
Ukraine,2018,UKR,45208903.0,431842093109.0,75.841,32.445,3.282,24.159,22384.719,2.343,231.9,5.13,120.544,67.185,35.209,0.631,0.017
Ukraine,2019,UKR,44957451.0,445656664440.0,75.183,31.879,3.22,24.817,21301.547,2.149,222.188,4.942,114.046,60.633,38.477,0.599,0.018
Ukraine,2020,UKR,44680008.0,428931213784.0,74.661,29.136,4.707,25.339,20556.209,2.141,207.101,4.635,102.155,60.882,34.911,0.589,0.018
Ukraine,2021,UKR,44298642.0,443313281092.0,71.218,28.557,5.89,28.782,21105.271,2.109,210.636,4.755,103.68,60.415,37.067,0.571,0.018
Ukraine,2022,UKR,41048768.0,309166674673.0,67.587,20.31,7.503,32.413,15074.283,2.001,143.04,3.485,61.251,44.152,31.397,0.381,0.018
United Arab Emirates,1990,ARE,1898220.0,40641367500.0,100.0,0.0,0.0,0.0,181724.297,8.488,51.908,27.346,0.0,30.701,17.624,0.228,0.0
United Arab Emirates,1993,ARE,2222098.0,55149661292.0,100.0,0.0,0.0,0.0,190572.297,7.679,65.832,29.626,0.0,35.597,27.489,0.289,0.0
United Arab Emirates,1994,ARE,2328191.0,64654417907.0,100.0,0.0,0.0,0.0,199585.922,7.187,75.35,32.364,0.0,41.266,28.563,0.328,0.0
United Arab Emirates,1995,ARE,2434667.0,75243844061.0,100.0,0.0,0.0,0.0,199152.906,6.444,72.874,29.932,0.0,44.875,22.066,0.31,0.001
United Arab Emirates,1996,ARE,2597570.0,87750952594.0,100.0,0.0,0.0,0.0,192367.453,5.694,75.836,29.195,0.0,54.238,15.392,0.313,0.001
United Arab Emirates,1997,ARE,2817410.0,104923199568.0,100.0,0.0,0.0,0.0,185083.609,4.97,73.298,26.016,0.0,53.157,14.942,0.301,0.001
United Arab Emirates,1998,ARE,3040432.0,115962052318.0,100.0,0.0,0.0,0.0,175670.047,4.606,80.625,26.517,0.0,55.905,19.119,0.332,0.001
United Arab Emirates,1999,ARE,3266011.0,131410914902.0,100.0,0.0,0.0,0.0,164839.906,4.097,77.844,23.835,0.0,56.982,15.309,0.313,0.001
United Arab Emirates,2000,ARE,3493583.0,160530689682.0,100.0,0.0,0.0,0.0,153361.734,3.338,112.277,32.138,0.0,60.331,46.617,0.44,0.001
United Arab Emirates,2001,ARE,3723596.0,177271829556.0,100.0,0.04,0.0,0.0,145441.672,3.055,101.896,27.365,0.07,61.929,34.955,0.397,0.001
United Arab Emirates,2002,ARE,3956829.0,195394872658.0,100.0,0.185,0.0,0.0,149537.203,3.028,85.213,21.536,0.359,69.525,10.31,0.324,0.001
United Arab Emirates,2003,ARE,4192465.0,224547226340.0,100.0,0.204,0.0,0.0,150545.172,2.811,107.106,25.547,0.421,72.211,28.904,0.387,0.001
United Arab Emirates,2004,ARE,4428964.0,252047957126.0,100.0,0.217,0.0,0.0,152420.609,2.678,112.469,25.394,0.476,77.073,29.278,0.393,0.001
United Arab Emirates,2005,ARE,4664797.0,262413275144.0,100.0,0.24,0.0,0.0,151045.812,2.685,115.273,24.711,0.55,78.226,30.43,0.389,0.001
United Arab Emirates,2006,ARE,5009106.0,307378573765.0,100.0,0.442,0.0,0.0,147989.078,2.412,122.723,24.5,1.066,82.561,31.694,0.401,0.001
United Arab Emirates,2007,ARE,5624640.0,367816178792.0,100.0,0.193,0.0,0.0,145495.719,2.225,134.103,23.842,0.513,91.296,33.797,0.426,0.001
United Arab Emirates,2008,ARE,6302669.0,464692468324.0,100.0,0.425,0.0,0.0,148889.391,2.019,155.03,24.598,1.374,107.807,35.07,0.484,0.001
United Arab Emirates,2009,ARE,6707063.0,480551549339.0,99.998,0.344,0.002,0.002,138000.094,1.926,169.088,25.21,1.041,113.47,45.082,0.537,0.001
United Arab Emirates,2010,ARE,6938372.0,490048925162.0,99.995,0.787,0.005,0.005,140161.359,1.984,185.848,26.786,2.477,116.869,57.387,0.558,0.001
United Arab Emirates,2011,ARE,7199436.0,551070287560.0,99.995,0.507,0.005,0.005,141807.125,1.853,198.518,27.574,1.678,130.169,58.348,0.576,0.001
United Arab Emirates,2012,ARE,7497122.0,577394943300.0,99.994,1.497,0.006,0.006,143268.297,1.86,208.324,27.787,5.251,132.61,62.535,0.596,0.001
United Arab Emirates,2013,ARE,7831851.0,606587973942.0,99.98,1.818,0.02,0.02,144520.031,1.866,214.188,27.348,6.72,136.408,62.408,0.607,0.002
United Arab Emirates,2014,ARE,8236880.0,631858461256.0,99.93,2.021,0.07,0.07,137818.312,1.797,214.53,26.045,7.485,133.339,60.256,0.605,0.002
United Arab Emirates,2015,ARE,8674633.0,674742705535.0,99.938,1.631,0.062,0.062,140994.875,1.813,225.045,25.943,6.507,134.155,74.301,0.636,0.002
United Arab Emirates,2016,ARE,9030873.0,712265114847.0,99.937,1.686,0.063,0.063,140575.797,1.782,227.898,25.235,6.976,134.914,77.715,0.644,0.002
United Arab Emirates,2017,ARE,9234330.0,717500233045.0,99.846,2.043,0.154,0.154,131237.281,1.689,196.493,21.279,8.068,119.959,59.602,0.546,0.002
United Arab Emirates,2018,ARE,9346870.0,726928170282.0,99.737,1.972,0.263,0.263,121187.641,1.558,204.105,21.837,7.277,117.576,70.029,0.556,0.002
United Arab Emirates,2019,ARE,9377855.0,734982504070.0,99.256,1.699,0.744,0.744,129769.297,1.656,204.058,21.76,6.734,130.964,58.165,0.55,0.002
United Arab Emirates,2020,ARE,9448529.0,698549476819.0,98.579,2.09,1.082,1.421,125363.312,1.696,215.266,22.783,8.086,132.351,67.015,0.612,0.002
United Arab Emirates,2021,ARE,9789055.0,725904671328.0,96.66,2.433,1.243,3.34,126734.023,1.709,212.173,21.675,10.054,124.621,69.805,0.576,0.002
United Arab Emirates,2022,ARE,10242085.0,779701520404.0,94.932,2.065,1.411,5.068,132096.891,1.735,207.103,20.221,3.94,134.488,60.793,0.552,0.002
United Kingdom,1990,GBR,57367867.0,1505692258761.0,92.062,30.17,0.643,7.938,43724.711,1.666,601.945,10.493,252.69,113.518,217.8,2.648,0.028
United Kingdom,1991,GBR,57555199.0,1488075367051.0,91.756,29.599,0.578,8.244,44500.176,1.721,609.413,10.588,253.623,121.693,218.39,2.626,0.028
United Kingdom,1992,GBR,57719273.0,1491752084171.0,90.896,28.01,0.704,9.104,44098.398,1.706,593.846,10.289,237.747,122.296,218.447,2.637,0.029
United Kingdom,1993,GBR,57861037.0,1527509015289.0,89.702,24.119,0.635,10.298,44498.426,1.686,579.613,10.017,207.686,137.591,219.163,2.548,0.029
United Kingdom,1994,GBR,58003200.0,1585373248060.0,89.551,22.795,0.785,10.449,43856.598,1.605,574.017,9.896,195.376,145.455,215.736,2.498,0.029
United Kingdom,1995,GBR,58154632.0,1623858039641.0,89.543,21.676,0.752,10.457,43892.383,1.572,566.159,9.735,181.699,154.254,211.595,2.407,0.029
United Kingdom,1996,GBR,58298563.0,1663446715470.0,89.535,19.326,0.615,10.465,45906.703,1.609,586.761,10.065,173.072,177.543,216.892,2.421,0.03
United Kingdom,1997,GBR,58447091.0,1713864597603.0,88.819,17.543,0.788,11.181,44997.941,1.535,562.708,9.628,154.729,182.887,207.743,2.308,0.03
United Kingdom,1998,GBR,58626822.0,1766619867063.0,88.606,16.967,0.943,11.394,45228.754,1.501,568.544,9.698,154.088,191.361,204.934,2.34,0.03
United Kingdom,1999,GBR,58838663.0,1823341961805.0,88.901,15.155,1.06,11.099,44855.188,1.447,561.65,9.546,138.313,205.231,201.663,2.261,0.03
United Kingdom,2000,GBR,59057333.0,1889565292321.0,90.022,16.072,1.087,9.978,45110.676,1.41,569.034,9.635,144.443,210.131,198.238,2.23,0.031
United Kingdom,2001,GBR,59288095.0,1939268312671.0,89.689,16.851,1.043,10.311,45402.137,1.388,577.971,9.749,153.534,210.16,198.651,2.25,0.031
United Kingdom,2002,GBR,59540764.0,1983994308619.0,89.591,15.827,1.237,10.409,44185.527,1.326,560.273,9.41,141.691,207.03,196.13,2.133,0.031
United Kingdom,2003,GBR,59820385.0,2050625402735.0,89.729,16.645,1.194,10.271,44612.457,1.301,571.619,9.556,153.103,208.462,194.397,2.067,0.031
United Kingdom,2004,GBR,60169964.0,2099526641365.0,90.375,16.111,1.549,9.625,44717.523,1.282,573.43,9.53,147.662,211.734,197.952,2.004,0.032
United Kingdom,2005,GBR,60596107.0,2161729510824.0,90.031,16.278,1.86,9.969,44766.613,1.255,570.338,9.412,148.033,205.438,200.448,1.927,0.032
United Kingdom,2006,GBR,61051093.0,2212618867772.0,90.403,18.002,2.047,9.597,43870.426,1.21,567.846,9.301,160.844,194.126,197.183,1.856,0.032
United Kingdom,2007,GBR,61535859.0,2267631534502.0,91.212,17.429,2.337,8.788,42319.914,1.148,559.566,9.093,150.844,196.52,196.16,1.776,0.033
United Kingdom,2008,GBR,62027303.0,2252034759561.0,91.766,16.464,2.81,8.234,41253.062,1.136,544.932,8.785,139.219,202.655,188.8,1.7,0.033
United Kingdom,2009,GBR,62506222.0,2151479208521.0,89.504,14.351,2.989,10.496,38761.125,1.126,494.108,7.905,113.823,188.07,180.264,1.568,0.033
United Kingdom,2010,GBR,63006482.0,2190919919855.0,90.401,14.375,3.043,9.599,39283.996,1.13,511.905,8.125,118.03,201.927,179.848,1.536,0.033
United Kingdom,2011,GBR,63509285.0,2223011392593.0,88.041,15.394,4.268,11.959,36722.008,1.049,469.713,7.396,117.15,168.236,172.06,1.362,0.033
United Kingdom,2012,GBR,63960488.0,2255210551431.0,87.462,19.072,4.869,12.538,37134.582,1.053,487.477,7.622,148.005,158.24,170.288,1.395,0.034
United Kingdom,2013,GBR,64389386.0,2296252599482.0,85.748,18.295,6.655,14.252,37094.207,1.04,477.611,7.418,142.457,157.622,165.756,1.354,0.034
United Kingdom,2014,GBR,64865914.0,2369725553442.0,84.265,15.652,8.506,15.735,34774.93,0.952,438.807,6.765,115.434,144.492,166.511,1.237,0.034
United Kingdom,2015,GBR,65382107.0,2426435869267.0,81.576,12.243,10.562,18.424,34863.777,0.939,422.461,6.461,91.548,147.899,170.773,1.193,0.034
United Kingdom,2016,GBR,65893359.0,2478973016876.0,81.267,6.324,10.659,18.733,34099.367,0.906,399.43,6.062,47.825,165.742,173.93,1.129,0.034
United Kingdom,2017,GBR,66354473.0,2539548543933.0,79.69,5.112,12.44,20.31,33924.512,0.886,387.367,5.838,39.129,161.697,174.851,1.077,0.035
United Kingdom,2018,GBR,66752473.0,2582848171416.0,78.758,4.326,13.98,21.242,33653.051,0.87,379.73,5.689,33.28,161.485,173.087,1.034,0.035
United Kingdom,2019,GBR,67110958.0,2624285076706.0,77.919,3.17,15.684,22.081,32676.998,0.836,364.753,5.435,24.513,159.321,168.996,0.984,0.035
United Kingdom,2020,GBR,67351860.0,2334804059780.0,74.612,3.2,19.068,25.388,29440.059,0.849,326.263,4.844,22.809,149.42,143.981,0.928,0.035
United Kingdom,2021,GBR,67668788.0,2512190098029.0,76.764,3.257,17.482,23.236,29422.24,0.793,342.366,5.059,23.758,158.503,149.626,0.929,0.035
United Kingdom,2022,GBR,68179315.0,2615230634906.0,75.077,2.977,19.072,24.923,29480.258,0.769,311.118,4.563,19.979,135.047,146.334,0.829,0.035
United States,1990,USA,253373387.0,9250377579093.0,87.995,23.701,4.516,12.005,89232.719,2.444,5131.761,20.254,1781.824,1004.975,2139.346,22.575,0.161
United States,1991,USA,256471424.0,9224688313722.0,87.517,23.51,4.519,12.483,88039.898,2.448,5076.413,19.793,1764.221,1023.332,2082.099,21.876,0.163
United States,1992,USA,259606021.0,9552658514601.0,87.992,23.32,4.083,12.008,88261.094,2.399,5178.77,19.949,1780.599,1058.593,2130.489,22.996,0.166
United States,1993,USA,262633229.0,9814940456277.0,87.967,23.692,4.377,12.033,89083.875,2.384,5279.52,20.102,1847.292,1090.166,2144.156,23.207,0.168
United States,1994,USA,265474811.0,10211204686187.0,88.035,23.351,4.076,11.965,89741.586,2.333,5361.863,20.197,1855.938,1114.334,2181.844,23.338,0.171
United States,1995,USA,268205796.0,10488856843750.0,87.328,23.069,4.551,12.672,90763.953,2.321,5425.837,20.23,1875.787,1163.186,2174.303,23.072,0.173
United States,1996,USA,270860695.0,10886952373500.0,87.336,23.332,4.791,12.664,92908.914,2.312,5601.094,20.679,1951.815,1181.318,2257.023,23.113,0.176
United States,1997,USA,273468014.0,11375561318703.0,87.836,23.646,4.884,12.164,92713.203,2.229,5673.144,20.745,1992.723,1186.717,2273.815,23.269,0.178
United States,1998,USA,276119323.0,11881792533609.0,87.76,23.725,4.489,12.24,92399.773,2.147,5736.36,20.775,2018.609,1165.559,2320.08,23.611,0.181
United States,1999,USA,278785482.0,12438444530000.0,87.384,23.277,4.383,12.616,93136.398,2.087,5800.281,20.806,2013.12,1168.759,2374.201,23.353,0.184
United States,2000,USA,281484126.0,12947417795437.0,87.81,23.768,3.856,12.19,94308.109,2.05,6023.158,21.398,2122.34,1227.529,2440.405,23.61,0.186
United States,2001,USA,284279634.0,13073810008320.0,88.059,23.616,3.287,11.941,91172.055,1.982,5903.562,20.767,2054.729,1173.162,2448.622,22.977,0.189
United States,2002,USA,287084335.0,13307343638671.0,87.563,23.277,3.851,12.437,91601.203,1.976,5947.819,20.718,2060.072,1212.087,2443.823,22.645,0.192
United States,2003,USA,289908091.0,13680911930765.0,87.655,23.64,4.012,12.345,91004.992,1.928,6006.44,20.718,2100.323,1176.551,2505.134,21.721,0.195
United States,2004,USA,292786248.0,14198910513593.0,87.665,23.333,3.944,12.335,91872.883,1.894,6111.545,20.874,2115.293,1177.528,2571.107,21.362,0.198
United States,2005,USA,295716666.0,14673826218839.0,87.693,23.669,4.055,12.307,91007.938,1.834,6126.903,20.719,2139.954,1160.661,2584.13,20.7,0.2
United States,2006,USA,298730208.0,15065164240312.0,87.169,23.494,4.502,12.831,89378.18,1.772,6045.326,20.237,2103.871,1146.714,2550.54,19.76,0.203
United States,2007,USA,301844223.0,15333183877566.0,87.409,23.479,4.222,12.591,89671.125,1.765,6121.542,20.28,2130.169,1221.593,2538.968,19.434,0.206
United States,2008,USA,304970325.0,15288552732632.0,86.656,23.693,4.833,13.344,86589.57,1.727,5919.221,19.409,2096.888,1229.733,2370.623,18.469,0.209
United States,2009,USA,308023452.0,14864003344421.0,85.574,21.922,5.601,14.426,81521.477,1.689,5486.104,17.811,1842.392,1211.966,2243.79,17.409,0.211
United States,2010,USA,311062785.0,15239586726210.0,85.799,22.443,5.642,14.201,83435.078,1.703,5669.25,18.225,1946.51,1266.778,2258.293,17.016,0.214
United States,2011,USA,314105075.0,15477885525000.0,84.934,21.37,6.653,15.066,81912.359,1.662,5538.973,17.634,1840.243,1287.589,2212.686,16.064,0.216
United States,2012,USA,317115349.0,15830886903539.0,84.978,19.402,6.652,15.022,78985.039,1.582,5331.467,16.812,1625.427,1344.719,2152.244,15.252,0.219
United States,2013,USA,320110752.0,16122472460312.0,84.818,19.611,6.888,15.182,80374.148,1.596,5473.436,17.099,1684.672,1381.183,2178.417,15.516,0.221
United States,2014,USA,323115377.0,16491319003554.0,84.734,19.364,7.015,15.266,80453.969,1.576,5531.385,17.119,1682.162,1411.355,2210.569,15.596,0.224
United States,2015,USA,326126496.0,16937633974582.0,84.492,16.89,7.219,15.508,78949.203,1.52,5368.497,16.461,1446.99,1444.047,2235.988,15.164,0.226
United States,2016,USA,329179423.0,17220065720000.0,83.681,15.475,7.993,16.319,78155.102,1.494,5245.362,15.935,1319.993,1451.146,2252.27,14.82,0.228
United States,2017,USA,332204657.0,17606124654726.0,82.997,15.002,8.755,17.003,77729.664,1.467,5195.417,15.639,1277.049,1424.996,2259.157,14.442,0.231
United States,2018,USA,335056492.0,18124692769570.0,83.423,13.856,8.64,16.577,79893.953,1.477,5361.236,16.001,1224.38,1577.716,2305.441,14.595,0.233
United States,2019,USA,337790069.0,18540552700117.0,83.053,11.922,8.967,16.947,78683.469,1.434,5235.912,15.5,1043.896,1632.056,2299.82,14.118,0.236
United States,2020,USA,339436156.0,18027359681343.0,81.489,10.444,10.123,18.511,72562.672,1.366,4689.954,13.817,853.925,1612.504,1991.579,13.34,0.238
United States,2021,USA,340161438.0,19099378164000.0,82.05,11.383,10.116,17.95,76307.383,1.359,5020.111,14.758,979.504,1617.424,2182.605,13.617,0.24
United States,2022,USA,341534041.0,19493170182843.0,81.552,10.448,10.875,18.448,77627.719,1.36,5055.403,14.802,916.343,1707.391,2198.937,13.471,0.242
Uzbekistan,1990,UZB,20464963.0,139398700000.0,96.438,4.093,3.562,3.562,25393.666,3.728,103.123,5.039,7.023,62.939,29.161,0.454,0.002
Uzbekistan,1991,UZB,20962908.0,136577628581.0,96.722,3.8,3.278,3.278,24432.426,3.75,102.324,4.881,6.258,63.422,28.771,0.441,0.002
Uzbekistan,1992,UZB,21485095.0,119510821474.0,96.398,3.154,3.602,3.602,22600.035,4.063,110.991,5.166,9.692,76.848,21.955,0.493,0.002
Uzbekistan,1993,UZB,21987960.0,114918068077.0,95.951,2.462,4.049,4.049,23018.412,4.404,115.619,5.258,7.387,81.55,24.311,0.508,0.002
Uzbekistan,1994,UZB,22463295.0,107242116434.0,96.019,2.514,3.981,3.981,22285.578,4.668,109.787,4.887,7.478,78.153,20.247,0.478,0.002
Uzbekistan,1995,UZB,22917588.0,104615642206.0,96.602,2.051,3.398,3.398,22120.496,4.846,104.804,4.573,4.21,78.285,18.624,0.446,0.002
Uzbekistan,1996,UZB,23351981.0,104748209480.0,96.521,1.86,3.479,3.479,22359.395,4.985,108.189,4.633,4.723,81.257,18.137,0.446,0.002
Uzbekistan,1997,UZB,23758961.0,108486849294.0,96.896,1.863,3.104,3.104,21802.441,4.775,109.029,4.589,3.884,82.506,18.738,0.447,0.002
Uzbekistan,1998,UZB,24134930.0,111389403957.0,96.907,1.867,3.093,3.093,21469.545,4.652,120.976,5.012,4.056,94.358,18.493,0.498,0.002
Uzbekistan,1999,UZB,24476013.0,114383428782.0,97.275,1.664,2.725,2.725,23744.443,5.081,123.588,5.049,4.027,96.935,19.28,0.498,0.002
Uzbekistan,2000,UZB,24787052.0,116875841754.0,97.25,1.853,2.75,2.75,23996.973,5.089,123.478,4.982,4.917,95.364,19.232,0.484,0.002
Uzbekistan,2001,UZB,25090289.0,119890046302.0,97.207,1.55,2.793,2.793,23760.346,4.973,126.223,5.031,5.049,96.84,19.016,0.491,0.002
Uzbekistan,2002,UZB,25399987.0,122757832356.0,97.222,1.61,2.778,2.778,24061.184,4.979,132.577,5.22,5.042,102.056,18.727,0.505,0.002
Uzbekistan,2003,UZB,25711261.0,125924032405.0,96.468,1.388,3.532,3.532,21514.145,4.393,130.296,5.068,3.877,100.298,19.969,0.471,0.002
Uzbekistan,2004,UZB,26029350.0,133132057133.0,96.828,1.867,3.172,3.172,21354.619,4.175,129.099,4.96,4.584,99.793,18.609,0.451,0.002
Uzbekistan,2005,UZB,26356977.0,140239285325.0,96.702,1.754,3.298,3.298,21309.803,4.005,121.602,4.614,4.426,95.455,14.429,0.411,0.003
Uzbekistan,2006,UZB,26699046.0,148405074458.0,97.014,2.042,2.986,2.986,19655.74,3.536,124.899,4.678,4.752,97.928,14.483,0.408,0.003
Uzbekistan,2007,UZB,27076013.0,159993748436.0,96.914,1.655,3.086,3.086,20591.121,3.485,123.823,4.573,5.034,98.528,13.784,0.393,0.003
Uzbekistan,2008,UZB,27494780.0,171692630381.0,97.785,2.226,2.215,2.215,19033.287,3.048,128.387,4.669,4.924,102.57,13.08,0.401,0.003
Uzbekistan,2009,UZB,27939333.0,182715813772.0,96.747,2.117,3.253,3.253,18761.748,2.869,109.23,3.91,5.305,86.13,11.648,0.347,0.003
Uzbekistan,2010,UZB,28385509.0,195160171269.0,95.931,1.761,4.069,4.069,18518.672,2.693,107.668,3.793,5.151,85.196,10.885,0.323,0.003
Uzbekistan,2011,UZB,28823194.0,208063390835.0,97.3,1.8,2.7,2.7,19080.512,2.643,116.755,4.051,5.415,95.132,9.94,0.339,0.003
Uzbekistan,2012,UZB,29261908.0,222840047403.0,96.98,2.465,3.02,3.02,18572.168,2.439,118.86,4.062,5.471,98.246,8.915,0.34,0.003
Uzbekistan,2013,UZB,29724065.0,239100684823.0,97.055,3.667,2.945,2.945,18355.062,2.282,112.395,3.781,8.017,88.317,10.281,0.319,0.003
Uzbekistan,2014,UZB,30222994.0,255536474727.0,97.215,3.252,2.785,2.785,18733.039,2.216,107.496,3.557,7.434,84.419,10.091,0.303,0.003
Uzbekistan,2015,UZB,30749349.0,273983640646.0,97.173,2.742,2.827,2.827,17566.381,1.971,103.374,3.362,5.995,81.948,10.234,0.292,0.003
Uzbekistan,2016,UZB,31284565.0,290236358613.0,96.681,3.361,3.319,3.319,16645.014,1.794,109.837,3.511,7.097,86.994,10.721,0.31,0.003
Uzbekistan,2017,UZB,31819172.0,302992216928.0,96.302,3.074,3.698,3.698,16899.996,1.775,108.883,3.422,6.694,85.863,11.116,0.303,0.003
Uzbekistan,2018,UZB,32373489.0,320808179800.0,97.27,4.391,2.73,2.73,16649.682,1.68,102.33,3.161,9.666,75.676,11.688,0.279,0.003
Uzbekistan,2019,UZB,32964700.0,339998944961.0,97.04,3.856,2.96,2.96,16483.426,1.598,107.947,3.275,8.292,83.151,11.322,0.291,0.003
Uzbekistan,2020,UZB,33586373.0,346785285756.0,97.707,5.317,2.293,2.293,16072.522,1.557,108.139,3.22,11.52,79.244,12.491,0.308,0.003
Uzbekistan,2021,UZB,34243696.0,372457828275.0,97.833,4.488,2.167,2.167,16818.205,1.546,123.162,3.597,10.241,96.429,11.128,0.334,0.003
Uzbekistan,2022,UZB,34938953.0,393572464308.0,97.613,5.016,2.387,2.387,16958.777,1.505,119.105,3.409,11.901,91.468,11.509,0.317,0.003
Venezuela,1990,VEN,19827005.0,256078525417.0,82.79,0.902,17.21,17.21,30441.045,2.357,120.864,6.096,1.216,42.345,67.293,0.532,0.004
Venezuela,1991,VEN,20304898.0,282132286314.0,79.367,0.0,20.633,20.633,29925.848,2.154,114.221,5.625,1.14,43.078,59.481,0.492,0.004
Venezuela,1992,VEN,20780946.0,301055402293.0,79.772,0.007,20.228,20.228,31645.076,2.184,104.739,5.04,1.231,19.339,72.822,0.465,0.004
Venezuela,1993,VEN,21254525.0,303263920492.0,79.462,0.052,20.538,20.538,30612.648,2.146,123.052,5.789,1.004,39.836,68.226,0.541,0.004
Venezuela,1994,VEN,21725186.0,297728620446.0,79.566,0.093,20.434,20.434,32511.959,2.372,119.06,5.48,0.762,50.041,62.638,0.518,0.004
Venezuela,1995,VEN,22193822.0,310657285215.0,80.1,0.008,19.9,19.9,32774.762,2.341,124.83,5.625,0.018,57.166,59.961,0.531,0.004
Venezuela,1996,VEN,22662117.0,311633007305.0,78.608,0.027,21.392,21.392,31279.631,2.275,118.347,5.222,0.059,64.12,46.683,0.488,0.004
Venezuela,1997,VEN,23131691.0,332907949755.0,78.477,0.054,21.523,21.523,32395.189,2.251,129.755,5.609,0.125,65.668,55.5,0.532,0.004
Venezuela,1998,VEN,23601341.0,335631906948.0,78.298,0.056,21.702,21.702,31852.307,2.24,134.993,5.72,3.518,54.668,67.595,0.556,0.004
Venezuela,1999,VEN,24066595.0,316971287567.0,76.653,0.059,23.347,23.347,30409.537,2.309,143.126,5.947,0.132,47.93,85.982,0.576,0.004
Venezuela,2000,VEN,24526707.0,330236189305.0,77.038,0.202,22.962,22.962,31476.391,2.338,142.902,5.826,0.48,50.006,82.572,0.56,0.005
Venezuela,2001,VEN,24979934.0,343312598582.0,79.295,0.071,20.705,20.705,32706.316,2.38,130.618,5.229,0.176,46.712,74.812,0.508,0.005
Venezuela,2002,VEN,25435674.0,314003719638.0,79.743,0.026,20.257,20.257,32074.699,2.598,164.233,6.457,0.066,55.711,101.493,0.625,0.005
Venezuela,2003,VEN,25892710.0,291333920302.0,77.2,0.069,22.8,22.8,28348.32,2.519,154.364,5.962,0.158,51.824,95.187,0.558,0.005
Venezuela,2004,VEN,26340843.0,346317458927.0,76.407,0.0,23.593,23.593,31015.098,2.359,142.842,5.423,0.0,51.102,85.349,0.499,0.005
Venezuela,2005,VEN,26785797.0,383570387195.0,75.202,0.052,24.798,24.798,31702.852,2.214,148.408,5.541,0.139,44.323,97.272,0.501,0.005
Venezuela,2006,VEN,27224691.0,423878563812.0,76.339,0.313,23.661,23.661,34305.898,2.203,155.841,5.724,0.649,45.73,100.646,0.509,0.005
Venezuela,2007,VEN,27649369.0,462276737389.0,77.037,0.168,22.963,22.963,35286.969,2.111,154.167,5.576,0.403,46.734,99.28,0.489,0.005
Venezuela,2008,VEN,28053694.0,488287068325.0,76.783,0.166,23.217,23.217,35657.379,2.049,155.758,5.552,0.513,45.027,101.592,0.486,0.005
Venezuela,2009,VEN,28438296.0,474358611901.0,77.388,0.277,22.612,22.612,35542.992,2.131,152.176,5.351,0.861,43.727,98.875,0.483,0.005
Venezuela,2010,VEN,28813101.0,477591738082.0,78.849,0.246,21.151,21.151,33214.375,2.004,189.582,6.58,0.755,47.684,132.738,0.569,0.005
Venezuela,2011,VEN,29185220.0,502688619769.0,78.369,0.24,21.631,21.631,34603.77,2.009,168.713,5.781,0.777,47.877,106.388,0.489,0.005
Venezuela,2012,VEN,29553829.0,530969916373.0,79.772,0.236,20.228,20.228,35695.152,1.987,175.845,5.95,0.799,49.742,106.56,0.503,0.006
Venezuela,2013,VEN,29912195.0,538100828642.0,79.608,0.239,20.392,20.392,34668.449,1.927,198.452,6.634,0.795,48.511,128.255,0.563,0.006
Venezuela,2014,VEN,30254080.0,517147151484.0,79.499,0.229,20.501,20.501,33490.961,1.959,175.992,5.817,0.747,46.647,106.716,0.496,0.006
Venezuela,2015,VEN,30573968.0,484975458402.0,80.194,0.224,19.806,19.806,31703.463,1.999,166.328,5.44,0.7,46.434,98.382,0.47,0.006
Venezuela,2016,VEN,30765719.0,402335647692.0,81.985,0.203,18.015,18.015,28931.045,2.212,152.733,4.964,0.583,48.757,83.664,0.432,0.006
Venezuela,2017,VEN,30565331.0,339285602968.0,79.645,0.174,20.355,20.355,28560.934,2.573,139.093,4.551,0.491,47.826,75.467,0.387,0.006
Venezuela,2018,VEN,29807591.0,272599019803.0,77.35,0.168,22.65,22.65,24419.027,2.67,111.24,3.732,0.392,41.705,52.749,0.303,0.006
Venezuela,2019,VEN,28938096.0,197170883456.0,75.95,0.135,24.05,24.05,22702.531,3.332,105.43,3.643,0.286,34.475,52.135,0.284,0.006
Venezuela,2020,VEN,28444080.0,138029481377.0,67.919,0.118,32.081,32.081,18557.822,3.824,80.901,2.844,0.198,25.714,38.285,0.23,0.006
Venezuela,2021,VEN,28237830.0,138656126606.0,71.843,0.093,28.157,28.157,21392.791,4.357,94.902,3.361,0.202,37.941,40.37,0.257,0.006
Venezuela,2022,VEN,28213015.0,149682062815.0,73.516,0.295,26.484,26.484,22898.904,4.316,108.424,3.843,0.217,39.241,51.739,0.289,0.006
Vietnam,1990,VNM,65504551.0,109939936906.0,80.419,33.944,19.581,19.581,1177.445,0.702,21.299,0.325,11.058,0.007,9.116,0.094,0.003
Vietnam,1991,VNM,66891778.0,115933551072.0,77.324,32.268,22.676,22.676,1173.749,0.677,21.376,0.32,11.998,0.004,8.04,0.092,0.003
Vietnam,1992,VNM,68260336.0,125543633553.0,76.239,29.633,23.761,23.761,1256.847,0.683,21.466,0.314,10.981,0.0,8.717,0.095,0.003
Vietnam,1993,VNM,69586394.0,135210628764.0,77.083,25.104,22.917,22.917,1407.925,0.725,22.853,0.328,8.896,0.0,12.11,0.1,0.003
Vietnam,1994,VNM,70854393.0,146640889667.0,76.18,24.827,23.82,23.82,1544.651,0.746,27.362,0.386,10.911,0.0,13.201,0.119,0.003
Vietnam,1995,VNM,72049945.0,160152275679.0,76.533,28.752,23.467,23.467,1764.786,0.794,30.088,0.418,12.551,0.425,13.185,0.128,0.003
Vietnam,1996,VNM,73156456.0,174450838100.0,76.775,28.01,23.225,23.225,1992.616,0.836,35.482,0.485,14.748,0.627,15.982,0.146,0.003
Vietnam,1997,VNM,74226890.0,188059193812.0,80.474,31.164,19.526,19.526,2262.23,0.893,45.502,0.613,21.528,1.14,18.398,0.187,0.003
Vietnam,1998,VNM,75299665.0,198278284704.0,82.842,30.86,17.158,17.158,2411.832,0.916,47.866,0.636,21.682,1.898,19.044,0.197,0.003
Vietnam,1999,VNM,76287454.0,207067165620.0,79.383,22.358,20.617,20.617,2465.005,0.908,48.548,0.636,20.031,2.158,20.236,0.195,0.004
Vietnam,2000,VNM,77154016.0,220383060780.0,80.893,25.78,19.107,19.107,2775.604,0.972,53.935,0.699,20.716,3.063,23.193,0.211,0.004
Vietnam,2001,VNM,77969357.0,234846323475.0,78.939,24.952,21.061,21.061,3104.359,1.031,60.983,0.782,24.953,2.565,25.562,0.237,0.004
Vietnam,2002,VNM,78772227.0,250683369279.0,80.934,26.027,19.066,19.066,3361.023,1.056,69.531,0.883,27.491,4.1,28.638,0.265,0.004
Vietnam,2003,VNM,79563778.0,268202912195.0,81.655,28.098,18.345,18.345,3586.163,1.064,77.261,0.971,31.976,5.207,29.499,0.279,0.004
Vietnam,2004,VNM,80338977.0,288148996981.0,85.992,30.124,14.008,14.008,4328.84,1.207,88.939,1.107,34.792,8.76,33.891,0.311,0.004
Vietnam,2005,VNM,81088309.0,308988652738.0,87.842,29.638,12.158,12.158,4560.353,1.197,95.842,1.182,39.458,9.394,33.855,0.324,0.004
Vietnam,2006,VNM,82167901.0,329425429734.0,84.234,19.851,15.766,15.766,4125.312,1.029,99.656,1.213,42.744,11.212,32.415,0.326,0.004
Vietnam,2007,VNM,83633374.0,351786434406.0,83.651,19.897,16.349,16.349,4427.346,1.053,101.433,1.213,36.464,12.48,37.358,0.322,0.004
Vietnam,2008,VNM,85175789.0,370681828207.0,84.818,30.538,15.182,15.182,5367.823,1.233,114.3,1.342,43.641,13.901,40.42,0.357,0.004
Vietnam,2009,VNM,86460023.0,389670892896.0,82.946,28.039,17.054,17.054,5409.73,1.2,124.493,1.44,45.489,15.374,43.341,0.395,0.004
Vietnam,2010,VNM,87455148.0,413666257649.0,86.069,31.618,13.931,13.931,6177.169,1.306,139.564,1.596,47.463,18.049,49.303,0.419,0.005
Vietnam,2011,VNM,88468315.0,438354712953.0,81.921,34.175,18.079,18.079,6749.783,1.362,152.564,1.725,59.551,16.279,47.178,0.442,0.005
Vietnam,2012,VNM,89510355.0,462486159336.0,77.512,30.579,22.488,22.488,6938.164,1.343,144.288,1.612,52.315,17.957,44.21,0.413,0.005
Vietnam,2013,VNM,90573103.0,488172621311.0,77.065,30.936,22.935,22.935,7244.138,1.344,151.459,1.672,56.561,18.719,43.909,0.429,0.005
Vietnam,2014,VNM,91679582.0,519523061605.0,77.779,33.862,22.221,22.221,7894.68,1.393,180.048,1.964,78.149,19.599,47.698,0.508,0.005
Vietnam,2015,VNM,92823254.0,555822142751.0,82.203,38.074,17.797,17.797,8731.432,1.458,213.391,2.299,97.898,20.463,58.913,0.603,0.005
Vietnam,2016,VNM,94000115.0,593006635951.0,81.347,38.122,18.653,18.653,9326.302,1.478,221.027,2.351,106.905,20.368,55.367,0.624,0.005
Vietnam,2017,VNM,95176978.0,634161327073.0,76.883,35.244,23.117,23.117,9981.674,1.498,227.694,2.392,108.302,17.876,57.048,0.633,0.006
Vietnam,2018,VNM,96237319.0,681501440291.0,80.345,41.243,19.655,19.655,11210.952,1.583,255.468,2.655,122.273,18.555,63.63,0.695,0.006
Vietnam,2019,VNM,97173778.0,731653148132.0,85.086,48.525,14.914,14.914,12433.123,1.651,339.312,3.492,191.609,18.906,70.807,0.915,0.006
Vietnam,2020,VNM,98079196.0,752629620043.0,82.724,50.168,17.276,17.276,12527.92,1.633,362.599,3.697,215.96,16.931,68.385,1.031,0.006
Vietnam,2021,VNM,98935101.0,771912038182.0,77.84,48.0,22.16,22.16,12365.529,1.585,314.197,3.176,172.613,14.436,64.083,0.852,0.006
Vietnam,2022,VNM,99680656.0,833803909046.0,74.688,42.1,25.312,25.312,12976.387,1.551,322.653,3.237,177.248,15.51,72.805,0.86,0.007
